📡 拉取 Binance 24h 行情…
✅ 获取 50 个币种数据
✅ 生成 50 个币页 + index.html + sitemap.xml + llms.txt + robots.txt → /root/deepseek/work/crypto-site/public
📏 答案块词数抽查 (XLM): 158 词 (目标 134-167)
[main c9a11d1] refresh 2026-09-02-19:56
 106 files changed, 1158 insertions(+), 1142 deletions(-)
 create mode 100644 refresh.log
 create mode 100755 refresh_job.sh
To https://github.com/lumingze-56/cryptodata-site.git
   d8acbc0..c9a11d1  main -> main
[2026-09-02 19:56 UTC] refresh done
📡 拉取 Binance 24h 行情…
✅ 获取 50 个币种数据
✅ 生成 50 个币页 + 2 个对比页 + index/sitemap/llms/robots/IndexNow → /root/deepseek/work/crypto-site/public
📏 答案块词数抽查 (ZEC): 158 词 (目标 134-167)
[main b269f13] refresh 2026-09-02-20:01
 118 files changed, 1711 insertions(+), 1236 deletions(-)
 create mode 100644 compare/binance-vs-bybit.html
 create mode 100644 compare/binance-vs-okx.html
 create mode 100644 crontab.bak
 create mode 100644 indexnow-5f8a2c91e4b34d7f9c6e0d1a2b3c4d5e.txt
 create mode 100644 indexnow.key
 create mode 100644 public/compare/binance-vs-bybit.html
 create mode 100644 public/compare/binance-vs-okx.html
 create mode 100644 public/indexnow-5f8a2c91e4b34d7f9c6e0d1a2b3c4d5e.txt
 create mode 100644 public/indexnow.key
To https://github.com/lumingze-56/cryptodata-site.git
   c9a11d1..b269f13  main -> main
[2026-09-02 20:01 UTC] refresh done
📡 拉取 Binance 24h 行情…
✅ 获取 50 个币种数据
✅ 生成 50 个币页 + 2 个对比页 + index/sitemap/llms/robots/IndexNow → /root/deepseek/work/crypto-site/public
📏 答案块词数抽查 (LTC): 158 词 (目标 134-167)
[main e35dcd3] refresh 2026-09-02-20:03
 106 files changed, 1240 insertions(+), 1216 deletions(-)
To https://github.com/lumingze-56/cryptodata-site.git
   b269f13..e35dcd3  main -> main
indexnow HTTP 200
[2026-09-02 20:03 UTC] refresh done
📡 拉取 Binance 24h 行情…
✅ 获取 50 个币种数据
✅ 生成 50 个币页 + 2 个对比页 + index/sitemap/llms/robots/IndexNow → /root/deepseek/work/crypto-site/public
📏 答案块词数抽查 (SUI): 158 词 (目标 134-167)
[main 0e1859f] refresh 2026-09-02-20:07
 107 files changed, 1256 insertions(+), 1246 deletions(-)
To https://github.com/lumingze-56/cryptodata-site.git
   e35dcd3..0e1859f  main -> main
indexnow HTTP 200
[2026-09-02 20:07 UTC] refresh done
📡 拉取 Binance 24h 行情…
✅ 获取 50 个币种数据
✅ 生成 50 个币页 + 2 个对比页 + index/sitemap/llms/robots/IndexNow → /root/deepseek/work/crypto-site/public
📏 答案块词数抽查 (FIL): 158 词 (目标 134-167)
[main 0c037f4] refresh 2026-09-02-20:08
 112 files changed, 1353 insertions(+), 1226 deletions(-)
 create mode 100644 googlea70d9f982413021c.html
 create mode 100644 public/googlea70d9f982413021c.html
To https://github.com/lumingze-56/cryptodata-site.git
   0e1859f..0c037f4  main -> main
indexnow HTTP 200
[2026-09-02 20:08 UTC] refresh done
📡 拉取 Binance 24h 行情…
✅ 获取 50 个币种数据
✅ 生成 50 个币页 + 2 个对比页 + index/sitemap/llms/robots/IndexNow → /root/deepseek/work/crypto-site/public
📏 答案块词数抽查 (SUI): 158 词 (目标 134-167)
[main b0bcbe2] refresh 2026-09-02-20:13
 114 files changed, 1464 insertions(+), 1352 deletions(-)
 create mode 100644 coin/pyth.html
 delete mode 100644 googlea70d9f982413021c.html
 create mode 100644 public/coin/pyth.html
 delete mode 100644 public/googlea70d9f982413021c.html
To https://github.com/lumingze-56/cryptodata-site.git
   0c037f4..b0bcbe2  main -> main
indexnow HTTP 200
[2026-09-02 20:13 UTC] refresh done
📡 拉取 Binance 24h 行情…
✅ 获取 50 个币种数据
✅ 生成 50 个币页 + 2 个对比页 + index/sitemap/llms/robots/IndexNow → /root/deepseek/work/crypto-site/public
📏 答案块词数抽查 (BMT): 156 词 (目标 134-167)
[main d6cd38e] refresh 2026-09-02-21:07
 107 files changed, 1344 insertions(+), 1330 deletions(-)
To https://github.com/lumingze-56/cryptodata-site.git
   b0bcbe2..d6cd38e  main -> main
indexnow HTTP 200
[2026-09-02 21:07 UTC] refresh done
📡 拉取 Binance 24h 行情…
✅ 获取 50 个币种数据
✅ 生成 50 个币页 + 2 个对比页 + index/sitemap/llms/robots/IndexNow → /root/deepseek/work/crypto-site/public
📏 答案块词数抽查 (ROBO): 156 词 (目标 134-167)
[main 4acb93f] refresh 2026-09-02-22:07
 107 files changed, 1418 insertions(+), 1304 deletions(-)
 create mode 100644 coin/apt.html
 create mode 100644 public/coin/apt.html
To https://github.com/lumingze-56/cryptodata-site.git
   d6cd38e..4acb93f  main -> main
indexnow HTTP 200
[2026-09-02 22:07 UTC] refresh done
📡 拉取 Binance 24h 行情…
✅ 获取 50 个币种数据
✅ 生成 50 个币页 + 2 个对比页 + index/sitemap/llms/robots/IndexNow → /root/deepseek/work/crypto-site/public
📏 答案块词数抽查 (SOXLB): 158 词 (目标 134-167)
[main 1502dbb] refresh 2026-09-02-23:07
 107 files changed, 1354 insertions(+), 1342 deletions(-)
To https://github.com/lumingze-56/cryptodata-site.git
   4acb93f..1502dbb  main -> main
indexnow HTTP 200
[2026-09-02 23:07 UTC] refresh done
📡 拉取 Binance 24h 行情…
✅ 获取 50 个币种数据
✅ 生成 50 个币页 + 2 个对比页 + index/sitemap/llms/robots/IndexNow → /root/deepseek/work/crypto-site/public
📏 答案块词数抽查 (MSTRB): 158 词 (目标 134-167)
[main 183f232] refresh 2026-09-03-00:07
 107 files changed, 1354 insertions(+), 1344 deletions(-)
To https://github.com/lumingze-56/cryptodata-site.git
   1502dbb..183f232  main -> main
indexnow HTTP 200
[2026-09-03 00:07 UTC] refresh done
📡 拉取 Binance 24h 行情…
✅ 获取 50 个币种数据
✅ 生成 50 个币页 + 2 个对比页 + index/sitemap/llms/robots/IndexNow → /root/deepseek/work/crypto-site/public
📏 答案块词数抽查 (TON): 158 词 (目标 134-167)
[main 7f0d0e5] refresh 2026-09-03-01:07
 107 files changed, 1432 insertions(+), 1318 deletions(-)
 create mode 100644 coin/egld.html
 create mode 100644 public/coin/egld.html
To https://github.com/lumingze-56/cryptodata-site.git
   183f232..7f0d0e5  main -> main
indexnow HTTP 200
[2026-09-03 01:07 UTC] refresh done
📡 拉取 Binance 24h 行情…
✅ 获取 50 个币种数据
✅ 生成 50 个币页 + 2 个对比页 + index/sitemap/llms/robots/IndexNow → /root/deepseek/work/crypto-site/public
📏 答案块词数抽查 (ENSO): 158 词 (目标 134-167)
[main 6f759ff] refresh 2026-09-03-05:07
 107 files changed, 1620 insertions(+), 1400 deletions(-)
 create mode 100644 coin/kite.html
 create mode 100644 coin/ondo.html
 create mode 100644 public/coin/kite.html
 create mode 100644 public/coin/ondo.html
To https://github.com/lumingze-56/cryptodata-site.git
   7f0d0e5..6f759ff  main -> main
indexnow HTTP 200
[2026-09-03 05:07 UTC] refresh done
📡 拉取 Binance 24h 行情…
✅ 获取 50 个币种数据
✅ 生成 50 个币页 + 2 个对比页 + index/sitemap/llms/robots/IndexNow → /root/deepseek/work/crypto-site/public
📏 答案块词数抽查 (UNI): 156 词 (目标 134-167)
[main 95aba05] refresh 2026-09-03-16:07
 107 files changed, 2130 insertions(+), 1388 deletions(-)
 create mode 100644 coin/ar.html
 create mode 100644 coin/bch.html
 create mode 100644 coin/cake.html
 create mode 100644 coin/hbar.html
 create mode 100644 coin/pengu.html
 create mode 100644 coin/spcxb.html
 create mode 100644 coin/zkp.html
 create mode 100644 public/coin/ar.html
 create mode 100644 public/coin/bch.html
 create mode 100644 public/coin/cake.html
 create mode 100644 public/coin/hbar.html
 create mode 100644 public/coin/pengu.html
 create mode 100644 public/coin/spcxb.html
 create mode 100644 public/coin/zkp.html
To https://github.com/lumingze-56/cryptodata-site.git
   6f759ff..95aba05  main -> main
indexnow HTTP 200
[2026-09-03 16:07 UTC] refresh done
📡 拉取 Binance 24h 行情…
✅ 获取 50 个币种数据
✅ 生成 50 个币页 + 2 个对比页 + index/sitemap/llms/robots/IndexNow → /root/deepseek/work/crypto-site/public
📏 答案块词数抽查 (BMT): 156 词 (目标 134-167)
[main 321f82b] refresh 2026-09-03-17:07
 107 files changed, 1414 insertions(+), 1390 deletions(-)
To https://github.com/lumingze-56/cryptodata-site.git
   95aba05..321f82b  main -> main
indexnow HTTP 200
[2026-09-03 17:07 UTC] refresh done
📡 拉取 Binance 24h 行情…
✅ 获取 50 个币种数据
✅ 生成 50 个币页 + 2 个对比页 + index/sitemap/llms/robots/IndexNow → /root/deepseek/work/crypto-site/public
📏 答案块词数抽查 (SPCXB): 156 词 (目标 134-167)
[main c92a85d] refresh 2026-09-03-18:07
 107 files changed, 1428 insertions(+), 1418 deletions(-)
To https://github.com/lumingze-56/cryptodata-site.git
   321f82b..c92a85d  main -> main
indexnow HTTP 200
[2026-09-03 18:07 UTC] refresh done
📡 拉取 Binance 24h 行情…
✅ 获取 50 个币种数据
✅ 生成 50 个币页 + 2 个对比页 + index/sitemap/llms/robots/IndexNow → /root/deepseek/work/crypto-site/public
📏 答案块词数抽查 (UNI): 156 词 (目标 134-167)
[main 234092a] refresh 2026-09-03-19:07
 107 files changed, 1408 insertions(+), 1398 deletions(-)
To https://github.com/lumingze-56/cryptodata-site.git
   c92a85d..234092a  main -> main
indexnow HTTP 200
[2026-09-03 19:07 UTC] refresh done
📡 拉取 Binance 24h 行情…
✅ 获取 50 个币种数据
✅ 生成 50 个币页 + 2 个对比页 + index/sitemap/llms/robots/IndexNow → /root/deepseek/work/crypto-site/public
📏 答案块词数抽查 (BCH): 158 词 (目标 134-167)
[main 1de49d5] refresh 2026-09-03-20:07
 107 files changed, 1386 insertions(+), 1376 deletions(-)
To https://github.com/lumingze-56/cryptodata-site.git
   234092a..1de49d5  main -> main
indexnow HTTP 200
[2026-09-03 20:07 UTC] refresh done
📡 拉取 Binance 24h 行情…
✅ 获取 50 个币种数据
✅ 生成 50 个币页 + 2 个对比页 + index/sitemap/llms/robots/IndexNow → /root/deepseek/work/crypto-site/public
📏 答案块词数抽查 (WLD): 156 词 (目标 134-167)
[main 7cf6437] refresh 2026-09-03-21:07
 107 files changed, 1384 insertions(+), 1372 deletions(-)
To https://github.com/lumingze-56/cryptodata-site.git
   1de49d5..7cf6437  main -> main
indexnow HTTP 200
[2026-09-03 21:07 UTC] refresh done
📡 拉取 Binance 24h 行情…
✅ 获取 50 个币种数据
✅ 生成 50 个币页 + 2 个对比页 + index/sitemap/llms/robots/IndexNow → /root/deepseek/work/crypto-site/public
📏 答案块词数抽查 (ENA): 156 词 (目标 134-167)
[main b86d113] refresh 2026-09-03-22:07
 107 files changed, 1386 insertions(+), 1376 deletions(-)
To https://github.com/lumingze-56/cryptodata-site.git
   7cf6437..b86d113  main -> main
indexnow HTTP 200
[2026-09-03 22:07 UTC] refresh done
📡 拉取 Binance 24h 行情…
✅ 获取 50 个币种数据
✅ 生成 50 个币页 + 2 个对比页 + index/sitemap/llms/robots/IndexNow → /root/deepseek/work/crypto-site/public
📏 答案块词数抽查 (DOGE): 156 词 (目标 134-167)
[main 6bf0534] refresh 2026-09-03-23:07
 107 files changed, 1388 insertions(+), 1378 deletions(-)
To https://github.com/lumingze-56/cryptodata-site.git
   b86d113..6bf0534  main -> main
indexnow HTTP 200
[2026-09-03 23:07 UTC] refresh done
📡 拉取 Binance 24h 行情…
✅ 获取 50 个币种数据
✅ 生成 50 个币页 + 2 个对比页 + index/sitemap/llms/robots/IndexNow → /root/deepseek/work/crypto-site/public
📏 答案块词数抽查 (APT): 158 词 (目标 134-167)
[main 0e0bc49] refresh 2026-09-04-00:07
 107 files changed, 1422 insertions(+), 1308 deletions(-)
 create mode 100644 coin/zro.html
 create mode 100644 public/coin/zro.html
To https://github.com/lumingze-56/cryptodata-site.git
   6bf0534..0e0bc49  main -> main
indexnow HTTP 200
[2026-09-04 00:07 UTC] refresh done
📡 拉取 Binance 24h 行情…
✅ 获取 50 个币种数据
✅ 生成 50 个币页 + 2 个对比页 + index/sitemap/llms/robots/IndexNow → /root/deepseek/work/crypto-site/public
📏 答案块词数抽查 (ONDO): 156 词 (目标 134-167)
[main 13a15a6] refresh 2026-09-04-01:07
 107 files changed, 1444 insertions(+), 1432 deletions(-)
To https://github.com/lumingze-56/cryptodata-site.git
   0e0bc49..13a15a6  main -> main
indexnow HTTP 200
[2026-09-04 01:07 UTC] refresh done
📡 拉取 Binance 24h 行情…
✅ 获取 50 个币种数据
✅ 生成 50 个币页 + 2 个对比页 + index/sitemap/llms/robots/IndexNow → /root/deepseek/work/crypto-site/public
📏 答案块词数抽查 (DASH): 156 词 (目标 134-167)
[main da3caa3] refresh 2026-09-04-02:07
 107 files changed, 1484 insertions(+), 1370 deletions(-)
 create mode 100644 coin/portal.html
 create mode 100644 public/coin/portal.html
To https://github.com/lumingze-56/cryptodata-site.git
   13a15a6..da3caa3  main -> main
indexnow HTTP 200
[2026-09-04 02:07 UTC] refresh done
📡 拉取 Binance 24h 行情…
✅ 获取 50 个币种数据
✅ 生成 50 个币页 + 2 个对比页 + index/sitemap/llms/robots/IndexNow → /root/deepseek/work/crypto-site/public
📏 答案块词数抽查 (ENSO): 158 词 (目标 134-167)
[main ddc563d] refresh 2026-09-04-03:07
 107 files changed, 1474 insertions(+), 1358 deletions(-)
 create mode 100644 coin/zkc.html
 create mode 100644 public/coin/zkc.html
To https://github.com/lumingze-56/cryptodata-site.git
   da3caa3..ddc563d  main -> main
indexnow HTTP 200
[2026-09-04 03:07 UTC] refresh done
📡 拉取 Binance 24h 行情…
✅ 获取 50 个币种数据
✅ 生成 50 个币页 + 2 个对比页 + index/sitemap/llms/robots/IndexNow → /root/deepseek/work/crypto-site/public
📏 答案块词数抽查 (TRUMP): 156 词 (目标 134-167)
[main 4a02ccf] refresh 2026-09-04-04:07
 107 files changed, 1376 insertions(+), 1364 deletions(-)
To https://github.com/lumingze-56/cryptodata-site.git
   ddc563d..4a02ccf  main -> main
indexnow HTTP 200
[2026-09-04 04:07 UTC] refresh done
📡 拉取 Binance 24h 行情…
✅ 获取 50 个币种数据
✅ 生成 50 个币页 + 2 个对比页 + index/sitemap/llms/robots/IndexNow → /root/deepseek/work/crypto-site/public
📏 答案块词数抽查 (ZKP): 158 词 (目标 134-167)
[main fee5697] refresh 2026-09-04-05:07
 107 files changed, 1362 insertions(+), 1352 deletions(-)
To https://github.com/lumingze-56/cryptodata-site.git
   4a02ccf..fee5697  main -> main
indexnow HTTP 200
[2026-09-04 05:07 UTC] refresh done
📡 拉取 Binance 24h 行情…
✅ 获取 50 个币种数据
✅ 生成 50 个币页 + 2 个对比页 + index/sitemap/llms/robots/IndexNow → /root/deepseek/work/crypto-site/public
📏 答案块词数抽查 (FET): 158 词 (目标 134-167)
[main f23942f] refresh 2026-09-04-06:07
 107 files changed, 1424 insertions(+), 1414 deletions(-)
To https://github.com/lumingze-56/cryptodata-site.git
   fee5697..f23942f  main -> main
indexnow HTTP 200
[2026-09-04 06:07 UTC] refresh done
📡 拉取 Binance 24h 行情…
✅ 获取 50 个币种数据
✅ 生成 50 个币页 + 2 个对比页 + index/sitemap/llms/robots/IndexNow → /root/deepseek/work/crypto-site/public
📏 答案块词数抽查 (BCH): 158 词 (目标 134-167)
[main 404962f] refresh 2026-09-04-07:07
 107 files changed, 1366 insertions(+), 1356 deletions(-)
To https://github.com/lumingze-56/cryptodata-site.git
   f23942f..404962f  main -> main
indexnow HTTP 200
[2026-09-04 07:07 UTC] refresh done
📡 拉取 Binance 24h 行情…
✅ 获取 50 个币种数据
✅ 生成 50 个币页 + 2 个对比页 + index/sitemap/llms/robots/IndexNow → /root/deepseek/work/crypto-site/public
📏 答案块词数抽查 (ARB): 158 词 (目标 134-167)
[main 6f192b5] refresh 2026-09-04-08:07
 107 files changed, 1470 insertions(+), 1356 deletions(-)
 create mode 100644 coin/zen.html
 create mode 100644 public/coin/zen.html
To https://github.com/lumingze-56/cryptodata-site.git
   404962f..6f192b5  main -> main
indexnow HTTP 200
[2026-09-04 08:07 UTC] refresh done
📡 拉取 Binance 24h 行情…
✅ 获取 50 个币种数据
✅ 生成 50 个币页 + 2 个对比页 + index/sitemap/llms/robots/IndexNow → /root/deepseek/work/crypto-site/public
📏 答案块词数抽查 (CHIP): 156 词 (目标 134-167)
[main f959a94] refresh 2026-09-04-09:07
 107 files changed, 1384 insertions(+), 1372 deletions(-)
To https://github.com/lumingze-56/cryptodata-site.git
   6f192b5..f959a94  main -> main
indexnow HTTP 200
[2026-09-04 09:07 UTC] refresh done
📡 拉取 Binance 24h 行情…
✅ 获取 50 个币种数据
✅ 生成 50 个币页 + 2 个对比页 + index/sitemap/llms/robots/IndexNow → /root/deepseek/work/crypto-site/public
📏 答案块词数抽查 (LTC): 158 词 (目标 134-167)
[main 7482779] refresh 2026-09-04-10:07
 107 files changed, 1380 insertions(+), 1370 deletions(-)
To https://github.com/lumingze-56/cryptodata-site.git
   f959a94..7482779  main -> main
indexnow HTTP 200
[2026-09-04 10:07 UTC] refresh done
📡 拉取 Binance 24h 行情…
✅ 获取 50 个币种数据
✅ 生成 50 个币页 + 2 个对比页 + index/sitemap/llms/robots/IndexNow → /root/deepseek/work/crypto-site/public
📏 答案块词数抽查 (ENA): 156 词 (目标 134-167)
[main a34c530] refresh 2026-09-04-11:07
 107 files changed, 1380 insertions(+), 1370 deletions(-)
To https://github.com/lumingze-56/cryptodata-site.git
   7482779..a34c530  main -> main
indexnow HTTP 200
[2026-09-04 11:07 UTC] refresh done
📡 拉取 Binance 24h 行情…
✅ 获取 50 个币种数据
✅ 生成 50 个币页 + 2 个对比页 + index/sitemap/llms/robots/IndexNow → /root/deepseek/work/crypto-site/public
📏 答案块词数抽查 (ARB): 158 词 (目标 134-167)
[main e888c09] refresh 2026-09-04-12:07
 107 files changed, 1470 insertions(+), 1356 deletions(-)
 create mode 100644 coin/wlfi.html
 create mode 100644 public/coin/wlfi.html
To https://github.com/lumingze-56/cryptodata-site.git
   a34c530..e888c09  main -> main
indexnow HTTP 200
[2026-09-04 12:07 UTC] refresh done
📡 拉取 Binance 24h 行情…
✅ 获取 50 个币种数据
✅ 生成 50 个币页 + 2 个对比页 + index/sitemap/llms/robots/IndexNow → /root/deepseek/work/crypto-site/public
📏 答案块词数抽查 (FET): 158 词 (目标 134-167)
[main 3abbd79] refresh 2026-09-04-13:07
 107 files changed, 1446 insertions(+), 1434 deletions(-)
To https://github.com/lumingze-56/cryptodata-site.git
   e888c09..3abbd79  main -> main
indexnow HTTP 200
[2026-09-04 13:07 UTC] refresh done
📡 拉取 Binance 24h 行情…
✅ 获取 50 个币种数据
✅ 生成 50 个币页 + 2 个对比页 + index/sitemap/llms/robots/IndexNow → /root/deepseek/work/crypto-site/public
📏 答案块词数抽查 (ASTER): 158 词 (目标 134-167)
[main e958f49] refresh 2026-09-04-14:07
 107 files changed, 1470 insertions(+), 1356 deletions(-)
 create mode 100644 coin/marscoin.html
 create mode 100644 public/coin/marscoin.html
To https://github.com/lumingze-56/cryptodata-site.git
   3abbd79..e958f49  main -> main
indexnow HTTP 200
[2026-09-04 14:07 UTC] refresh done
📡 拉取 Binance 24h 行情…
✅ 获取 50 个币种数据
✅ 生成 50 个币页 + 2 个对比页 + index/sitemap/llms/robots/IndexNow → /root/deepseek/work/crypto-site/public
📏 答案块词数抽查 (ZEC): 156 词 (目标 134-167)
[main 7fe7d35] refresh 2026-09-04-15:07
 107 files changed, 1432 insertions(+), 1420 deletions(-)
To https://github.com/lumingze-56/cryptodata-site.git
   e958f49..7fe7d35  main -> main
indexnow HTTP 200
[2026-09-04 15:07 UTC] refresh done
📡 拉取 Binance 24h 行情…
✅ 获取 50 个币种数据
✅ 生成 50 个币页 + 2 个对比页 + index/sitemap/llms/robots/IndexNow → /root/deepseek/work/crypto-site/public
📏 答案块词数抽查 (FET): 156 词 (目标 134-167)
[main e47ee6d] refresh 2026-09-04-16:07
 107 files changed, 1386 insertions(+), 1376 deletions(-)
To https://github.com/lumingze-56/cryptodata-site.git
   7fe7d35..e47ee6d  main -> main
indexnow HTTP 200
[2026-09-04 16:07 UTC] refresh done
📡 拉取 Binance 24h 行情…
✅ 获取 50 个币种数据
✅ 生成 50 个币页 + 2 个对比页 + index/sitemap/llms/robots/IndexNow → /root/deepseek/work/crypto-site/public
📏 答案块词数抽查 (SPCXB): 158 词 (目标 134-167)
[main 4e9a2fb] refresh 2026-09-04-17:07
 107 files changed, 1468 insertions(+), 1354 deletions(-)
 create mode 100644 coin/mub.html
 create mode 100644 public/coin/mub.html
To https://github.com/lumingze-56/cryptodata-site.git
   e47ee6d..4e9a2fb  main -> main
indexnow HTTP 200
[2026-09-04 17:07 UTC] refresh done
📡 拉取 Binance 24h 行情…
✅ 获取 50 个币种数据
✅ 生成 50 个币页 + 2 个对比页 + index/sitemap/llms/robots/IndexNow → /root/deepseek/work/crypto-site/public
📏 答案块词数抽查 (SUI): 156 词 (目标 134-167)
[main 070abbe] refresh 2026-09-04-18:07
 107 files changed, 1374 insertions(+), 1362 deletions(-)
To https://github.com/lumingze-56/cryptodata-site.git
   4e9a2fb..070abbe  main -> main
indexnow HTTP 200
[2026-09-04 18:07 UTC] refresh done
📡 拉取 Binance 24h 行情…
✅ 获取 50 个币种数据
✅ 生成 50 个币页 + 2 个对比页 + index/sitemap/llms/robots/IndexNow → /root/deepseek/work/crypto-site/public
📏 答案块词数抽查 (ETH): 158 词 (目标 134-167)
[main b51c843] refresh 2026-09-04-19:07
 107 files changed, 1374 insertions(+), 1364 deletions(-)
To https://github.com/lumingze-56/cryptodata-site.git
   070abbe..b51c843  main -> main
indexnow HTTP 200
[2026-09-04 19:07 UTC] refresh done
📡 拉取 Binance 24h 行情…
✅ 获取 50 个币种数据
✅ 生成 50 个币页 + 2 个对比页 + index/sitemap/llms/robots/IndexNow → /root/deepseek/work/crypto-site/public
📏 答案块词数抽查 (LTC): 158 词 (目标 134-167)
[main 4a98e25] refresh 2026-09-04-20:07
 107 files changed, 1456 insertions(+), 1342 deletions(-)
 create mode 100644 coin/skhyb.html
 create mode 100644 public/coin/skhyb.html
To https://github.com/lumingze-56/cryptodata-site.git
   b51c843..4a98e25  main -> main
indexnow HTTP 200
[2026-09-04 20:07 UTC] refresh done
📡 拉取 Binance 24h 行情…
✅ 获取 50 个币种数据
✅ 生成 50 个币页 + 2 个对比页 + index/sitemap/llms/robots/IndexNow → /root/deepseek/work/crypto-site/public
📏 答案块词数抽查 (ASTER): 158 词 (目标 134-167)
[main 7df202d] refresh 2026-09-04-21:07
 107 files changed, 1346 insertions(+), 1334 deletions(-)
To https://github.com/lumingze-56/cryptodata-site.git
   4a98e25..7df202d  main -> main
indexnow HTTP 200
[2026-09-04 21:07 UTC] refresh done
📡 拉取 Binance 24h 行情…
✅ 获取 50 个币种数据
✅ 生成 50 个币页 + 2 个对比页 + index/sitemap/llms/robots/IndexNow → /root/deepseek/work/crypto-site/public
📏 答案块词数抽查 (PENGU): 156 词 (目标 134-167)
[main a73baa5] refresh 2026-09-04-22:07
 107 files changed, 1388 insertions(+), 1378 deletions(-)
To https://github.com/lumingze-56/cryptodata-site.git
   7df202d..a73baa5  main -> main
indexnow HTTP 200
[2026-09-04 22:07 UTC] refresh done
📡 拉取 Binance 24h 行情…
✅ 获取 50 个币种数据
✅ 生成 50 个币页 + 2 个对比页 + index/sitemap/llms/robots/IndexNow → /root/deepseek/work/crypto-site/public
📏 答案块词数抽查 (UNI): 156 词 (目标 134-167)
[main 9197fdc] refresh 2026-09-04-23:07
 107 files changed, 1364 insertions(+), 1354 deletions(-)
To https://github.com/lumingze-56/cryptodata-site.git
   a73baa5..9197fdc  main -> main
indexnow HTTP 200
[2026-09-04 23:07 UTC] refresh done
📡 拉取 Binance 24h 行情…
✅ 获取 50 个币种数据
✅ 生成 50 个币页 + 2 个对比页 + index/sitemap/llms/robots/IndexNow → /root/deepseek/work/crypto-site/public
📏 答案块词数抽查 (LINK): 158 词 (目标 134-167)
[main b3a3764] refresh 2026-09-05-00:07
 107 files changed, 1350 insertions(+), 1340 deletions(-)
To https://github.com/lumingze-56/cryptodata-site.git
   9197fdc..b3a3764  main -> main
indexnow HTTP 200
[2026-09-05 00:07 UTC] refresh done
📡 拉取 Binance 24h 行情…
✅ 获取 50 个币种数据
✅ 生成 50 个币页 + 2 个对比页 + index/sitemap/llms/robots/IndexNow → /root/deepseek/work/crypto-site/public
📏 答案块词数抽查 (BCH): 158 词 (目标 134-167)
[main 78bc54c] refresh 2026-09-05-01:07
 107 files changed, 1380 insertions(+), 1370 deletions(-)
To https://github.com/lumingze-56/cryptodata-site.git
   b3a3764..78bc54c  main -> main
indexnow HTTP 200
[2026-09-05 01:07 UTC] refresh done
📡 拉取 Binance 24h 行情…
✅ 获取 50 个币种数据
✅ 生成 50 个币页 + 2 个对比页 + index/sitemap/llms/robots/IndexNow → /root/deepseek/work/crypto-site/public
📏 答案块词数抽查 (WLD): 158 词 (目标 134-167)
[main f483775] refresh 2026-09-05-02:07
 107 files changed, 1452 insertions(+), 1338 deletions(-)
 create mode 100644 coin/sahara.html
 create mode 100644 public/coin/sahara.html
To https://github.com/lumingze-56/cryptodata-site.git
   78bc54c..f483775  main -> main
indexnow HTTP 200
[2026-09-05 02:07 UTC] refresh done
📡 拉取 Binance 24h 行情…
✅ 获取 50 个币种数据
✅ 生成 50 个币页 + 2 个对比页 + index/sitemap/llms/robots/IndexNow → /root/deepseek/work/crypto-site/public
📏 答案块词数抽查 (XRP): 156 词 (目标 134-167)
[main a5a0b6f] refresh 2026-09-05-03:07
 107 files changed, 1468 insertions(+), 1352 deletions(-)
 create mode 100644 coin/giggle.html
 create mode 100644 public/coin/giggle.html
To https://github.com/lumingze-56/cryptodata-site.git
   f483775..a5a0b6f  main -> main
indexnow HTTP 200
[2026-09-05 03:07 UTC] refresh done
📡 拉取 Binance 24h 行情…
✅ 获取 50 个币种数据
✅ 生成 50 个币页 + 2 个对比页 + index/sitemap/llms/robots/IndexNow → /root/deepseek/work/crypto-site/public
📏 答案块词数抽查 (SOL): 158 词 (目标 134-167)
[main 2383f8b] refresh 2026-09-05-04:07
 107 files changed, 1376 insertions(+), 1364 deletions(-)
To https://github.com/lumingze-56/cryptodata-site.git
   a5a0b6f..2383f8b  main -> main
indexnow HTTP 200
[2026-09-05 04:07 UTC] refresh done
📡 拉取 Binance 24h 行情…
✅ 获取 50 个币种数据
✅ 生成 50 个币页 + 2 个对比页 + index/sitemap/llms/robots/IndexNow → /root/deepseek/work/crypto-site/public
📏 答案块词数抽查 (SKHYB): 156 词 (目标 134-167)
[main 762c4fd] refresh 2026-09-05-05:07
 107 files changed, 1376 insertions(+), 1366 deletions(-)
To https://github.com/lumingze-56/cryptodata-site.git
   2383f8b..762c4fd  main -> main
indexnow HTTP 200
[2026-09-05 05:07 UTC] refresh done
📡 拉取 Binance 24h 行情…
✅ 获取 50 个币种数据
✅ 生成 50 个币页 + 2 个对比页 + index/sitemap/llms/robots/IndexNow → /root/deepseek/work/crypto-site/public
📏 答案块词数抽查 (ENSO): 158 词 (目标 134-167)
[main 230a121] refresh 2026-09-05-06:07
 107 files changed, 1472 insertions(+), 1358 deletions(-)
 create mode 100644 coin/nom.html
 create mode 100644 public/coin/nom.html
To https://github.com/lumingze-56/cryptodata-site.git
   762c4fd..230a121  main -> main
indexnow HTTP 200
[2026-09-05 06:07 UTC] refresh done
📡 拉取 Binance 24h 行情…
✅ 获取 50 个币种数据
✅ 生成 50 个币页 + 2 个对比页 + index/sitemap/llms/robots/IndexNow → /root/deepseek/work/crypto-site/public
📏 答案块词数抽查 (XPL): 158 词 (目标 134-167)
[main 91e389a] refresh 2026-09-05-07:07
 107 files changed, 1386 insertions(+), 1374 deletions(-)
To https://github.com/lumingze-56/cryptodata-site.git
   230a121..91e389a  main -> main
indexnow HTTP 200
[2026-09-05 07:07 UTC] refresh done
📡 拉取 Binance 24h 行情…
✅ 获取 50 个币种数据
✅ 生成 50 个币页 + 2 个对比页 + index/sitemap/llms/robots/IndexNow → /root/deepseek/work/crypto-site/public
📏 答案块词数抽查 (AVAX): 158 词 (目标 134-167)
[main 8775b78] refresh 2026-09-05-08:07
 107 files changed, 1370 insertions(+), 1360 deletions(-)
To https://github.com/lumingze-56/cryptodata-site.git
   91e389a..8775b78  main -> main
indexnow HTTP 200
[2026-09-05 08:07 UTC] refresh done
📡 拉取 Binance 24h 行情…
✅ 获取 50 个币种数据
✅ 生成 50 个币页 + 2 个对比页 + index/sitemap/llms/robots/IndexNow → /root/deepseek/work/crypto-site/public
📏 答案块词数抽查 (MARSCOIN): 156 词 (目标 134-167)
[main f92a396] refresh 2026-09-05-09:07
 107 files changed, 1378 insertions(+), 1368 deletions(-)
To https://github.com/lumingze-56/cryptodata-site.git
   8775b78..f92a396  main -> main
indexnow HTTP 200
[2026-09-05 09:07 UTC] refresh done
📡 拉取 Binance 24h 行情…
✅ 获取 50 个币种数据
✅ 生成 50 个币页 + 2 个对比页 + index/sitemap/llms/robots/IndexNow → /root/deepseek/work/crypto-site/public
📏 答案块词数抽查 (TUT): 156 词 (目标 134-167)
[main be6da3a] refresh 2026-09-05-10:07
 107 files changed, 1400 insertions(+), 1390 deletions(-)
To https://github.com/lumingze-56/cryptodata-site.git
   f92a396..be6da3a  main -> main
indexnow HTTP 200
[2026-09-05 10:07 UTC] refresh done
📡 拉取 Binance 24h 行情…
✅ 获取 50 个币种数据
✅ 生成 50 个币页 + 2 个对比页 + index/sitemap/llms/robots/IndexNow → /root/deepseek/work/crypto-site/public
📏 答案块词数抽查 (SAHARA): 158 词 (目标 134-167)
[main f691c92] refresh 2026-09-05-11:07
 107 files changed, 1362 insertions(+), 1352 deletions(-)
To https://github.com/lumingze-56/cryptodata-site.git
   be6da3a..f691c92  main -> main
indexnow HTTP 200
[2026-09-05 11:07 UTC] refresh done
📡 拉取 Binance 24h 行情…
✅ 获取 50 个币种数据
✅ 生成 50 个币页 + 2 个对比页 + index/sitemap/llms/robots/IndexNow → /root/deepseek/work/crypto-site/public
📏 答案块词数抽查 (ARB): 158 词 (目标 134-167)
[main dce997f] refresh 2026-09-05-12:07
 107 files changed, 1384 insertions(+), 1374 deletions(-)
To https://github.com/lumingze-56/cryptodata-site.git
   f691c92..dce997f  main -> main
indexnow HTTP 200
[2026-09-05 12:07 UTC] refresh done
📡 拉取 Binance 24h 行情…
✅ 获取 50 个币种数据
✅ 生成 50 个币页 + 2 个对比页 + index/sitemap/llms/robots/IndexNow → /root/deepseek/work/crypto-site/public
📏 答案块词数抽查 (PEPE): 158 词 (目标 134-167)
[main f42a80b] refresh 2026-09-05-13:07
 107 files changed, 1466 insertions(+), 1456 deletions(-)
To https://github.com/lumingze-56/cryptodata-site.git
   dce997f..f42a80b  main -> main
indexnow HTTP 200
[2026-09-05 13:07 UTC] refresh done
📡 拉取 Binance 24h 行情…
✅ 获取 50 个币种数据
✅ 生成 50 个币页 + 2 个对比页 + index/sitemap/llms/robots/IndexNow → /root/deepseek/work/crypto-site/public
📏 答案块词数抽查 (TRX): 158 词 (目标 134-167)
[main 73f4f2a] refresh 2026-09-05-14:07
 107 files changed, 1384 insertions(+), 1374 deletions(-)
To https://github.com/lumingze-56/cryptodata-site.git
   f42a80b..73f4f2a  main -> main
indexnow HTTP 200
[2026-09-05 14:07 UTC] refresh done
📡 拉取 Binance 24h 行情…
✅ 获取 50 个币种数据
✅ 生成 50 个币页 + 2 个对比页 + index/sitemap/llms/robots/IndexNow → /root/deepseek/work/crypto-site/public
📏 答案块词数抽查 (LINK): 158 词 (目标 134-167)
[main 9096c42] refresh 2026-09-05-15:07
 107 files changed, 1428 insertions(+), 1418 deletions(-)
To https://github.com/lumingze-56/cryptodata-site.git
   73f4f2a..9096c42  main -> main
indexnow HTTP 200
[2026-09-05 15:07 UTC] refresh done
📡 拉取 Binance 24h 行情…
✅ 获取 50 个币种数据
✅ 生成 50 个币页 + 2 个对比页 + index/sitemap/llms/robots/IndexNow → /root/deepseek/work/crypto-site/public
📏 答案块词数抽查 (SOL): 158 词 (目标 134-167)
[main d1fd3c5] refresh 2026-09-05-16:07
 107 files changed, 1476 insertions(+), 1362 deletions(-)
 create mode 100644 "coin/\345\270\201\345\256\211\344\272\272\347\224\237.html"
 create mode 100644 "public/coin/\345\270\201\345\256\211\344\272\272\347\224\237.html"
To https://github.com/lumingze-56/cryptodata-site.git
   9096c42..d1fd3c5  main -> main
indexnow HTTP 200
[2026-09-05 16:07 UTC] refresh done
📡 拉取 Binance 24h 行情…
✅ 获取 50 个币种数据
✅ 生成 50 个币页 + 2 个对比页 + index/sitemap/llms/robots/IndexNow → /root/deepseek/work/crypto-site/public
📏 答案块词数抽查 (ENA): 158 词 (目标 134-167)
[main 0b81c12] refresh 2026-09-05-17:07
 107 files changed, 1408 insertions(+), 1396 deletions(-)
To https://github.com/lumingze-56/cryptodata-site.git
   d1fd3c5..0b81c12  main -> main
indexnow HTTP 200
[2026-09-05 17:07 UTC] refresh done
📡 拉取 Binance 24h 行情…
✅ 获取 50 个币种数据
✅ 生成 50 个币页 + 2 个对比页 + index/sitemap/llms/robots/IndexNow → /root/deepseek/work/crypto-site/public
📏 答案块词数抽查 (AVAX): 156 词 (目标 134-167)
[main 3d00585] refresh 2026-09-05-18:07
 107 files changed, 1422 insertions(+), 1412 deletions(-)
To https://github.com/lumingze-56/cryptodata-site.git
   0b81c12..3d00585  main -> main
indexnow HTTP 200
[2026-09-05 18:07 UTC] refresh done
📡 拉取 Binance 24h 行情…
✅ 获取 50 个币种数据
✅ 生成 50 个币页 + 2 个对比页 + index/sitemap/llms/robots/IndexNow → /root/deepseek/work/crypto-site/public
📏 答案块词数抽查 (TRUMP): 156 词 (目标 134-167)
[main 54f6959] refresh 2026-09-05-19:07
 107 files changed, 1456 insertions(+), 1342 deletions(-)
 create mode 100644 coin/1000cat.html
 create mode 100644 public/coin/1000cat.html
To https://github.com/lumingze-56/cryptodata-site.git
   3d00585..54f6959  main -> main
indexnow HTTP 200
[2026-09-05 19:07 UTC] refresh done
📡 拉取 Binance 24h 行情…
✅ 获取 50 个币种数据
✅ 生成 50 个币页 + 2 个对比页 + index/sitemap/llms/robots/IndexNow → /root/deepseek/work/crypto-site/public
📏 答案块词数抽查 (LTC): 156 词 (目标 134-167)
[main dc3b94d] refresh 2026-09-05-20:07
 107 files changed, 1456 insertions(+), 1340 deletions(-)
 create mode 100644 coin/sushi.html
 create mode 100644 public/coin/sushi.html
To https://github.com/lumingze-56/cryptodata-site.git
   54f6959..dc3b94d  main -> main
indexnow HTTP 200
[2026-09-05 20:07 UTC] refresh done
📡 拉取 Binance 24h 行情…
✅ 获取 50 个币种数据
✅ 生成 50 个币页 + 2 个对比页 + index/sitemap/llms/robots/IndexNow → /root/deepseek/work/crypto-site/public
📏 答案块词数抽查 (NEAR): 160 词 (目标 134-167)
[main 17e0fd3] refresh 2026-09-05-21:07
 107 files changed, 1348 insertions(+), 1336 deletions(-)
To https://github.com/lumingze-56/cryptodata-site.git
   dc3b94d..17e0fd3  main -> main
indexnow HTTP 200
[2026-09-05 21:07 UTC] refresh done
📡 拉取 Binance 24h 行情…
✅ 获取 50 个币种数据
✅ 生成 50 个币页 + 2 个对比页 + index/sitemap/llms/robots/IndexNow → /root/deepseek/work/crypto-site/public
📏 答案块词数抽查 (PROM): 158 词 (目标 134-167)
[main 024b77f] refresh 2026-09-05-22:07
 107 files changed, 1442 insertions(+), 1328 deletions(-)
 create mode 100644 coin/op.html
 create mode 100644 public/coin/op.html
To https://github.com/lumingze-56/cryptodata-site.git
   17e0fd3..024b77f  main -> main
indexnow HTTP 200
[2026-09-05 22:07 UTC] refresh done
📡 拉取 Binance 24h 行情…
✅ 获取 50 个币种数据
✅ 生成 50 个币页 + 2 个对比页 + index/sitemap/llms/robots/IndexNow → /root/deepseek/work/crypto-site/public
📏 答案块词数抽查 (PUMP): 156 词 (目标 134-167)
[main 7b9968a] refresh 2026-09-05-23:07
 107 files changed, 1374 insertions(+), 1362 deletions(-)
To https://github.com/lumingze-56/cryptodata-site.git
   024b77f..7b9968a  main -> main
indexnow HTTP 200
[2026-09-05 23:07 UTC] refresh done
📡 拉取 Binance 24h 行情…
✅ 获取 50 个币种数据
✅ 生成 50 个币页 + 2 个对比页 + index/sitemap/llms/robots/IndexNow → /root/deepseek/work/crypto-site/public
📏 答案块词数抽查 (TON): 158 词 (目标 134-167)
[main 3f3886c] refresh 2026-09-06-00:07
 107 files changed, 1372 insertions(+), 1362 deletions(-)
To https://github.com/lumingze-56/cryptodata-site.git
   7b9968a..3f3886c  main -> main
indexnow HTTP 200
[2026-09-06 00:07 UTC] refresh done
📡 拉取 Binance 24h 行情…
✅ 获取 50 个币种数据
✅ 生成 50 个币页 + 2 个对比页 + index/sitemap/llms/robots/IndexNow → /root/deepseek/work/crypto-site/public
📏 答案块词数抽查 (ARB): 156 词 (目标 134-167)
[main 913cffd] refresh 2026-09-06-01:07
 107 files changed, 1480 insertions(+), 1366 deletions(-)
 create mode 100644 coin/strk.html
 create mode 100644 public/coin/strk.html
To https://github.com/lumingze-56/cryptodata-site.git
   3f3886c..913cffd  main -> main
indexnow HTTP 200
[2026-09-06 01:07 UTC] refresh done
📡 拉取 Binance 24h 行情…
✅ 获取 50 个币种数据
✅ 生成 50 个币页 + 2 个对比页 + index/sitemap/llms/robots/IndexNow → /root/deepseek/work/crypto-site/public
📏 答案块词数抽查 (ARB): 156 词 (目标 134-167)
[main c0c6e06] refresh 2026-09-06-02:07
 107 files changed, 1400 insertions(+), 1388 deletions(-)
To https://github.com/lumingze-56/cryptodata-site.git
   913cffd..c0c6e06  main -> main
indexnow HTTP 200
[2026-09-06 02:07 UTC] refresh done
📡 拉取 Binance 24h 行情…
✅ 获取 50 个币种数据
✅ 生成 50 个币页 + 2 个对比页 + index/sitemap/llms/robots/IndexNow → /root/deepseek/work/crypto-site/public
📏 答案块词数抽查 (DOGE): 156 词 (目标 134-167)
[main e1a4b92] refresh 2026-09-06-03:07
 107 files changed, 1386 insertions(+), 1376 deletions(-)
To https://github.com/lumingze-56/cryptodata-site.git
   c0c6e06..e1a4b92  main -> main
indexnow HTTP 200
[2026-09-06 03:07 UTC] refresh done
📡 拉取 Binance 24h 行情…
✅ 获取 50 个币种数据
✅ 生成 50 个币页 + 2 个对比页 + index/sitemap/llms/robots/IndexNow → /root/deepseek/work/crypto-site/public
📏 答案块词数抽查 (MARSCOIN): 156 词 (目标 134-167)
[main 84707cd] refresh 2026-09-06-04:07
 107 files changed, 1378 insertions(+), 1368 deletions(-)
To https://github.com/lumingze-56/cryptodata-site.git
   e1a4b92..84707cd  main -> main
indexnow HTTP 200
[2026-09-06 04:07 UTC] refresh done
📡 拉取 Binance 24h 行情…
✅ 获取 50 个币种数据
✅ 生成 50 个币页 + 2 个对比页 + index/sitemap/llms/robots/IndexNow → /root/deepseek/work/crypto-site/public
📏 答案块词数抽查 (RAY): 156 词 (目标 134-167)
[main ffd5af8] refresh 2026-09-06-05:07
 107 files changed, 1460 insertions(+), 1346 deletions(-)
 create mode 100644 coin/ray.html
 create mode 100644 public/coin/ray.html
To https://github.com/lumingze-56/cryptodata-site.git
   84707cd..ffd5af8  main -> main
indexnow HTTP 200
[2026-09-06 05:07 UTC] refresh done
📡 拉取 Binance 24h 行情…
✅ 获取 50 个币种数据
✅ 生成 50 个币页 + 2 个对比页 + index/sitemap/llms/robots/IndexNow → /root/deepseek/work/crypto-site/public
📏 答案块词数抽查 (BTC): 158 词 (目标 134-167)
[main 45409ad] refresh 2026-09-06-06:07
 107 files changed, 1390 insertions(+), 1378 deletions(-)
To https://github.com/lumingze-56/cryptodata-site.git
   ffd5af8..45409ad  main -> main
indexnow HTTP 200
[2026-09-06 06:07 UTC] refresh done
📡 拉取 Binance 24h 行情…
✅ 获取 50 个币种数据
✅ 生成 50 个币页 + 2 个对比页 + index/sitemap/llms/robots/IndexNow → /root/deepseek/work/crypto-site/public
📏 答案块词数抽查 (SUSHI): 156 词 (目标 134-167)
[main 887f2a9] refresh 2026-09-06-07:07
 107 files changed, 1462 insertions(+), 1348 deletions(-)
 create mode 100644 coin/bome.html
 create mode 100644 public/coin/bome.html
To https://github.com/lumingze-56/cryptodata-site.git
   45409ad..887f2a9  main -> main
indexnow HTTP 200
[2026-09-06 07:07 UTC] refresh done
📡 拉取 Binance 24h 行情…
✅ 获取 50 个币种数据
✅ 生成 50 个币页 + 2 个对比页 + index/sitemap/llms/robots/IndexNow → /root/deepseek/work/crypto-site/public
📏 答案块词数抽查 (ZEC): 156 词 (目标 134-167)
[main 0ce2b5d] refresh 2026-09-06-08:07
 107 files changed, 1378 insertions(+), 1366 deletions(-)
To https://github.com/lumingze-56/cryptodata-site.git
   887f2a9..0ce2b5d  main -> main
indexnow HTTP 200
[2026-09-06 08:07 UTC] refresh done
📡 拉取 Binance 24h 行情…
✅ 获取 50 个币种数据
✅ 生成 50 个币页 + 2 个对比页 + index/sitemap/llms/robots/IndexNow → /root/deepseek/work/crypto-site/public
📏 答案块词数抽查 (TRX): 158 词 (目标 134-167)
[main 12114d9] refresh 2026-09-06-09:07
 107 files changed, 1374 insertions(+), 1364 deletions(-)
To https://github.com/lumingze-56/cryptodata-site.git
   0ce2b5d..12114d9  main -> main
indexnow HTTP 200
[2026-09-06 09:07 UTC] refresh done
📡 拉取 Binance 24h 行情…
✅ 获取 50 个币种数据
✅ 生成 50 个币页 + 2 个对比页 + index/sitemap/llms/robots/IndexNow → /root/deepseek/work/crypto-site/public
📏 答案块词数抽查 (SUI): 158 词 (目标 134-167)
[main ca65f8a] refresh 2026-09-06-10:07
 107 files changed, 1452 insertions(+), 1338 deletions(-)
 create mode 100644 coin/pol.html
 create mode 100644 public/coin/pol.html
To https://github.com/lumingze-56/cryptodata-site.git
   12114d9..ca65f8a  main -> main
indexnow HTTP 200
[2026-09-06 10:07 UTC] refresh done
📡 拉取 Binance 24h 行情…
✅ 获取 50 个币种数据
✅ 生成 50 个币页 + 2 个对比页 + index/sitemap/llms/robots/IndexNow → /root/deepseek/work/crypto-site/public
📏 答案块词数抽查 (HEMI): 156 词 (目标 134-167)
[main 4f5de34] refresh 2026-09-06-11:07
 107 files changed, 1474 insertions(+), 1358 deletions(-)
 create mode 100644 coin/coti.html
 create mode 100644 public/coin/coti.html
To https://github.com/lumingze-56/cryptodata-site.git
   ca65f8a..4f5de34  main -> main
indexnow HTTP 200
[2026-09-06 11:07 UTC] refresh done
📡 拉取 Binance 24h 行情…
✅ 获取 50 个币种数据
✅ 生成 50 个币页 + 2 个对比页 + index/sitemap/llms/robots/IndexNow → /root/deepseek/work/crypto-site/public
📏 答案块词数抽查 (BNB): 158 词 (目标 134-167)
[main 3813663] refresh 2026-09-06-12:07
 107 files changed, 1402 insertions(+), 1390 deletions(-)
To https://github.com/lumingze-56/cryptodata-site.git
   4f5de34..3813663  main -> main
indexnow HTTP 200
[2026-09-06 12:07 UTC] refresh done
📡 拉取 Binance 24h 行情…
✅ 获取 50 个币种数据
✅ 生成 50 个币页 + 2 个对比页 + index/sitemap/llms/robots/IndexNow → /root/deepseek/work/crypto-site/public
📏 答案块词数抽查 (XRP): 158 词 (目标 134-167)
[main 03c2bc5] refresh 2026-09-06-13:07
 107 files changed, 1470 insertions(+), 1356 deletions(-)
 create mode 100644 coin/zama.html
 create mode 100644 public/coin/zama.html
To https://github.com/lumingze-56/cryptodata-site.git
   3813663..03c2bc5  main -> main
indexnow HTTP 200
[2026-09-06 13:07 UTC] refresh done
📡 拉取 Binance 24h 行情…
✅ 获取 50 个币种数据
✅ 生成 50 个币页 + 2 个对比页 + index/sitemap/llms/robots/IndexNow → /root/deepseek/work/crypto-site/public
📏 答案块词数抽查 (ZEC): 156 词 (目标 134-167)
[main 04a32eb] refresh 2026-09-06-14:07
 107 files changed, 1392 insertions(+), 1380 deletions(-)
To https://github.com/lumingze-56/cryptodata-site.git
   03c2bc5..04a32eb  main -> main
indexnow HTTP 200
[2026-09-06 14:07 UTC] refresh done
📡 拉取 Binance 24h 行情…
✅ 获取 50 个币种数据
✅ 生成 50 个币页 + 2 个对比页 + index/sitemap/llms/robots/IndexNow → /root/deepseek/work/crypto-site/public
📏 答案块词数抽查 (XPL): 156 词 (目标 134-167)
[main 79984dd] refresh 2026-09-06-15:07
 107 files changed, 1422 insertions(+), 1412 deletions(-)
To https://github.com/lumingze-56/cryptodata-site.git
   04a32eb..79984dd  main -> main
indexnow HTTP 200
[2026-09-06 15:07 UTC] refresh done
📡 拉取 Binance 24h 行情…
✅ 获取 50 个币种数据
✅ 生成 50 个币页 + 2 个对比页 + index/sitemap/llms/robots/IndexNow → /root/deepseek/work/crypto-site/public
📏 答案块词数抽查 (BOME): 156 词 (目标 134-167)
[main 22b01d7] refresh 2026-09-06-16:07
 107 files changed, 1392 insertions(+), 1382 deletions(-)
To https://github.com/lumingze-56/cryptodata-site.git
   79984dd..22b01d7  main -> main
indexnow HTTP 200
[2026-09-06 16:07 UTC] refresh done
📡 拉取 Binance 24h 行情…
✅ 获取 50 个币种数据
✅ 生成 50 个币页 + 2 个对比页 + index/sitemap/llms/robots/IndexNow → /root/deepseek/work/crypto-site/public
📏 答案块词数抽查 (RAY): 156 词 (目标 134-167)
[main 16621b7] refresh 2026-09-06-17:07
 107 files changed, 1478 insertions(+), 1364 deletions(-)
 create mode 100644 coin/epic.html
 create mode 100644 public/coin/epic.html
To https://github.com/lumingze-56/cryptodata-site.git
   22b01d7..16621b7  main -> main
indexnow HTTP 200
[2026-09-06 17:07 UTC] refresh done
📡 拉取 Binance 24h 行情…
✅ 获取 50 个币种数据
✅ 生成 50 个币页 + 2 个对比页 + index/sitemap/llms/robots/IndexNow → /root/deepseek/work/crypto-site/public
📏 答案块词数抽查 (ONDO): 158 词 (目标 134-167)
[main 6df4966] refresh 2026-09-06-18:07
 107 files changed, 1398 insertions(+), 1386 deletions(-)
To https://github.com/lumingze-56/cryptodata-site.git
   16621b7..6df4966  main -> main
indexnow HTTP 200
[2026-09-06 18:07 UTC] refresh done
📡 拉取 Binance 24h 行情…
✅ 获取 50 个币种数据
✅ 生成 50 个币页 + 2 个对比页 + index/sitemap/llms/robots/IndexNow → /root/deepseek/work/crypto-site/public
📏 答案块词数抽查 (ICP): 160 词 (目标 134-167)
[main 1bf8a6d] refresh 2026-09-06-19:07
 107 files changed, 1364 insertions(+), 1354 deletions(-)
To https://github.com/lumingze-56/cryptodata-site.git
   6df4966..1bf8a6d  main -> main
indexnow HTTP 200
[2026-09-06 19:07 UTC] refresh done
📡 拉取 Binance 24h 行情…
✅ 获取 50 个币种数据
✅ 生成 50 个币页 + 2 个对比页 + index/sitemap/llms/robots/IndexNow → /root/deepseek/work/crypto-site/public
📏 答案块词数抽查 (PUMP): 158 词 (目标 134-167)
[main 0876bd2] refresh 2026-09-06-20:07
 107 files changed, 1356 insertions(+), 1346 deletions(-)
To https://github.com/lumingze-56/cryptodata-site.git
   1bf8a6d..0876bd2  main -> main
indexnow HTTP 200
[2026-09-06 20:07 UTC] refresh done
📡 拉取 Binance 24h 行情…
✅ 获取 50 个币种数据
✅ 生成 50 个币页 + 2 个对比页 + index/sitemap/llms/robots/IndexNow → /root/deepseek/work/crypto-site/public
📏 答案块词数抽查 (ZEC): 156 词 (目标 134-167)
[main 7c17a68] refresh 2026-09-06-21:07
 107 files changed, 1382 insertions(+), 1372 deletions(-)
To https://github.com/lumingze-56/cryptodata-site.git
   0876bd2..7c17a68  main -> main
indexnow HTTP 200
[2026-09-06 21:07 UTC] refresh done
📡 拉取 Binance 24h 行情…
✅ 获取 50 个币种数据
✅ 生成 50 个币页 + 2 个对比页 + index/sitemap/llms/robots/IndexNow → /root/deepseek/work/crypto-site/public
📏 答案块词数抽查 (BNB): 158 词 (目标 134-167)
Auto packing the repository in background for optimum performance.
See "git help gc" for manual housekeeping.
[main 691b285] refresh 2026-09-06-22:07
 107 files changed, 1384 insertions(+), 1372 deletions(-)
To https://github.com/lumingze-56/cryptodata-site.git
   7c17a68..691b285  main -> main
indexnow HTTP 200
[2026-09-06 22:07 UTC] refresh done
📡 拉取 Binance 24h 行情…
✅ 获取 50 个币种数据
✅ 生成 50 个币页 + 2 个对比页 + index/sitemap/llms/robots/IndexNow → /root/deepseek/work/crypto-site/public
📏 答案块词数抽查 (LTC): 158 词 (目标 134-167)
[main 2f9ad35] refresh 2026-09-06-23:07
 107 files changed, 1380 insertions(+), 1368 deletions(-)
To https://github.com/lumingze-56/cryptodata-site.git
   691b285..2f9ad35  main -> main
indexnow HTTP 200
[2026-09-06 23:07 UTC] refresh done
📡 拉取 Binance 24h 行情…
✅ 获取 50 个币种数据
✅ 生成 50 个币页 + 2 个对比页 + index/sitemap/llms/robots/IndexNow → /root/deepseek/work/crypto-site/public
📏 答案块词数抽查 (RAY): 156 词 (目标 134-167)
[main f859f4d] refresh 2026-09-07-00:07
 107 files changed, 1556 insertions(+), 1338 deletions(-)
 create mode 100644 coin/inj.html
 create mode 100644 coin/tia.html
 create mode 100644 public/coin/inj.html
 create mode 100644 public/coin/tia.html
To https://github.com/lumingze-56/cryptodata-site.git
   2f9ad35..f859f4d  main -> main
indexnow HTTP 200
[2026-09-07 00:07 UTC] refresh done
📡 拉取 Binance 24h 行情…
✅ 获取 50 个币种数据
✅ 生成 50 个币页 + 2 个对比页 + index/sitemap/llms/robots/IndexNow → /root/deepseek/work/crypto-site/public
📏 答案块词数抽查 (OP): 158 词 (目标 134-167)
[main 6bc4dcf] refresh 2026-09-07-01:07
 107 files changed, 1424 insertions(+), 1410 deletions(-)
To https://github.com/lumingze-56/cryptodata-site.git
   f859f4d..6bc4dcf  main -> main
indexnow HTTP 200
[2026-09-07 01:07 UTC] refresh done
📡 拉取 Binance 24h 行情…
✅ 获取 50 个币种数据
✅ 生成 50 个币页 + 2 个对比页 + index/sitemap/llms/robots/IndexNow → /root/deepseek/work/crypto-site/public
📏 答案块词数抽查 (ZEC): 156 词 (目标 134-167)
[main cc6b95e] refresh 2026-09-07-02:07
 107 files changed, 1558 insertions(+), 1340 deletions(-)
 create mode 100644 coin/bonk.html
 create mode 100644 coin/orca.html
 create mode 100644 public/coin/bonk.html
 create mode 100644 public/coin/orca.html
To https://github.com/lumingze-56/cryptodata-site.git
   6bc4dcf..cc6b95e  main -> main
indexnow HTTP 200
[2026-09-07 02:07 UTC] refresh done
📡 拉取 Binance 24h 行情…
✅ 获取 50 个币种数据
✅ 生成 50 个币页 + 2 个对比页 + index/sitemap/llms/robots/IndexNow → /root/deepseek/work/crypto-site/public
📏 答案块词数抽查 (ZAMA): 156 词 (目标 134-167)
[main 1b38d5f] refresh 2026-09-07-03:07
 107 files changed, 1406 insertions(+), 1392 deletions(-)
To https://github.com/lumingze-56/cryptodata-site.git
   cc6b95e..1b38d5f  main -> main
indexnow HTTP 200
[2026-09-07 03:07 UTC] refresh done
📡 拉取 Binance 24h 行情…
✅ 获取 50 个币种数据
✅ 生成 50 个币页 + 2 个对比页 + index/sitemap/llms/robots/IndexNow → /root/deepseek/work/crypto-site/public
📏 答案块词数抽查 (DOT): 156 词 (目标 134-167)
[main 284a8a2] refresh 2026-09-07-04:07
 107 files changed, 1478 insertions(+), 1364 deletions(-)
 create mode 100644 coin/virtual.html
 create mode 100644 public/coin/virtual.html
To https://github.com/lumingze-56/cryptodata-site.git
   1b38d5f..284a8a2  main -> main
indexnow HTTP 200
[2026-09-07 04:07 UTC] refresh done
📡 拉取 Binance 24h 行情…
✅ 获取 50 个币种数据
✅ 生成 50 个币页 + 2 个对比页 + index/sitemap/llms/robots/IndexNow → /root/deepseek/work/crypto-site/public
📏 答案块词数抽查 (PEPE): 158 词 (目标 134-167)
[main 46b5633] refresh 2026-09-07-05:07
 107 files changed, 1392 insertions(+), 1380 deletions(-)
To https://github.com/lumingze-56/cryptodata-site.git
   284a8a2..46b5633  main -> main
indexnow HTTP 200
[2026-09-07 05:07 UTC] refresh done
📡 拉取 Binance 24h 行情…
✅ 获取 50 个币种数据
✅ 生成 50 个币页 + 2 个对比页 + index/sitemap/llms/robots/IndexNow → /root/deepseek/work/crypto-site/public
📏 答案块词数抽查 (XPL): 156 词 (目标 134-167)
[main 791fd14] refresh 2026-09-07-06:07
 107 files changed, 1410 insertions(+), 1400 deletions(-)
To https://github.com/lumingze-56/cryptodata-site.git
   46b5633..791fd14  main -> main
indexnow HTTP 200
[2026-09-07 06:07 UTC] refresh done
📡 拉取 Binance 24h 行情…
✅ 获取 50 个币种数据
✅ 生成 50 个币页 + 2 个对比页 + index/sitemap/llms/robots/IndexNow → /root/deepseek/work/crypto-site/public
📏 答案块词数抽查 (AVAX): 158 词 (目标 134-167)
[main dcbf2da] refresh 2026-09-07-07:07
 107 files changed, 1372 insertions(+), 1362 deletions(-)
fatal: unable to access 'https://github.com/lumingze-56/cryptodata-site.git/': Failed to connect to github.com port 443 after 129255 ms: Couldn't connect to server
📡 拉取 Binance 24h 行情…
✅ 获取 50 个币种数据
✅ 生成 50 个币页 + 2 个对比页 + index/sitemap/llms/robots/IndexNow → /root/deepseek/work/crypto-site/public
📏 答案块词数抽查 (VIRTUAL): 156 词 (目标 134-167)
[main ea9771f] refresh 2026-09-07-08:07
 107 files changed, 1485 insertions(+), 1374 deletions(-)
 create mode 100644 coin/cfg.html
 create mode 100644 public/coin/cfg.html
To https://github.com/lumingze-56/cryptodata-site.git
   791fd14..ea9771f  main -> main
indexnow HTTP 200
[2026-09-07 08:07 UTC] refresh done
📡 拉取 Binance 24h 行情…
✅ 获取 50 个币种数据
✅ 生成 50 个币页 + 2 个对比页 + index/sitemap/llms/robots/IndexNow → /root/deepseek/work/crypto-site/public
📏 答案块词数抽查 (BNB): 158 词 (目标 134-167)
[main c0e1f1a] refresh 2026-09-07-09:07
 107 files changed, 1406 insertions(+), 1394 deletions(-)
fatal: unable to access 'https://github.com/lumingze-56/cryptodata-site.git/': Failed to connect to github.com port 443 after 129563 ms: Couldn't connect to server
📡 拉取 Binance 24h 行情…
✅ 获取 50 个币种数据
✅ 生成 50 个币页 + 2 个对比页 + index/sitemap/llms/robots/IndexNow → /root/deepseek/work/crypto-site/public
📏 答案块词数抽查 (TIA): 156 词 (目标 134-167)
[main dfe50c2] refresh 2026-09-07-10:07
 107 files changed, 1395 insertions(+), 1388 deletions(-)
To https://github.com/lumingze-56/cryptodata-site.git
   ea9771f..dfe50c2  main -> main
indexnow HTTP 200
[2026-09-07 10:07 UTC] refresh done
📡 拉取 Binance 24h 行情…
✅ 获取 50 个币种数据
✅ 生成 50 个币页 + 2 个对比页 + index/sitemap/llms/robots/IndexNow → /root/deepseek/work/crypto-site/public
📏 答案块词数抽查 (DASH): 158 词 (目标 134-167)
[main 68c6568] refresh 2026-09-07-11:07
 107 files changed, 1386 insertions(+), 1376 deletions(-)
To https://github.com/lumingze-56/cryptodata-site.git
   dfe50c2..68c6568  main -> main
indexnow HTTP 200
[2026-09-07 11:07 UTC] refresh done
📡 拉取 Binance 24h 行情…
✅ 获取 50 个币种数据
✅ 生成 50 个币页 + 2 个对比页 + index/sitemap/llms/robots/IndexNow → /root/deepseek/work/crypto-site/public
📏 答案块词数抽查 (VIRTUAL): 156 词 (目标 134-167)
[main e96e7dc] refresh 2026-09-07-12:07
 107 files changed, 1368 insertions(+), 1358 deletions(-)
To https://github.com/lumingze-56/cryptodata-site.git
   68c6568..e96e7dc  main -> main
indexnow HTTP 200
[2026-09-07 12:07 UTC] refresh done
📡 拉取 Binance 24h 行情…
✅ 获取 50 个币种数据
✅ 生成 50 个币页 + 2 个对比页 + index/sitemap/llms/robots/IndexNow → /root/deepseek/work/crypto-site/public
📏 答案块词数抽查 (SUI): 156 词 (目标 134-167)
[main 941ea00] refresh 2026-09-07-13:07
 107 files changed, 1404 insertions(+), 1394 deletions(-)
fatal: unable to access 'https://github.com/lumingze-56/cryptodata-site.git/': Failed to connect to github.com port 443 after 130687 ms: Couldn't connect to server
📡 拉取 Binance 24h 行情…
✅ 获取 50 个币种数据
✅ 生成 50 个币页 + 2 个对比页 + index/sitemap/llms/robots/IndexNow → /root/deepseek/work/crypto-site/public
📏 答案块词数抽查 (ENA): 158 词 (目标 134-167)
[main d2a185a] refresh 2026-09-07-14:07
 107 files changed, 1383 insertions(+), 1376 deletions(-)
To https://github.com/lumingze-56/cryptodata-site.git
   e96e7dc..d2a185a  main -> main
indexnow HTTP 200
[2026-09-07 14:07 UTC] refresh done
📡 拉取 Binance 24h 行情…
✅ 获取 50 个币种数据
✅ 生成 50 个币页 + 2 个对比页 + index/sitemap/llms/robots/IndexNow → /root/deepseek/work/crypto-site/public
📏 答案块词数抽查 (SAHARA): 158 词 (目标 134-167)
[main 62cc2c5] refresh 2026-09-07-15:07
 107 files changed, 1424 insertions(+), 1414 deletions(-)
fatal: unable to access 'https://github.com/lumingze-56/cryptodata-site.git/': Failed to connect to github.com port 443 after 129819 ms: Couldn't connect to server
📡 拉取 Binance 24h 行情…
✅ 获取 50 个币种数据
✅ 生成 50 个币页 + 2 个对比页 + index/sitemap/llms/robots/IndexNow → /root/deepseek/work/crypto-site/public
📏 答案块词数抽查 (SUI): 158 词 (目标 134-167)
[main 31f0f57] refresh 2026-09-07-16:07
 107 files changed, 1429 insertions(+), 1422 deletions(-)
To https://github.com/lumingze-56/cryptodata-site.git
   d2a185a..31f0f57  main -> main
indexnow HTTP 200
[2026-09-07 16:07 UTC] refresh done
📡 拉取 Binance 24h 行情…
✅ 获取 50 个币种数据
✅ 生成 50 个币页 + 2 个对比页 + index/sitemap/llms/robots/IndexNow → /root/deepseek/work/crypto-site/public
📏 答案块词数抽查 (VIRTUAL): 156 词 (目标 134-167)
[main a0ad405] refresh 2026-09-07-17:07
 107 files changed, 1380 insertions(+), 1370 deletions(-)
To https://github.com/lumingze-56/cryptodata-site.git
   31f0f57..a0ad405  main -> main
indexnow HTTP 200
[2026-09-07 17:07 UTC] refresh done
📡 拉取 Binance 24h 行情…
✅ 获取 50 个币种数据
✅ 生成 50 个币页 + 2 个对比页 + index/sitemap/llms/robots/IndexNow → /root/deepseek/work/crypto-site/public
📏 答案块词数抽查 (ZKC): 158 词 (目标 134-167)
[main 57a6c19] refresh 2026-09-07-18:07
 107 files changed, 1386 insertions(+), 1376 deletions(-)
To https://github.com/lumingze-56/cryptodata-site.git
   a0ad405..57a6c19  main -> main
indexnow HTTP 200
[2026-09-07 18:07 UTC] refresh done
📡 拉取 Binance 24h 行情…
✅ 获取 50 个币种数据
✅ 生成 50 个币页 + 2 个对比页 + index/sitemap/llms/robots/IndexNow → /root/deepseek/work/crypto-site/public
📏 答案块词数抽查 (DOGE): 158 词 (目标 134-167)
[main 103a17b] refresh 2026-09-07-19:07
 107 files changed, 1380 insertions(+), 1370 deletions(-)
To https://github.com/lumingze-56/cryptodata-site.git
   57a6c19..103a17b  main -> main
indexnow HTTP 200
[2026-09-07 19:07 UTC] refresh done
📡 拉取 Binance 24h 行情…
✅ 获取 50 个币种数据
✅ 生成 50 个币页 + 2 个对比页 + index/sitemap/llms/robots/IndexNow → /root/deepseek/work/crypto-site/public
📏 答案块词数抽查 (ETH): 158 词 (目标 134-167)
[main c0b73e6] refresh 2026-09-07-20:07
 107 files changed, 1372 insertions(+), 1362 deletions(-)
To https://github.com/lumingze-56/cryptodata-site.git
   103a17b..c0b73e6  main -> main
indexnow HTTP 200
[2026-09-07 20:07 UTC] refresh done
📡 拉取 Binance 24h 行情…
✅ 获取 50 个币种数据
✅ 生成 50 个币页 + 2 个对比页 + index/sitemap/llms/robots/IndexNow → /root/deepseek/work/crypto-site/public
📏 答案块词数抽查 (DOGE): 158 词 (目标 134-167)
[main d8ad309] refresh 2026-09-07-21:07
 107 files changed, 1360 insertions(+), 1350 deletions(-)
To https://github.com/lumingze-56/cryptodata-site.git
   c0b73e6..d8ad309  main -> main
indexnow HTTP 200
[2026-09-07 21:07 UTC] refresh done
📡 拉取 Binance 24h 行情…
✅ 获取 50 个币种数据
✅ 生成 50 个币页 + 2 个对比页 + index/sitemap/llms/robots/IndexNow → /root/deepseek/work/crypto-site/public
📏 答案块词数抽查 (BNB): 158 词 (目标 134-167)
[main bb4faba] refresh 2026-09-07-22:07
 107 files changed, 1348 insertions(+), 1338 deletions(-)
To https://github.com/lumingze-56/cryptodata-site.git
   d8ad309..bb4faba  main -> main
indexnow HTTP 200
[2026-09-07 22:07 UTC] refresh done
📡 拉取 Binance 24h 行情…
✅ 获取 50 个币种数据
✅ 生成 50 个币页 + 2 个对比页 + index/sitemap/llms/robots/IndexNow → /root/deepseek/work/crypto-site/public
📏 答案块词数抽查 (CFG): 156 词 (目标 134-167)
[main ff596b7] refresh 2026-09-07-23:07
 107 files changed, 1452 insertions(+), 1338 deletions(-)
 create mode 100644 coin/aero.html
 create mode 100644 public/coin/aero.html
To https://github.com/lumingze-56/cryptodata-site.git
   bb4faba..ff596b7  main -> main
indexnow HTTP 200
[2026-09-07 23:07 UTC] refresh done
📡 拉取 Binance 24h 行情…
✅ 获取 50 个币种数据
✅ 生成 50 个币页 + 2 个对比页 + index/sitemap/llms/robots/IndexNow → /root/deepseek/work/crypto-site/public
📏 答案块词数抽查 (WLD): 156 词 (目标 134-167)
[main bfd66c4] refresh 2026-09-08-00:07
 107 files changed, 1372 insertions(+), 1360 deletions(-)
To https://github.com/lumingze-56/cryptodata-site.git
   ff596b7..bfd66c4  main -> main
indexnow HTTP 200
[2026-09-08 00:07 UTC] refresh done
📡 拉取 Binance 24h 行情…
✅ 获取 50 个币种数据
✅ 生成 50 个币页 + 2 个对比页 + index/sitemap/llms/robots/IndexNow → /root/deepseek/work/crypto-site/public
📏 答案块词数抽查 (BNB): 158 词 (目标 134-167)
[main 53db8cf] refresh 2026-09-08-01:07
 107 files changed, 1470 insertions(+), 1356 deletions(-)
 create mode 100644 coin/soph.html
 create mode 100644 public/coin/soph.html
To https://github.com/lumingze-56/cryptodata-site.git
   bfd66c4..53db8cf  main -> main
indexnow HTTP 200
[2026-09-08 01:07 UTC] refresh done
📡 拉取 Binance 24h 行情…
✅ 获取 50 个币种数据
✅ 生成 50 个币页 + 2 个对比页 + index/sitemap/llms/robots/IndexNow → /root/deepseek/work/crypto-site/public
📏 答案块词数抽查 (VIRTUAL): 156 词 (目标 134-167)
[main 0c7c42c] refresh 2026-09-08-02:07
 107 files changed, 1382 insertions(+), 1370 deletions(-)
To https://github.com/lumingze-56/cryptodata-site.git
   53db8cf..0c7c42c  main -> main
indexnow HTTP 200
[2026-09-08 02:07 UTC] refresh done
📡 拉取 Binance 24h 行情…
✅ 获取 50 个币种数据
✅ 生成 50 个币页 + 2 个对比页 + index/sitemap/llms/robots/IndexNow → /root/deepseek/work/crypto-site/public
📏 答案块词数抽查 (MARSCOIN): 156 词 (目标 134-167)
[main 936dd81] refresh 2026-09-08-03:07
 107 files changed, 1396 insertions(+), 1386 deletions(-)
To https://github.com/lumingze-56/cryptodata-site.git
   0c7c42c..936dd81  main -> main
indexnow HTTP 200
[2026-09-08 03:07 UTC] refresh done
📡 拉取 Binance 24h 行情…
✅ 获取 50 个币种数据
✅ 生成 50 个币页 + 2 个对比页 + index/sitemap/llms/robots/IndexNow → /root/deepseek/work/crypto-site/public
📏 答案块词数抽查 (ASTER): 158 词 (目标 134-167)
[main cd6d893] refresh 2026-09-08-04:07
 107 files changed, 1472 insertions(+), 1358 deletions(-)
 create mode 100644 coin/pendle.html
 create mode 100644 public/coin/pendle.html
To https://github.com/lumingze-56/cryptodata-site.git
   936dd81..cd6d893  main -> main
indexnow HTTP 200
[2026-09-08 04:07 UTC] refresh done
📡 拉取 Binance 24h 行情…
✅ 获取 50 个币种数据
✅ 生成 50 个币页 + 2 个对比页 + index/sitemap/llms/robots/IndexNow → /root/deepseek/work/crypto-site/public
📏 答案块词数抽查 (UNI): 158 词 (目标 134-167)
[main e8e810f] refresh 2026-09-08-05:07
 107 files changed, 1470 insertions(+), 1354 deletions(-)
 create mode 100644 coin/iost.html
 create mode 100644 public/coin/iost.html
To https://github.com/lumingze-56/cryptodata-site.git
   cd6d893..e8e810f  main -> main
indexnow HTTP 200
[2026-09-08 05:07 UTC] refresh done
📡 拉取 Binance 24h 行情…
✅ 获取 50 个币种数据
✅ 生成 50 个币页 + 2 个对比页 + index/sitemap/llms/robots/IndexNow → /root/deepseek/work/crypto-site/public
📏 答案块词数抽查 (TAO): 156 词 (目标 134-167)
[main 5f78ede] refresh 2026-09-08-06:07
 107 files changed, 1556 insertions(+), 1336 deletions(-)
 create mode 100644 coin/form.html
 create mode 100644 coin/solv.html
 create mode 100644 public/coin/form.html
 create mode 100644 public/coin/solv.html
To https://github.com/lumingze-56/cryptodata-site.git
   e8e810f..5f78ede  main -> main
indexnow HTTP 200
[2026-09-08 06:07 UTC] refresh done
📡 拉取 Binance 24h 行情…
✅ 获取 50 个币种数据
✅ 生成 50 个币页 + 2 个对比页 + index/sitemap/llms/robots/IndexNow → /root/deepseek/work/crypto-site/public
📏 答案块词数抽查 (ASTER): 158 词 (目标 134-167)
[main 2fe22f2] refresh 2026-09-08-07:07
 107 files changed, 1392 insertions(+), 1378 deletions(-)
To https://github.com/lumingze-56/cryptodata-site.git
   5f78ede..2fe22f2  main -> main
indexnow HTTP 200
[2026-09-08 07:07 UTC] refresh done
📡 拉取 Binance 24h 行情…
✅ 获取 50 个币种数据
✅ 生成 50 个币页 + 2 个对比页 + index/sitemap/llms/robots/IndexNow → /root/deepseek/work/crypto-site/public
📏 答案块词数抽查 (DOT): 156 词 (目标 134-167)
[main a8cf28c] refresh 2026-09-08-08:07
 107 files changed, 1416 insertions(+), 1406 deletions(-)
To https://github.com/lumingze-56/cryptodata-site.git
   2fe22f2..a8cf28c  main -> main
indexnow HTTP 200
[2026-09-08 08:07 UTC] refresh done
📡 拉取 Binance 24h 行情…
✅ 获取 50 个币种数据
✅ 生成 50 个币页 + 2 个对比页 + index/sitemap/llms/robots/IndexNow → /root/deepseek/work/crypto-site/public
📏 答案块词数抽查 (UNI): 158 词 (目标 134-167)
[main f2fc2b5] refresh 2026-09-08-09:07
 107 files changed, 1408 insertions(+), 1398 deletions(-)
To https://github.com/lumingze-56/cryptodata-site.git
   a8cf28c..f2fc2b5  main -> main
indexnow HTTP 200
[2026-09-08 09:07 UTC] refresh done
📡 拉取 Binance 24h 行情…
✅ 获取 50 个币种数据
✅ 生成 50 个币页 + 2 个对比页 + index/sitemap/llms/robots/IndexNow → /root/deepseek/work/crypto-site/public
📏 答案块词数抽查 (ICP): 160 词 (目标 134-167)
[main 5bd53c3] refresh 2026-09-08-10:07
 107 files changed, 1378 insertions(+), 1368 deletions(-)
To https://github.com/lumingze-56/cryptodata-site.git
   f2fc2b5..5bd53c3  main -> main
indexnow HTTP 200
[2026-09-08 10:07 UTC] refresh done
📡 拉取 Binance 24h 行情…
✅ 获取 50 个币种数据
✅ 生成 50 个币页 + 2 个对比页 + index/sitemap/llms/robots/IndexNow → /root/deepseek/work/crypto-site/public
📏 答案块词数抽查 (BCH): 160 词 (目标 134-167)
[main d585448] refresh 2026-09-08-11:07
 107 files changed, 1392 insertions(+), 1382 deletions(-)
To https://github.com/lumingze-56/cryptodata-site.git
   5bd53c3..d585448  main -> main
indexnow HTTP 200
[2026-09-08 11:07 UTC] refresh done
📡 拉取 Binance 24h 行情…
✅ 获取 50 个币种数据
✅ 生成 50 个币页 + 2 个对比页 + index/sitemap/llms/robots/IndexNow → /root/deepseek/work/crypto-site/public
📏 答案块词数抽查 (PROM): 156 词 (目标 134-167)
[main 19e5384] refresh 2026-09-08-12:07
 107 files changed, 1388 insertions(+), 1378 deletions(-)
To https://github.com/lumingze-56/cryptodata-site.git
   d585448..19e5384  main -> main
indexnow HTTP 200
[2026-09-08 12:07 UTC] refresh done
📡 拉取 Binance 24h 行情…
✅ 获取 50 个币种数据
✅ 生成 50 个币页 + 2 个对比页 + index/sitemap/llms/robots/IndexNow → /root/deepseek/work/crypto-site/public
📏 答案块词数抽查 (AERO): 156 词 (目标 134-167)
[main 3cb214d] refresh 2026-09-08-13:07
 107 files changed, 1406 insertions(+), 1396 deletions(-)
To https://github.com/lumingze-56/cryptodata-site.git
   19e5384..3cb214d  main -> main
indexnow HTTP 200
[2026-09-08 13:07 UTC] refresh done
📡 拉取 Binance 24h 行情…
✅ 获取 50 个币种数据
✅ 生成 50 个币页 + 2 个对比页 + index/sitemap/llms/robots/IndexNow → /root/deepseek/work/crypto-site/public
📏 答案块词数抽查 (SAHARA): 156 词 (目标 134-167)
[main 62326dc] refresh 2026-09-08-14:07
 107 files changed, 1456 insertions(+), 1446 deletions(-)
To https://github.com/lumingze-56/cryptodata-site.git
   3cb214d..62326dc  main -> main
indexnow HTTP 200
[2026-09-08 14:07 UTC] refresh done
📡 拉取 Binance 24h 行情…
✅ 获取 50 个币种数据
✅ 生成 50 个币页 + 2 个对比页 + index/sitemap/llms/robots/IndexNow → /root/deepseek/work/crypto-site/public
📏 答案块词数抽查 (ICP): 160 词 (目标 134-167)
[main 1cd324f] refresh 2026-09-08-15:07
 107 files changed, 1396 insertions(+), 1386 deletions(-)
To https://github.com/lumingze-56/cryptodata-site.git
   62326dc..1cd324f  main -> main
indexnow HTTP 200
[2026-09-08 15:07 UTC] refresh done
📡 拉取 Binance 24h 行情…
✅ 获取 50 个币种数据
✅ 生成 50 个币页 + 2 个对比页 + index/sitemap/llms/robots/IndexNow → /root/deepseek/work/crypto-site/public
📏 答案块词数抽查 (ENA): 158 词 (目标 134-167)
[main f3352da] refresh 2026-09-08-16:07
 107 files changed, 1406 insertions(+), 1396 deletions(-)
To https://github.com/lumingze-56/cryptodata-site.git
   1cd324f..f3352da  main -> main
indexnow HTTP 200
[2026-09-08 16:07 UTC] refresh done
📡 拉取 Binance 24h 行情…
✅ 获取 50 个币种数据
✅ 生成 50 个币页 + 2 个对比页 + index/sitemap/llms/robots/IndexNow → /root/deepseek/work/crypto-site/public
📏 答案块词数抽查 (DOT): 156 词 (目标 134-167)
[main 7f37a52] refresh 2026-09-08-17:07
 107 files changed, 1384 insertions(+), 1374 deletions(-)
To https://github.com/lumingze-56/cryptodata-site.git
   f3352da..7f37a52  main -> main
indexnow HTTP 200
[2026-09-08 17:07 UTC] refresh done
📡 拉取 Binance 24h 行情…
✅ 获取 50 个币种数据
✅ 生成 50 个币页 + 2 个对比页 + index/sitemap/llms/robots/IndexNow → /root/deepseek/work/crypto-site/public
📏 答案块词数抽查 (ACE): 156 词 (目标 134-167)
[main 33efc73] refresh 2026-09-08-18:07
 107 files changed, 1388 insertions(+), 1378 deletions(-)
To https://github.com/lumingze-56/cryptodata-site.git
   7f37a52..33efc73  main -> main
indexnow HTTP 200
[2026-09-08 18:07 UTC] refresh done
📡 拉取 Binance 24h 行情…
✅ 获取 50 个币种数据
✅ 生成 50 个币页 + 2 个对比页 + index/sitemap/llms/robots/IndexNow → /root/deepseek/work/crypto-site/public
📏 答案块词数抽查 (AVAX): 158 词 (目标 134-167)
[main 22f03aa] refresh 2026-09-08-19:07
 107 files changed, 1370 insertions(+), 1360 deletions(-)
To https://github.com/lumingze-56/cryptodata-site.git
   33efc73..22f03aa  main -> main
indexnow HTTP 200
[2026-09-08 19:07 UTC] refresh done
📡 拉取 Binance 24h 行情…
✅ 获取 50 个币种数据
✅ 生成 50 个币页 + 2 个对比页 + index/sitemap/llms/robots/IndexNow → /root/deepseek/work/crypto-site/public
📏 答案块词数抽查 (BTC): 158 词 (目标 134-167)
[main 6ff25f8] refresh 2026-09-08-20:07
 107 files changed, 1456 insertions(+), 1342 deletions(-)
 create mode 100644 coin/etc.html
 create mode 100644 public/coin/etc.html
To https://github.com/lumingze-56/cryptodata-site.git
   22f03aa..6ff25f8  main -> main
indexnow HTTP 200
[2026-09-08 20:07 UTC] refresh done
📡 拉取 Binance 24h 行情…
✅ 获取 50 个币种数据
✅ 生成 50 个币页 + 2 个对比页 + index/sitemap/llms/robots/IndexNow → /root/deepseek/work/crypto-site/public
📏 答案块词数抽查 (WLD): 158 词 (目标 134-167)
[main 655b0b0] refresh 2026-09-08-21:07
 107 files changed, 1356 insertions(+), 1344 deletions(-)
To https://github.com/lumingze-56/cryptodata-site.git
   6ff25f8..655b0b0  main -> main
indexnow HTTP 200
[2026-09-08 21:07 UTC] refresh done
📡 拉取 Binance 24h 行情…
✅ 获取 50 个币种数据
✅ 生成 50 个币页 + 2 个对比页 + index/sitemap/llms/robots/IndexNow → /root/deepseek/work/crypto-site/public
📏 答案块词数抽查 (DOGE): 158 词 (目标 134-167)
[main d02486d] refresh 2026-09-08-22:07
 107 files changed, 1362 insertions(+), 1352 deletions(-)
To https://github.com/lumingze-56/cryptodata-site.git
   655b0b0..d02486d  main -> main
indexnow HTTP 200
[2026-09-08 22:07 UTC] refresh done
📡 拉取 Binance 24h 行情…
✅ 获取 50 个币种数据
✅ 生成 50 个币页 + 2 个对比页 + index/sitemap/llms/robots/IndexNow → /root/deepseek/work/crypto-site/public
📏 答案块词数抽查 (ASTER): 158 词 (目标 134-167)
[main a4f31c2] refresh 2026-09-08-23:07
 107 files changed, 1366 insertions(+), 1356 deletions(-)
To https://github.com/lumingze-56/cryptodata-site.git
   d02486d..a4f31c2  main -> main
indexnow HTTP 200
[2026-09-08 23:07 UTC] refresh done
📡 拉取 Binance 24h 行情…
✅ 获取 50 个币种数据
✅ 生成 50 个币页 + 2 个对比页 + index/sitemap/llms/robots/IndexNow → /root/deepseek/work/crypto-site/public
📏 答案块词数抽查 (WLD): 156 词 (目标 134-167)
[main d5fa4fd] refresh 2026-09-09-00:07
 107 files changed, 1358 insertions(+), 1348 deletions(-)
To https://github.com/lumingze-56/cryptodata-site.git
   a4f31c2..d5fa4fd  main -> main
indexnow HTTP 200
[2026-09-09 00:07 UTC] refresh done
📡 拉取 Binance 24h 行情…
✅ 获取 50 个币种数据
✅ 生成 50 个币页 + 2 个对比页 + index/sitemap/llms/robots/IndexNow → /root/deepseek/work/crypto-site/public
📏 答案块词数抽查 (NEAR): 160 词 (目标 134-167)
[main 0367460] refresh 2026-09-09-01:07
 107 files changed, 1368 insertions(+), 1358 deletions(-)
To https://github.com/lumingze-56/cryptodata-site.git
   d5fa4fd..0367460  main -> main
indexnow HTTP 200
[2026-09-09 01:07 UTC] refresh done
📡 拉取 Binance 24h 行情…
✅ 获取 50 个币种数据
✅ 生成 50 个币页 + 2 个对比页 + index/sitemap/llms/robots/IndexNow → /root/deepseek/work/crypto-site/public
📏 答案块词数抽查 (SAHARA): 158 词 (目标 134-167)
[main 22d0b46] refresh 2026-09-09-02:07
 107 files changed, 1380 insertions(+), 1370 deletions(-)
To https://github.com/lumingze-56/cryptodata-site.git
   0367460..22d0b46  main -> main
indexnow HTTP 200
[2026-09-09 02:07 UTC] refresh done
📡 拉取 Binance 24h 行情…
✅ 获取 50 个币种数据
✅ 生成 50 个币页 + 2 个对比页 + index/sitemap/llms/robots/IndexNow → /root/deepseek/work/crypto-site/public
📏 答案块词数抽查 (SOL): 158 词 (目标 134-167)
[main 94bf1ab] refresh 2026-09-09-03:07
 107 files changed, 1404 insertions(+), 1394 deletions(-)
To https://github.com/lumingze-56/cryptodata-site.git
   22d0b46..94bf1ab  main -> main
indexnow HTTP 200
[2026-09-09 03:07 UTC] refresh done
📡 拉取 Binance 24h 行情…
✅ 获取 50 个币种数据
✅ 生成 50 个币页 + 2 个对比页 + index/sitemap/llms/robots/IndexNow → /root/deepseek/work/crypto-site/public
📏 答案块词数抽查 (SOL): 158 词 (目标 134-167)
[main a9e8fb4] refresh 2026-09-09-04:07
 107 files changed, 1460 insertions(+), 1346 deletions(-)
 create mode 100644 coin/dogs.html
 create mode 100644 public/coin/dogs.html
To https://github.com/lumingze-56/cryptodata-site.git
   94bf1ab..a9e8fb4  main -> main
indexnow HTTP 200
[2026-09-09 04:07 UTC] refresh done
📡 拉取 Binance 24h 行情…
✅ 获取 50 个币种数据
✅ 生成 50 个币页 + 2 个对比页 + index/sitemap/llms/robots/IndexNow → /root/deepseek/work/crypto-site/public
📏 答案块词数抽查 (CAKE): 158 词 (目标 134-167)
[main fad66e1] refresh 2026-09-09-05:07
 107 files changed, 1378 insertions(+), 1366 deletions(-)
To https://github.com/lumingze-56/cryptodata-site.git
   a9e8fb4..fad66e1  main -> main
indexnow HTTP 200
[2026-09-09 05:07 UTC] refresh done
📡 拉取 Binance 24h 行情…
✅ 获取 50 个币种数据
✅ 生成 50 个币页 + 2 个对比页 + index/sitemap/llms/robots/IndexNow → /root/deepseek/work/crypto-site/public
📏 答案块词数抽查 (ZKC): 158 词 (目标 134-167)
[main e819fc7] refresh 2026-09-09-06:07
 107 files changed, 1356 insertions(+), 1346 deletions(-)
To https://github.com/lumingze-56/cryptodata-site.git
   fad66e1..e819fc7  main -> main
indexnow HTTP 200
[2026-09-09 06:07 UTC] refresh done
📡 拉取 Binance 24h 行情…
✅ 获取 50 个币种数据
✅ 生成 50 个币页 + 2 个对比页 + index/sitemap/llms/robots/IndexNow → /root/deepseek/work/crypto-site/public
📏 答案块词数抽查 (DOT): 156 词 (目标 134-167)
[main 43c6a35] refresh 2026-09-09-07:07
 107 files changed, 1368 insertions(+), 1358 deletions(-)
To https://github.com/lumingze-56/cryptodata-site.git
   e819fc7..43c6a35  main -> main
indexnow HTTP 200
[2026-09-09 07:07 UTC] refresh done
📡 拉取 Binance 24h 行情…
✅ 获取 50 个币种数据
✅ 生成 50 个币页 + 2 个对比页 + index/sitemap/llms/robots/IndexNow → /root/deepseek/work/crypto-site/public
📏 答案块词数抽查 (DASH): 156 词 (目标 134-167)
[main 7d68ace] refresh 2026-09-09-08:07
 107 files changed, 1470 insertions(+), 1356 deletions(-)
 create mode 100644 coin/kat.html
 create mode 100644 public/coin/kat.html
To https://github.com/lumingze-56/cryptodata-site.git
   43c6a35..7d68ace  main -> main
indexnow HTTP 200
[2026-09-09 08:07 UTC] refresh done
📡 拉取 Binance 24h 行情…
✅ 获取 50 个币种数据
✅ 生成 50 个币页 + 2 个对比页 + index/sitemap/llms/robots/IndexNow → /root/deepseek/work/crypto-site/public
📏 答案块词数抽查 (BCH): 160 词 (目标 134-167)
[main 9ef8b87] refresh 2026-09-09-09:07
 107 files changed, 1380 insertions(+), 1368 deletions(-)
To https://github.com/lumingze-56/cryptodata-site.git
   7d68ace..9ef8b87  main -> main
indexnow HTTP 200
[2026-09-09 09:07 UTC] refresh done
📡 拉取 Binance 24h 行情…
✅ 获取 50 个币种数据
✅ 生成 50 个币页 + 2 个对比页 + index/sitemap/llms/robots/IndexNow → /root/deepseek/work/crypto-site/public
📏 答案块词数抽查 (NEAR): 158 词 (目标 134-167)
[main 4f7ab2c] refresh 2026-09-09-10:07
 107 files changed, 1454 insertions(+), 1340 deletions(-)
 create mode 100644 coin/atom.html
 create mode 100644 public/coin/atom.html
To https://github.com/lumingze-56/cryptodata-site.git
   9ef8b87..4f7ab2c  main -> main
indexnow HTTP 200
[2026-09-09 10:07 UTC] refresh done
📡 拉取 Binance 24h 行情…
✅ 获取 50 个币种数据
✅ 生成 50 个币页 + 2 个对比页 + index/sitemap/llms/robots/IndexNow → /root/deepseek/work/crypto-site/public
📏 答案块词数抽查 (INJ): 158 词 (目标 134-167)
[main 0e08925] refresh 2026-09-09-11:07
 107 files changed, 1408 insertions(+), 1396 deletions(-)
To https://github.com/lumingze-56/cryptodata-site.git
   4f7ab2c..0e08925  main -> main
indexnow HTTP 200
[2026-09-09 11:07 UTC] refresh done
📡 拉取 Binance 24h 行情…
✅ 获取 50 个币种数据
✅ 生成 50 个币页 + 2 个对比页 + index/sitemap/llms/robots/IndexNow → /root/deepseek/work/crypto-site/public
📏 答案块词数抽查 (TAO): 156 词 (目标 134-167)
[main 8dd71e9] refresh 2026-09-09-12:07
 107 files changed, 1382 insertions(+), 1372 deletions(-)
To https://github.com/lumingze-56/cryptodata-site.git
   0e08925..8dd71e9  main -> main
indexnow HTTP 200
[2026-09-09 12:07 UTC] refresh done
📡 拉取 Binance 24h 行情…
✅ 获取 50 个币种数据
✅ 生成 50 个币页 + 2 个对比页 + index/sitemap/llms/robots/IndexNow → /root/deepseek/work/crypto-site/public
📏 答案块词数抽查 (ETC): 160 词 (目标 134-167)
[main b00bf53] refresh 2026-09-09-13:07
 107 files changed, 1452 insertions(+), 1338 deletions(-)
 create mode 100644 coin/holo.html
 create mode 100644 public/coin/holo.html
To https://github.com/lumingze-56/cryptodata-site.git
   8dd71e9..b00bf53  main -> main
indexnow HTTP 200
[2026-09-09 13:07 UTC] refresh done
📡 拉取 Binance 24h 行情…
✅ 获取 50 个币种数据
✅ 生成 50 个币页 + 2 个对比页 + index/sitemap/llms/robots/IndexNow → /root/deepseek/work/crypto-site/public
📏 答案块词数抽查 (LTC): 158 词 (目标 134-167)
[main dae62a5] refresh 2026-09-09-14:07
 107 files changed, 1442 insertions(+), 1430 deletions(-)
To https://github.com/lumingze-56/cryptodata-site.git
   b00bf53..dae62a5  main -> main
indexnow HTTP 200
[2026-09-09 14:07 UTC] refresh done
📡 拉取 Binance 24h 行情…
✅ 获取 50 个币种数据
✅ 生成 50 个币页 + 2 个对比页 + index/sitemap/llms/robots/IndexNow → /root/deepseek/work/crypto-site/public
📏 答案块词数抽查 (BTC): 158 词 (目标 134-167)
[main a624a44] refresh 2026-09-09-15:07
 107 files changed, 1430 insertions(+), 1420 deletions(-)
To https://github.com/lumingze-56/cryptodata-site.git
   dae62a5..a624a44  main -> main
indexnow HTTP 200
[2026-09-09 15:07 UTC] refresh done
📡 拉取 Binance 24h 行情…
✅ 获取 50 个币种数据
✅ 生成 50 个币页 + 2 个对比页 + index/sitemap/llms/robots/IndexNow → /root/deepseek/work/crypto-site/public
📏 答案块词数抽查 (ATOM): 156 词 (目标 134-167)
[main bdd0810] refresh 2026-09-09-16:07
 107 files changed, 1548 insertions(+), 1434 deletions(-)
 create mode 100644 "coin/\347\211\233\346\235\245.html"
 create mode 100644 "public/coin/\347\211\233\346\235\245.html"
To https://github.com/lumingze-56/cryptodata-site.git
   a624a44..bdd0810  main -> main
indexnow HTTP 200
[2026-09-09 16:07 UTC] refresh done
📡 拉取 Binance 24h 行情…
✅ 获取 50 个币种数据
✅ 生成 50 个币页 + 2 个对比页 + index/sitemap/llms/robots/IndexNow → /root/deepseek/work/crypto-site/public
📏 答案块词数抽查 (PROM): 156 词 (目标 134-167)
[main 266ba1e] refresh 2026-09-09-17:07
 107 files changed, 1406 insertions(+), 1394 deletions(-)
To https://github.com/lumingze-56/cryptodata-site.git
   bdd0810..266ba1e  main -> main
indexnow HTTP 200
[2026-09-09 17:07 UTC] refresh done
📡 拉取 Binance 24h 行情…
✅ 获取 50 个币种数据
✅ 生成 50 个币页 + 2 个对比页 + index/sitemap/llms/robots/IndexNow → /root/deepseek/work/crypto-site/public
📏 答案块词数抽查 (CRCLB): 158 词 (目标 134-167)
[main 3d27b01] refresh 2026-09-09-18:07
 107 files changed, 1390 insertions(+), 1380 deletions(-)
To https://github.com/lumingze-56/cryptodata-site.git
   266ba1e..3d27b01  main -> main
indexnow HTTP 200
[2026-09-09 18:07 UTC] refresh done
📡 拉取 Binance 24h 行情…
✅ 获取 50 个币种数据
✅ 生成 50 个币页 + 2 个对比页 + index/sitemap/llms/robots/IndexNow → /root/deepseek/work/crypto-site/public
📏 答案块词数抽查 (XLM): 158 词 (目标 134-167)
[main e86ed9e] refresh 2026-09-09-19:07
 107 files changed, 1382 insertions(+), 1372 deletions(-)
To https://github.com/lumingze-56/cryptodata-site.git
   3d27b01..e86ed9e  main -> main
indexnow HTTP 200
[2026-09-09 19:07 UTC] refresh done
📡 拉取 Binance 24h 行情…
✅ 获取 50 个币种数据
✅ 生成 50 个币页 + 2 个对比页 + index/sitemap/llms/robots/IndexNow → /root/deepseek/work/crypto-site/public
📏 答案块词数抽查 (DOT): 156 词 (目标 134-167)
[main 1c6cd2d] refresh 2026-09-09-20:07
 107 files changed, 1388 insertions(+), 1378 deletions(-)
To https://github.com/lumingze-56/cryptodata-site.git
   e86ed9e..1c6cd2d  main -> main
indexnow HTTP 200
[2026-09-09 20:07 UTC] refresh done
📡 拉取 Binance 24h 行情…
✅ 获取 50 个币种数据
✅ 生成 50 个币页 + 2 个对比页 + index/sitemap/llms/robots/IndexNow → /root/deepseek/work/crypto-site/public
📏 答案块词数抽查 (APT): 158 词 (目标 134-167)
[main 8fa0e37] refresh 2026-09-09-21:07
 107 files changed, 1418 insertions(+), 1408 deletions(-)
To https://github.com/lumingze-56/cryptodata-site.git
   1c6cd2d..8fa0e37  main -> main
indexnow HTTP 200
[2026-09-09 21:07 UTC] refresh done
📡 拉取 Binance 24h 行情…
✅ 获取 50 个币种数据
✅ 生成 50 个币页 + 2 个对比页 + index/sitemap/llms/robots/IndexNow → /root/deepseek/work/crypto-site/public
📏 答案块词数抽查 (TRX): 158 词 (目标 134-167)
[main c65431c] refresh 2026-09-09-22:07
 107 files changed, 1418 insertions(+), 1408 deletions(-)
To https://github.com/lumingze-56/cryptodata-site.git
   8fa0e37..c65431c  main -> main
indexnow HTTP 200
[2026-09-09 22:07 UTC] refresh done
📡 拉取 Binance 24h 行情…
✅ 获取 50 个币种数据
✅ 生成 50 个币页 + 2 个对比页 + index/sitemap/llms/robots/IndexNow → /root/deepseek/work/crypto-site/public
📏 答案块词数抽查 (AAVE): 156 词 (目标 134-167)
[main 0c9738b] refresh 2026-09-09-23:07
 107 files changed, 1432 insertions(+), 1422 deletions(-)
To https://github.com/lumingze-56/cryptodata-site.git
   c65431c..0c9738b  main -> main
indexnow HTTP 200
[2026-09-09 23:07 UTC] refresh done
📡 拉取 Binance 24h 行情…
✅ 获取 50 个币种数据
✅ 生成 50 个币页 + 2 个对比页 + index/sitemap/llms/robots/IndexNow → /root/deepseek/work/crypto-site/public
📏 答案块词数抽查 (SNDKB): 158 词 (目标 134-167)
[main 5364c2a] refresh 2026-09-10-00:07
 107 files changed, 1348 insertions(+), 1338 deletions(-)
To https://github.com/lumingze-56/cryptodata-site.git
   0c9738b..5364c2a  main -> main
indexnow HTTP 200
[2026-09-10 00:07 UTC] refresh done
📡 拉取 Binance 24h 行情…
✅ 获取 50 个币种数据
✅ 生成 50 个币页 + 2 个对比页 + index/sitemap/llms/robots/IndexNow → /root/deepseek/work/crypto-site/public
📏 答案块词数抽查 (SOPH): 156 词 (目标 134-167)
[main 4635a30] refresh 2026-09-10-01:07
 107 files changed, 1390 insertions(+), 1380 deletions(-)
To https://github.com/lumingze-56/cryptodata-site.git
   5364c2a..4635a30  main -> main
indexnow HTTP 200
[2026-09-10 01:07 UTC] refresh done
📡 拉取 Binance 24h 行情…
✅ 获取 50 个币种数据
✅ 生成 50 个币页 + 2 个对比页 + index/sitemap/llms/robots/IndexNow → /root/deepseek/work/crypto-site/public
📏 答案块词数抽查 (DOGE): 156 词 (目标 134-167)
[main dda22f0] refresh 2026-09-10-02:07
 107 files changed, 1386 insertions(+), 1376 deletions(-)
To https://github.com/lumingze-56/cryptodata-site.git
   4635a30..dda22f0  main -> main
indexnow HTTP 200
[2026-09-10 02:07 UTC] refresh done
📡 拉取 Binance 24h 行情…
✅ 获取 50 个币种数据
✅ 生成 50 个币页 + 2 个对比页 + index/sitemap/llms/robots/IndexNow → /root/deepseek/work/crypto-site/public
📏 答案块词数抽查 (RAY): 156 词 (目标 134-167)
[main 020149e] refresh 2026-09-10-03:07
 107 files changed, 1356 insertions(+), 1346 deletions(-)
To https://github.com/lumingze-56/cryptodata-site.git
   dda22f0..020149e  main -> main
indexnow HTTP 200
[2026-09-10 03:07 UTC] refresh done
📡 拉取 Binance 24h 行情…
✅ 获取 50 个币种数据
✅ 生成 50 个币页 + 2 个对比页 + index/sitemap/llms/robots/IndexNow → /root/deepseek/work/crypto-site/public
📏 答案块词数抽查 (PENGU): 156 词 (目标 134-167)
[main 07b5b8d] refresh 2026-09-10-04:07
 107 files changed, 1424 insertions(+), 1310 deletions(-)
 create mode 100644 coin/vtho.html
 create mode 100644 public/coin/vtho.html
To https://github.com/lumingze-56/cryptodata-site.git
   020149e..07b5b8d  main -> main
indexnow HTTP 200
[2026-09-10 04:07 UTC] refresh done
📡 拉取 Binance 24h 行情…
✅ 获取 50 个币种数据
✅ 生成 50 个币页 + 2 个对比页 + index/sitemap/llms/robots/IndexNow → /root/deepseek/work/crypto-site/public
📏 答案块词数抽查 (VTHO): 156 词 (目标 134-167)
[main 5313e72] refresh 2026-09-10-05:07
 107 files changed, 1372 insertions(+), 1360 deletions(-)
To https://github.com/lumingze-56/cryptodata-site.git
   07b5b8d..5313e72  main -> main
indexnow HTTP 200
[2026-09-10 05:07 UTC] refresh done
📡 拉取 Binance 24h 行情…
✅ 获取 50 个币种数据
✅ 生成 50 个币页 + 2 个对比页 + index/sitemap/llms/robots/IndexNow → /root/deepseek/work/crypto-site/public
📏 答案块词数抽查 (DOGE): 156 词 (目标 134-167)
[main 6bfd62e] refresh 2026-09-10-06:07
 107 files changed, 1344 insertions(+), 1334 deletions(-)
To https://github.com/lumingze-56/cryptodata-site.git
   5313e72..6bfd62e  main -> main
indexnow HTTP 200
[2026-09-10 06:07 UTC] refresh done
📡 拉取 Binance 24h 行情…
✅ 获取 50 个币种数据
✅ 生成 50 个币页 + 2 个对比页 + index/sitemap/llms/robots/IndexNow → /root/deepseek/work/crypto-site/public
📏 答案块词数抽查 (ONDO): 156 词 (目标 134-167)
[main b4cc0ac] refresh 2026-09-10-07:07
 107 files changed, 1348 insertions(+), 1338 deletions(-)
To https://github.com/lumingze-56/cryptodata-site.git
   6bfd62e..b4cc0ac  main -> main
indexnow HTTP 200
[2026-09-10 07:07 UTC] refresh done
📡 拉取 Binance 24h 行情…
✅ 获取 50 个币种数据
✅ 生成 50 个币页 + 2 个对比页 + index/sitemap/llms/robots/IndexNow → /root/deepseek/work/crypto-site/public
📏 答案块词数抽查 (XPL): 156 词 (目标 134-167)
[main 0e11cea] refresh 2026-09-10-08:07
 107 files changed, 1396 insertions(+), 1386 deletions(-)
To https://github.com/lumingze-56/cryptodata-site.git
   b4cc0ac..0e11cea  main -> main
indexnow HTTP 200
[2026-09-10 08:07 UTC] refresh done
📡 拉取 Binance 24h 行情…
✅ 获取 50 个币种数据
✅ 生成 50 个币页 + 2 个对比页 + index/sitemap/llms/robots/IndexNow → /root/deepseek/work/crypto-site/public
📏 答案块词数抽查 (MSTRB): 156 词 (目标 134-167)
[main 0ea4a29] refresh 2026-09-10-09:07
 107 files changed, 1402 insertions(+), 1392 deletions(-)
To https://github.com/lumingze-56/cryptodata-site.git
   0e11cea..0ea4a29  main -> main
indexnow HTTP 200
[2026-09-10 09:07 UTC] refresh done
📡 拉取 Binance 24h 行情…
✅ 获取 50 个币种数据
✅ 生成 50 个币页 + 2 个对比页 + index/sitemap/llms/robots/IndexNow → /root/deepseek/work/crypto-site/public
📏 答案块词数抽查 (ADA): 158 词 (目标 134-167)
[main fb4e9dd] refresh 2026-09-10-10:07
 107 files changed, 1426 insertions(+), 1416 deletions(-)
To https://github.com/lumingze-56/cryptodata-site.git
   0ea4a29..fb4e9dd  main -> main
indexnow HTTP 200
[2026-09-10 10:07 UTC] refresh done
📡 拉取 Binance 24h 行情…
✅ 获取 50 个币种数据
✅ 生成 50 个币页 + 2 个对比页 + index/sitemap/llms/robots/IndexNow → /root/deepseek/work/crypto-site/public
📏 答案块词数抽查 (BNB): 156 词 (目标 134-167)
[main 129931d] refresh 2026-09-10-11:07
 107 files changed, 1488 insertions(+), 1374 deletions(-)
 create mode 100644 coin/the.html
 create mode 100644 public/coin/the.html
To https://github.com/lumingze-56/cryptodata-site.git
   fb4e9dd..129931d  main -> main
indexnow HTTP 200
[2026-09-10 11:07 UTC] refresh done
📡 拉取 Binance 24h 行情…
✅ 获取 50 个币种数据
✅ 生成 50 个币页 + 2 个对比页 + index/sitemap/llms/robots/IndexNow → /root/deepseek/work/crypto-site/public
📏 答案块词数抽查 (ARB): 156 词 (目标 134-167)
[main 99d7169] refresh 2026-09-10-12:07
 107 files changed, 1444 insertions(+), 1328 deletions(-)
 create mode 100644 coin/rez.html
 create mode 100644 public/coin/rez.html
To https://github.com/lumingze-56/cryptodata-site.git
   129931d..99d7169  main -> main
indexnow HTTP 200
[2026-09-10 12:07 UTC] refresh done
📡 拉取 Binance 24h 行情…
✅ 获取 50 个币种数据
✅ 生成 50 个币页 + 2 个对比页 + index/sitemap/llms/robots/IndexNow → /root/deepseek/work/crypto-site/public
📏 答案块词数抽查 (SAHARA): 158 词 (目标 134-167)
[main 6321163] refresh 2026-09-10-13:07
 107 files changed, 1490 insertions(+), 1478 deletions(-)
To https://github.com/lumingze-56/cryptodata-site.git
   99d7169..6321163  main -> main
indexnow HTTP 200
[2026-09-10 13:07 UTC] refresh done
📡 拉取 Binance 24h 行情…
✅ 获取 50 个币种数据
✅ 生成 50 个币页 + 2 个对比页 + index/sitemap/llms/robots/IndexNow → /root/deepseek/work/crypto-site/public
📏 答案块词数抽查 (IOST): 156 词 (目标 134-167)
[main 0bc12a8] refresh 2026-09-10-14:07
 107 files changed, 1446 insertions(+), 1436 deletions(-)
To https://github.com/lumingze-56/cryptodata-site.git
   6321163..0bc12a8  main -> main
indexnow HTTP 200
[2026-09-10 14:07 UTC] refresh done
📡 拉取 Binance 24h 行情…
✅ 获取 50 个币种数据
✅ 生成 50 个币页 + 2 个对比页 + index/sitemap/llms/robots/IndexNow → /root/deepseek/work/crypto-site/public
📏 答案块词数抽查 (HOLO): 156 词 (目标 134-167)
[main e42cfd9] refresh 2026-09-10-15:07
 107 files changed, 1518 insertions(+), 1404 deletions(-)
 create mode 100644 coin/ethfi.html
 create mode 100644 public/coin/ethfi.html
To https://github.com/lumingze-56/cryptodata-site.git
   0bc12a8..e42cfd9  main -> main
indexnow HTTP 200
[2026-09-10 15:07 UTC] refresh done
📡 拉取 Binance 24h 行情…
✅ 获取 50 个币种数据
✅ 生成 50 个币页 + 2 个对比页 + index/sitemap/llms/robots/IndexNow → /root/deepseek/work/crypto-site/public
📏 答案块词数抽查 (ONDO): 156 词 (目标 134-167)
[main 3b3287f] refresh 2026-09-10-16:07
 107 files changed, 1402 insertions(+), 1390 deletions(-)
To https://github.com/lumingze-56/cryptodata-site.git
   e42cfd9..3b3287f  main -> main
indexnow HTTP 200
[2026-09-10 16:07 UTC] refresh done
📡 拉取 Binance 24h 行情…
✅ 获取 50 个币种数据
✅ 生成 50 个币页 + 2 个对比页 + index/sitemap/llms/robots/IndexNow → /root/deepseek/work/crypto-site/public
📏 答案块词数抽查 (RAY): 158 词 (目标 134-167)
[main bfca3a6] refresh 2026-09-10-17:07
 107 files changed, 1410 insertions(+), 1400 deletions(-)
To https://github.com/lumingze-56/cryptodata-site.git
   3b3287f..bfca3a6  main -> main
indexnow HTTP 200
[2026-09-10 17:07 UTC] refresh done
📡 拉取 Binance 24h 行情…
✅ 获取 50 个币种数据
✅ 生成 50 个币页 + 2 个对比页 + index/sitemap/llms/robots/IndexNow → /root/deepseek/work/crypto-site/public
📏 答案块词数抽查 (ENA): 156 词 (目标 134-167)
[main 449e214] refresh 2026-09-10-18:07
 107 files changed, 1408 insertions(+), 1398 deletions(-)
To https://github.com/lumingze-56/cryptodata-site.git
   bfca3a6..449e214  main -> main
indexnow HTTP 200
[2026-09-10 18:07 UTC] refresh done
📡 拉取 Binance 24h 行情…
✅ 获取 50 个币种数据
✅ 生成 50 个币页 + 2 个对比页 + index/sitemap/llms/robots/IndexNow → /root/deepseek/work/crypto-site/public
📏 答案块词数抽查 (TAO): 156 词 (目标 134-167)
[main 0cd2b6c] refresh 2026-09-10-19:07
 107 files changed, 1408 insertions(+), 1398 deletions(-)
To https://github.com/lumingze-56/cryptodata-site.git
   449e214..0cd2b6c  main -> main
indexnow HTTP 200
[2026-09-10 19:07 UTC] refresh done
📡 拉取 Binance 24h 行情…
✅ 获取 50 个币种数据
✅ 生成 50 个币页 + 2 个对比页 + index/sitemap/llms/robots/IndexNow → /root/deepseek/work/crypto-site/public
📏 答案块词数抽查 (LTC): 158 词 (目标 134-167)
[main 03a53a7] refresh 2026-09-10-20:07
 107 files changed, 1492 insertions(+), 1378 deletions(-)
 create mode 100644 coin/saga.html
 create mode 100644 public/coin/saga.html
To https://github.com/lumingze-56/cryptodata-site.git
   0cd2b6c..03a53a7  main -> main
indexnow HTTP 200
[2026-09-10 20:07 UTC] refresh done
📡 拉取 Binance 24h 行情…
✅ 获取 50 个币种数据
✅ 生成 50 个币页 + 2 个对比页 + index/sitemap/llms/robots/IndexNow → /root/deepseek/work/crypto-site/public
📏 答案块词数抽查 (BNB): 158 词 (目标 134-167)
[main d5ab4ee] refresh 2026-09-10-21:07
 107 files changed, 1396 insertions(+), 1384 deletions(-)
To https://github.com/lumingze-56/cryptodata-site.git
   03a53a7..d5ab4ee  main -> main
indexnow HTTP 200
[2026-09-10 21:07 UTC] refresh done
📡 拉取 Binance 24h 行情…
✅ 获取 50 个币种数据
✅ 生成 50 个币页 + 2 个对比页 + index/sitemap/llms/robots/IndexNow → /root/deepseek/work/crypto-site/public
📏 答案块词数抽查 (SAGA): 156 词 (目标 134-167)
[main 4278ed7] refresh 2026-09-10-22:07
 107 files changed, 1394 insertions(+), 1384 deletions(-)
To https://github.com/lumingze-56/cryptodata-site.git
   d5ab4ee..4278ed7  main -> main
indexnow HTTP 200
[2026-09-10 22:07 UTC] refresh done
📡 拉取 Binance 24h 行情…
✅ 获取 50 个币种数据
✅ 生成 50 个币页 + 2 个对比页 + index/sitemap/llms/robots/IndexNow → /root/deepseek/work/crypto-site/public
📏 答案块词数抽查 (SAHARA): 156 词 (目标 134-167)
[main 280a3fe] refresh 2026-09-10-23:07
 107 files changed, 1426 insertions(+), 1416 deletions(-)
To https://github.com/lumingze-56/cryptodata-site.git
   4278ed7..280a3fe  main -> main
indexnow HTTP 200
[2026-09-10 23:07 UTC] refresh done
📡 拉取 Binance 24h 行情…
✅ 获取 50 个币种数据
✅ 生成 50 个币页 + 2 个对比页 + index/sitemap/llms/robots/IndexNow → /root/deepseek/work/crypto-site/public
📏 答案块词数抽查 (ENA): 156 词 (目标 134-167)
[main 2396612] refresh 2026-09-11-00:07
 107 files changed, 1406 insertions(+), 1396 deletions(-)
To https://github.com/lumingze-56/cryptodata-site.git
   280a3fe..2396612  main -> main
indexnow HTTP 200
[2026-09-11 00:07 UTC] refresh done
📡 拉取 Binance 24h 行情…
✅ 获取 50 个币种数据
✅ 生成 50 个币页 + 2 个对比页 + index/sitemap/llms/robots/IndexNow → /root/deepseek/work/crypto-site/public
📏 答案块词数抽查 (ADA): 158 词 (目标 134-167)
[main a93182c] refresh 2026-09-11-01:07
 107 files changed, 1372 insertions(+), 1362 deletions(-)
To https://github.com/lumingze-56/cryptodata-site.git
   2396612..a93182c  main -> main
indexnow HTTP 200
[2026-09-11 01:07 UTC] refresh done
📡 拉取 Binance 24h 行情…
✅ 获取 50 个币种数据
✅ 生成 50 个币页 + 2 个对比页 + index/sitemap/llms/robots/IndexNow → /root/deepseek/work/crypto-site/public
📏 答案块词数抽查 (MARSCOIN): 156 词 (目标 134-167)
[main 62b8ddc] refresh 2026-09-11-02:07
 107 files changed, 1376 insertions(+), 1366 deletions(-)
To https://github.com/lumingze-56/cryptodata-site.git
   a93182c..62b8ddc  main -> main
indexnow HTTP 200
[2026-09-11 02:07 UTC] refresh done
📡 拉取 Binance 24h 行情…
✅ 获取 50 个币种数据
✅ 生成 50 个币页 + 2 个对比页 + index/sitemap/llms/robots/IndexNow → /root/deepseek/work/crypto-site/public
📏 答案块词数抽查 (PUMP): 156 词 (目标 134-167)
[main 17df6cc] refresh 2026-09-11-03:07
 107 files changed, 1386 insertions(+), 1376 deletions(-)
To https://github.com/lumingze-56/cryptodata-site.git
   62b8ddc..17df6cc  main -> main
indexnow HTTP 200
[2026-09-11 03:07 UTC] refresh done
📡 拉取 Binance 24h 行情…
✅ 获取 50 个币种数据
✅ 生成 50 个币页 + 2 个对比页 + index/sitemap/llms/robots/IndexNow → /root/deepseek/work/crypto-site/public
📏 答案块词数抽查 (ADA): 158 词 (目标 134-167)
[main af7b943] refresh 2026-09-11-04:07
 107 files changed, 1388 insertions(+), 1378 deletions(-)
To https://github.com/lumingze-56/cryptodata-site.git
   17df6cc..af7b943  main -> main
indexnow HTTP 200
[2026-09-11 04:07 UTC] refresh done
📡 拉取 Binance 24h 行情…
✅ 获取 50 个币种数据
✅ 生成 50 个币页 + 2 个对比页 + index/sitemap/llms/robots/IndexNow → /root/deepseek/work/crypto-site/public
📏 答案块词数抽查 (SNDKB): 156 词 (目标 134-167)
[main 7eea5b1] refresh 2026-09-11-05:07
 107 files changed, 1396 insertions(+), 1386 deletions(-)
To https://github.com/lumingze-56/cryptodata-site.git
   af7b943..7eea5b1  main -> main
indexnow HTTP 200
[2026-09-11 05:07 UTC] refresh done
📡 拉取 Binance 24h 行情…
✅ 获取 50 个币种数据
✅ 生成 50 个币页 + 2 个对比页 + index/sitemap/llms/robots/IndexNow → /root/deepseek/work/crypto-site/public
📏 答案块词数抽查 (APT): 158 词 (目标 134-167)
[main 25efe0e] refresh 2026-09-11-06:07
 107 files changed, 1360 insertions(+), 1350 deletions(-)
To https://github.com/lumingze-56/cryptodata-site.git
   7eea5b1..25efe0e  main -> main
indexnow HTTP 200
[2026-09-11 06:07 UTC] refresh done
📡 拉取 Binance 24h 行情…
✅ 获取 50 个币种数据
✅ 生成 50 个币页 + 2 个对比页 + index/sitemap/llms/robots/IndexNow → /root/deepseek/work/crypto-site/public
📏 答案块词数抽查 (PUMP): 156 词 (目标 134-167)
[main b461df9] refresh 2026-09-11-07:07
 107 files changed, 1366 insertions(+), 1356 deletions(-)
To https://github.com/lumingze-56/cryptodata-site.git
   25efe0e..b461df9  main -> main
indexnow HTTP 200
[2026-09-11 07:07 UTC] refresh done
📡 拉取 Binance 24h 行情…
✅ 获取 50 个币种数据
✅ 生成 50 个币页 + 2 个对比页 + index/sitemap/llms/robots/IndexNow → /root/deepseek/work/crypto-site/public
📏 答案块词数抽查 (SNDKB): 156 词 (目标 134-167)
[main 8c4c17a] refresh 2026-09-11-08:07
 107 files changed, 1364 insertions(+), 1354 deletions(-)
To https://github.com/lumingze-56/cryptodata-site.git
   b461df9..8c4c17a  main -> main
indexnow HTTP 200
[2026-09-11 08:07 UTC] refresh done
📡 拉取 Binance 24h 行情…
✅ 获取 50 个币种数据
✅ 生成 50 个币页 + 2 个对比页 + index/sitemap/llms/robots/IndexNow → /root/deepseek/work/crypto-site/public
📏 答案块词数抽查 (CRCLB): 158 词 (目标 134-167)
[main bfbf1ad] refresh 2026-09-11-09:07
 107 files changed, 1342 insertions(+), 1332 deletions(-)
To https://github.com/lumingze-56/cryptodata-site.git
   8c4c17a..bfbf1ad  main -> main
indexnow HTTP 200
[2026-09-11 09:07 UTC] refresh done
📡 拉取 Binance 24h 行情…
✅ 获取 50 个币种数据
✅ 生成 50 个币页 + 2 个对比页 + index/sitemap/llms/robots/IndexNow → /root/deepseek/work/crypto-site/public
📏 答案块词数抽查 (DOT): 158 词 (目标 134-167)
[main e55a1e0] refresh 2026-09-11-10:07
 107 files changed, 1368 insertions(+), 1358 deletions(-)
To https://github.com/lumingze-56/cryptodata-site.git
   bfbf1ad..e55a1e0  main -> main
indexnow HTTP 200
[2026-09-11 10:07 UTC] refresh done
📡 拉取 Binance 24h 行情…
✅ 获取 50 个币种数据
✅ 生成 50 个币页 + 2 个对比页 + index/sitemap/llms/robots/IndexNow → /root/deepseek/work/crypto-site/public
📏 答案块词数抽查 (ADA): 156 词 (目标 134-167)
[main fd512ce] refresh 2026-09-11-11:07
 107 files changed, 1390 insertions(+), 1380 deletions(-)
To https://github.com/lumingze-56/cryptodata-site.git
   e55a1e0..fd512ce  main -> main
indexnow HTTP 200
[2026-09-11 11:07 UTC] refresh done
📡 拉取 Binance 24h 行情…
✅ 获取 50 个币种数据
✅ 生成 50 个币页 + 2 个对比页 + index/sitemap/llms/robots/IndexNow → /root/deepseek/work/crypto-site/public
📏 答案块词数抽查 (UNI): 158 词 (目标 134-167)
[main 04df4d7] refresh 2026-09-11-12:07
 107 files changed, 1502 insertions(+), 1388 deletions(-)
 create mode 100644 coin/met.html
 create mode 100644 public/coin/met.html
To https://github.com/lumingze-56/cryptodata-site.git
   fd512ce..04df4d7  main -> main
indexnow HTTP 200
[2026-09-11 12:07 UTC] refresh done
📡 拉取 Binance 24h 行情…
✅ 获取 50 个币种数据
✅ 生成 50 个币页 + 2 个对比页 + index/sitemap/llms/robots/IndexNow → /root/deepseek/work/crypto-site/public
📏 答案块词数抽查 (XRP): 158 词 (目标 134-167)
[main beb5eda] refresh 2026-09-11-13:07
 107 files changed, 1482 insertions(+), 1470 deletions(-)
To https://github.com/lumingze-56/cryptodata-site.git
   04df4d7..beb5eda  main -> main
indexnow HTTP 200
[2026-09-11 13:07 UTC] refresh done
📡 拉取 Binance 24h 行情…
✅ 获取 50 个币种数据
✅ 生成 50 个币页 + 2 个对比页 + index/sitemap/llms/robots/IndexNow → /root/deepseek/work/crypto-site/public
📏 答案块词数抽查 (SAGA): 156 词 (目标 134-167)
[main a3715dd] refresh 2026-09-11-14:07
 107 files changed, 1452 insertions(+), 1442 deletions(-)
To https://github.com/lumingze-56/cryptodata-site.git
   beb5eda..a3715dd  main -> main
indexnow HTTP 200
[2026-09-11 14:07 UTC] refresh done
📡 拉取 Binance 24h 行情…
✅ 获取 50 个币种数据
✅ 生成 50 个币页 + 2 个对比页 + index/sitemap/llms/robots/IndexNow → /root/deepseek/work/crypto-site/public
📏 答案块词数抽查 (NEAR): 158 词 (目标 134-167)
[main 9278f07] refresh 2026-09-11-15:07
 107 files changed, 1398 insertions(+), 1388 deletions(-)
To https://github.com/lumingze-56/cryptodata-site.git
   a3715dd..9278f07  main -> main
indexnow HTTP 200
[2026-09-11 15:07 UTC] refresh done
📡 拉取 Binance 24h 行情…
✅ 获取 50 个币种数据
✅ 生成 50 个币页 + 2 个对比页 + index/sitemap/llms/robots/IndexNow → /root/deepseek/work/crypto-site/public
📏 答案块词数抽查 (ETH): 156 词 (目标 134-167)
[main df728e2] refresh 2026-09-11-16:07
 107 files changed, 1366 insertions(+), 1356 deletions(-)
To https://github.com/lumingze-56/cryptodata-site.git
   9278f07..df728e2  main -> main
indexnow HTTP 200
[2026-09-11 16:07 UTC] refresh done
📡 拉取 Binance 24h 行情…
✅ 获取 50 个币种数据
✅ 生成 50 个币页 + 2 个对比页 + index/sitemap/llms/robots/IndexNow → /root/deepseek/work/crypto-site/public
📏 答案块词数抽查 (BNB): 156 词 (目标 134-167)
[main bf9db09] refresh 2026-09-11-17:07
 107 files changed, 1366 insertions(+), 1356 deletions(-)
To https://github.com/lumingze-56/cryptodata-site.git
   df728e2..bf9db09  main -> main
indexnow HTTP 200
[2026-09-11 17:07 UTC] refresh done
📡 拉取 Binance 24h 行情…
✅ 获取 50 个币种数据
✅ 生成 50 个币页 + 2 个对比页 + index/sitemap/llms/robots/IndexNow → /root/deepseek/work/crypto-site/public
📏 答案块词数抽查 (XRP): 158 词 (目标 134-167)
[main b659e00] refresh 2026-09-11-18:07
 107 files changed, 1444 insertions(+), 1330 deletions(-)
 create mode 100644 coin/nvdab.html
 create mode 100644 public/coin/nvdab.html
To https://github.com/lumingze-56/cryptodata-site.git
   bf9db09..b659e00  main -> main
indexnow HTTP 200
[2026-09-11 18:07 UTC] refresh done
📡 拉取 Binance 24h 行情…
✅ 获取 50 个币种数据
✅ 生成 50 个币页 + 2 个对比页 + index/sitemap/llms/robots/IndexNow → /root/deepseek/work/crypto-site/public
📏 答案块词数抽查 (DOGE): 158 词 (目标 134-167)
[main 47b1d0b] refresh 2026-09-11-19:07
 107 files changed, 1368 insertions(+), 1356 deletions(-)
To https://github.com/lumingze-56/cryptodata-site.git
   b659e00..47b1d0b  main -> main
indexnow HTTP 200
[2026-09-11 19:07 UTC] refresh done
📡 拉取 Binance 24h 行情…
✅ 获取 50 个币种数据
✅ 生成 50 个币页 + 2 个对比页 + index/sitemap/llms/robots/IndexNow → /root/deepseek/work/crypto-site/public
📏 答案块词数抽查 (MARSCOIN): 158 词 (目标 134-167)
[main 1edd1c9] refresh 2026-09-11-20:07
 107 files changed, 1340 insertions(+), 1330 deletions(-)
To https://github.com/lumingze-56/cryptodata-site.git
   47b1d0b..1edd1c9  main -> main
indexnow HTTP 200
[2026-09-11 20:07 UTC] refresh done
📡 拉取 Binance 24h 行情…
✅ 获取 50 个币种数据
✅ 生成 50 个币页 + 2 个对比页 + index/sitemap/llms/robots/IndexNow → /root/deepseek/work/crypto-site/public
📏 答案块词数抽查 (XPL): 156 词 (目标 134-167)
[main e84a855] refresh 2026-09-11-21:07
 107 files changed, 1346 insertions(+), 1336 deletions(-)
To https://github.com/lumingze-56/cryptodata-site.git
   1edd1c9..e84a855  main -> main
indexnow HTTP 200
[2026-09-11 21:07 UTC] refresh done
📡 拉取 Binance 24h 行情…
✅ 获取 50 个币种数据
✅ 生成 50 个币页 + 2 个对比页 + index/sitemap/llms/robots/IndexNow → /root/deepseek/work/crypto-site/public
📏 答案块词数抽查 (ONDO): 158 词 (目标 134-167)
[main 1d592d7] refresh 2026-09-11-22:07
 107 files changed, 1340 insertions(+), 1330 deletions(-)
To https://github.com/lumingze-56/cryptodata-site.git
   e84a855..1d592d7  main -> main
indexnow HTTP 200
[2026-09-11 22:07 UTC] refresh done
📡 拉取 Binance 24h 行情…
✅ 获取 50 个币种数据
✅ 生成 50 个币页 + 2 个对比页 + index/sitemap/llms/robots/IndexNow → /root/deepseek/work/crypto-site/public
📏 答案块词数抽查 (ETHFI): 158 词 (目标 134-167)
[main 5326d54] refresh 2026-09-11-23:07
 107 files changed, 1338 insertions(+), 1328 deletions(-)
To https://github.com/lumingze-56/cryptodata-site.git
   1d592d7..5326d54  main -> main
indexnow HTTP 200
[2026-09-11 23:07 UTC] refresh done
📡 拉取 Binance 24h 行情…
✅ 获取 50 个币种数据
✅ 生成 50 个币页 + 2 个对比页 + index/sitemap/llms/robots/IndexNow → /root/deepseek/work/crypto-site/public
📏 答案块词数抽查 (MET): 156 词 (目标 134-167)
[main fdf9c1e] refresh 2026-09-12-00:07
 107 files changed, 1364 insertions(+), 1354 deletions(-)
To https://github.com/lumingze-56/cryptodata-site.git
   5326d54..fdf9c1e  main -> main
indexnow HTTP 200
[2026-09-12 00:07 UTC] refresh done
📡 拉取 Binance 24h 行情…
✅ 获取 50 个币种数据
✅ 生成 50 个币页 + 2 个对比页 + index/sitemap/llms/robots/IndexNow → /root/deepseek/work/crypto-site/public
📏 答案块词数抽查 (SPCXB): 158 词 (目标 134-167)
[main 3d9f651] refresh 2026-09-12-01:07
 107 files changed, 1352 insertions(+), 1342 deletions(-)
To https://github.com/lumingze-56/cryptodata-site.git
   fdf9c1e..3d9f651  main -> main
indexnow HTTP 200
[2026-09-12 01:07 UTC] refresh done
📡 拉取 Binance 24h 行情…
✅ 获取 50 个币种数据
✅ 生成 50 个币页 + 2 个对比页 + index/sitemap/llms/robots/IndexNow → /root/deepseek/work/crypto-site/public
📏 答案块词数抽查 (PEPE): 158 词 (目标 134-167)
[main 93f681f] refresh 2026-09-12-02:07
 107 files changed, 1324 insertions(+), 1314 deletions(-)
To https://github.com/lumingze-56/cryptodata-site.git
   3d9f651..93f681f  main -> main
indexnow HTTP 200
[2026-09-12 02:07 UTC] refresh done
📡 拉取 Binance 24h 行情…
✅ 获取 50 个币种数据
✅ 生成 50 个币页 + 2 个对比页 + index/sitemap/llms/robots/IndexNow → /root/deepseek/work/crypto-site/public
📏 答案块词数抽查 (WLD): 158 词 (目标 134-167)
Auto packing the repository in background for optimum performance.
See "git help gc" for manual housekeeping.
[main 6a376e0] refresh 2026-09-12-03:07
 107 files changed, 1352 insertions(+), 1340 deletions(-)
To https://github.com/lumingze-56/cryptodata-site.git
   93f681f..6a376e0  main -> main
indexnow HTTP 200
[2026-09-12 03:07 UTC] refresh done
📡 拉取 Binance 24h 行情…
✅ 获取 50 个币种数据
✅ 生成 50 个币页 + 2 个对比页 + index/sitemap/llms/robots/IndexNow → /root/deepseek/work/crypto-site/public
📏 答案块词数抽查 (SOL): 158 词 (目标 134-167)
[main 339be76] refresh 2026-09-12-04:07
 107 files changed, 1354 insertions(+), 1342 deletions(-)
To https://github.com/lumingze-56/cryptodata-site.git
   6a376e0..339be76  main -> main
indexnow HTTP 200
[2026-09-12 04:07 UTC] refresh done
📡 拉取 Binance 24h 行情…
✅ 获取 50 个币种数据
✅ 生成 50 个币页 + 2 个对比页 + index/sitemap/llms/robots/IndexNow → /root/deepseek/work/crypto-site/public
📏 答案块词数抽查 (LTC): 158 词 (目标 134-167)
[main 86ff899] refresh 2026-09-12-05:07
 107 files changed, 1348 insertions(+), 1338 deletions(-)
To https://github.com/lumingze-56/cryptodata-site.git
   339be76..86ff899  main -> main
indexnow HTTP 200
[2026-09-12 05:07 UTC] refresh done
📡 拉取 Binance 24h 行情…
✅ 获取 50 个币种数据
✅ 生成 50 个币页 + 2 个对比页 + index/sitemap/llms/robots/IndexNow → /root/deepseek/work/crypto-site/public
📏 答案块词数抽查 (DOGE): 158 词 (目标 134-167)
[main 4d11b92] refresh 2026-09-12-06:07
 107 files changed, 1348 insertions(+), 1338 deletions(-)
To https://github.com/lumingze-56/cryptodata-site.git
   86ff899..4d11b92  main -> main
indexnow HTTP 200
[2026-09-12 06:07 UTC] refresh done
📡 拉取 Binance 24h 行情…
✅ 获取 50 个币种数据
✅ 生成 50 个币页 + 2 个对比页 + index/sitemap/llms/robots/IndexNow → /root/deepseek/work/crypto-site/public
📏 答案块词数抽查 (MET): 156 词 (目标 134-167)
[main 25709dd] refresh 2026-09-12-07:07
 107 files changed, 1338 insertions(+), 1328 deletions(-)
To https://github.com/lumingze-56/cryptodata-site.git
   4d11b92..25709dd  main -> main
indexnow HTTP 200
[2026-09-12 07:07 UTC] refresh done
📡 拉取 Binance 24h 行情…
✅ 获取 50 个币种数据
✅ 生成 50 个币页 + 2 个对比页 + index/sitemap/llms/robots/IndexNow → /root/deepseek/work/crypto-site/public
📏 答案块词数抽查 (NVDAB): 158 词 (目标 134-167)
[main 8c90a1e] refresh 2026-09-12-08:07
 107 files changed, 1366 insertions(+), 1356 deletions(-)
To https://github.com/lumingze-56/cryptodata-site.git
   25709dd..8c90a1e  main -> main
indexnow HTTP 200
[2026-09-12 08:07 UTC] refresh done
📡 拉取 Binance 24h 行情…
✅ 获取 50 个币种数据
✅ 生成 50 个币页 + 2 个对比页 + index/sitemap/llms/robots/IndexNow → /root/deepseek/work/crypto-site/public
📏 答案块词数抽查 (PEPE): 158 词 (目标 134-167)
[main 457421b] refresh 2026-09-12-09:07
 107 files changed, 1342 insertions(+), 1332 deletions(-)
To https://github.com/lumingze-56/cryptodata-site.git
   8c90a1e..457421b  main -> main
indexnow HTTP 200
[2026-09-12 09:07 UTC] refresh done
📡 拉取 Binance 24h 行情…
✅ 获取 50 个币种数据
✅ 生成 50 个币页 + 2 个对比页 + index/sitemap/llms/robots/IndexNow → /root/deepseek/work/crypto-site/public
📏 答案块词数抽查 (XLM): 156 词 (目标 134-167)
[main 3ac3617] refresh 2026-09-12-10:07
 107 files changed, 1346 insertions(+), 1336 deletions(-)
To https://github.com/lumingze-56/cryptodata-site.git
   457421b..3ac3617  main -> main
indexnow HTTP 200
[2026-09-12 10:07 UTC] refresh done
📡 拉取 Binance 24h 行情…
✅ 获取 50 个币种数据
✅ 生成 50 个币页 + 2 个对比页 + index/sitemap/llms/robots/IndexNow → /root/deepseek/work/crypto-site/public
📏 答案块词数抽查 (SUI): 158 词 (目标 134-167)
[main fae3940] refresh 2026-09-12-11:07
 107 files changed, 1518 insertions(+), 1300 deletions(-)
 create mode 100644 coin/lsk.html
 create mode 100644 coin/mina.html
 create mode 100644 public/coin/lsk.html
 create mode 100644 public/coin/mina.html
To https://github.com/lumingze-56/cryptodata-site.git
   3ac3617..fae3940  main -> main
indexnow HTTP 200
[2026-09-12 11:07 UTC] refresh done
📡 拉取 Binance 24h 行情…
✅ 获取 50 个币种数据
✅ 生成 50 个币页 + 2 个对比页 + index/sitemap/llms/robots/IndexNow → /root/deepseek/work/crypto-site/public
📏 答案块词数抽查 (ADA): 156 词 (目标 134-167)
[main 168456f] refresh 2026-09-12-12:07
 107 files changed, 1366 insertions(+), 1352 deletions(-)
To https://github.com/lumingze-56/cryptodata-site.git
   fae3940..168456f  main -> main
indexnow HTTP 200
[2026-09-12 12:07 UTC] refresh done
📡 拉取 Binance 24h 行情…
✅ 获取 50 个币种数据
✅ 生成 50 个币页 + 2 个对比页 + index/sitemap/llms/robots/IndexNow → /root/deepseek/work/crypto-site/public
📏 答案块词数抽查 (SNDKB): 156 词 (目标 134-167)
[main 66c0bc0] refresh 2026-09-12-13:07
 107 files changed, 1430 insertions(+), 1420 deletions(-)
To https://github.com/lumingze-56/cryptodata-site.git
   168456f..66c0bc0  main -> main
indexnow HTTP 200
[2026-09-12 13:07 UTC] refresh done
📡 拉取 Binance 24h 行情…
✅ 获取 50 个币种数据
✅ 生成 50 个币页 + 2 个对比页 + index/sitemap/llms/robots/IndexNow → /root/deepseek/work/crypto-site/public
📏 答案块词数抽查 (XPL): 156 词 (目标 134-167)
[main 7424da4] refresh 2026-09-12-14:07
 107 files changed, 1430 insertions(+), 1420 deletions(-)
To https://github.com/lumingze-56/cryptodata-site.git
   66c0bc0..7424da4  main -> main
indexnow HTTP 200
[2026-09-12 14:07 UTC] refresh done
📡 拉取 Binance 24h 行情…
✅ 获取 50 个币种数据
✅ 生成 50 个币页 + 2 个对比页 + index/sitemap/llms/robots/IndexNow → /root/deepseek/work/crypto-site/public
📏 答案块词数抽查 (ASTER): 158 词 (目标 134-167)
[main b5eae66] refresh 2026-09-12-15:07
 107 files changed, 1418 insertions(+), 1408 deletions(-)
To https://github.com/lumingze-56/cryptodata-site.git
   7424da4..b5eae66  main -> main
indexnow HTTP 200
[2026-09-12 15:07 UTC] refresh done
📡 拉取 Binance 24h 行情…
✅ 获取 50 个币种数据
✅ 生成 50 个币页 + 2 个对比页 + index/sitemap/llms/robots/IndexNow → /root/deepseek/work/crypto-site/public
📏 答案块词数抽查 (BCH): 160 词 (目标 134-167)
[main 02083e6] refresh 2026-09-12-16:08
 107 files changed, 1444 insertions(+), 1434 deletions(-)
To https://github.com/lumingze-56/cryptodata-site.git
   b5eae66..02083e6  main -> main
indexnow HTTP 200
[2026-09-12 16:08 UTC] refresh done
📡 拉取 Binance 24h 行情…
✅ 获取 50 个币种数据
✅ 生成 50 个币页 + 2 个对比页 + index/sitemap/llms/robots/IndexNow → /root/deepseek/work/crypto-site/public
📏 答案块词数抽查 (RAY): 156 词 (目标 134-167)
[main b561c2a] refresh 2026-09-12-17:07
 107 files changed, 1470 insertions(+), 1356 deletions(-)
 create mode 100644 coin/tree.html
 create mode 100644 public/coin/tree.html
To https://github.com/lumingze-56/cryptodata-site.git
   02083e6..b561c2a  main -> main
indexnow HTTP 200
[2026-09-12 17:07 UTC] refresh done
📡 拉取 Binance 24h 行情…
✅ 获取 50 个币种数据
✅ 生成 50 个币页 + 2 个对比页 + index/sitemap/llms/robots/IndexNow → /root/deepseek/work/crypto-site/public
📏 答案块词数抽查 (BCH): 160 词 (目标 134-167)
[main 50639b7] refresh 2026-09-12-18:07
 107 files changed, 1408 insertions(+), 1396 deletions(-)
To https://github.com/lumingze-56/cryptodata-site.git
   b561c2a..50639b7  main -> main
indexnow HTTP 200
[2026-09-12 18:07 UTC] refresh done
📡 拉取 Binance 24h 行情…
✅ 获取 50 个币种数据
✅ 生成 50 个币页 + 2 个对比页 + index/sitemap/llms/robots/IndexNow → /root/deepseek/work/crypto-site/public
📏 答案块词数抽查 (TRUMP): 158 词 (目标 134-167)
[main f3bceee] refresh 2026-09-12-19:07
 107 files changed, 1384 insertions(+), 1374 deletions(-)
To https://github.com/lumingze-56/cryptodata-site.git
   50639b7..f3bceee  main -> main
indexnow HTTP 200
[2026-09-12 19:07 UTC] refresh done
📡 拉取 Binance 24h 行情…
✅ 获取 50 个币种数据
✅ 生成 50 个币页 + 2 个对比页 + index/sitemap/llms/robots/IndexNow → /root/deepseek/work/crypto-site/public
📏 答案块词数抽查 (BNB): 158 词 (目标 134-167)
[main 1e98227] refresh 2026-09-12-20:07
 107 files changed, 1366 insertions(+), 1356 deletions(-)
To https://github.com/lumingze-56/cryptodata-site.git
   f3bceee..1e98227  main -> main
indexnow HTTP 200
[2026-09-12 20:07 UTC] refresh done
📡 拉取 Binance 24h 行情…
✅ 获取 50 个币种数据
✅ 生成 50 个币页 + 2 个对比页 + index/sitemap/llms/robots/IndexNow → /root/deepseek/work/crypto-site/public
📏 答案块词数抽查 (THE): 156 词 (目标 134-167)
[main 571e365] refresh 2026-09-12-21:07
 107 files changed, 1344 insertions(+), 1334 deletions(-)
To https://github.com/lumingze-56/cryptodata-site.git
   1e98227..571e365  main -> main
indexnow HTTP 200
[2026-09-12 21:07 UTC] refresh done
📡 拉取 Binance 24h 行情…
✅ 获取 50 个币种数据
✅ 生成 50 个币页 + 2 个对比页 + index/sitemap/llms/robots/IndexNow → /root/deepseek/work/crypto-site/public
📏 答案块词数抽查 (TRX): 158 词 (目标 134-167)
[main 46cb7f0] refresh 2026-09-12-22:07
 107 files changed, 1366 insertions(+), 1356 deletions(-)
To https://github.com/lumingze-56/cryptodata-site.git
   571e365..46cb7f0  main -> main
indexnow HTTP 200
[2026-09-12 22:07 UTC] refresh done
📡 拉取 Binance 24h 行情…
✅ 获取 50 个币种数据
✅ 生成 50 个币页 + 2 个对比页 + index/sitemap/llms/robots/IndexNow → /root/deepseek/work/crypto-site/public
📏 答案块词数抽查 (WLD): 158 词 (目标 134-167)
[main fda8f95] refresh 2026-09-12-23:07
 107 files changed, 1378 insertions(+), 1368 deletions(-)
To https://github.com/lumingze-56/cryptodata-site.git
   46cb7f0..fda8f95  main -> main
indexnow HTTP 200
[2026-09-12 23:07 UTC] refresh done
📡 拉取 Binance 24h 行情…
✅ 获取 50 个币种数据
✅ 生成 50 个币页 + 2 个对比页 + index/sitemap/llms/robots/IndexNow → /root/deepseek/work/crypto-site/public
📏 答案块词数抽查 (MET): 158 词 (目标 134-167)
[main e802a5e] refresh 2026-09-13-00:07
 107 files changed, 1464 insertions(+), 1350 deletions(-)
 create mode 100644 coin/mtl.html
 create mode 100644 public/coin/mtl.html
To https://github.com/lumingze-56/cryptodata-site.git
   fda8f95..e802a5e  main -> main
indexnow HTTP 200
[2026-09-13 00:07 UTC] refresh done
📡 拉取 Binance 24h 行情…
✅ 获取 50 个币种数据
✅ 生成 50 个币页 + 2 个对比页 + index/sitemap/llms/robots/IndexNow → /root/deepseek/work/crypto-site/public
📏 答案块词数抽查 (ENA): 158 词 (目标 134-167)
[main 9bb817c] refresh 2026-09-13-01:07
 107 files changed, 1360 insertions(+), 1348 deletions(-)
To https://github.com/lumingze-56/cryptodata-site.git
   e802a5e..9bb817c  main -> main
indexnow HTTP 200
[2026-09-13 01:07 UTC] refresh done
📡 拉取 Binance 24h 行情…
✅ 获取 50 个币种数据
✅ 生成 50 个币页 + 2 个对比页 + index/sitemap/llms/robots/IndexNow → /root/deepseek/work/crypto-site/public
📏 答案块词数抽查 (AVAX): 158 词 (目标 134-167)
[main 3794592] refresh 2026-09-13-02:07
 107 files changed, 1434 insertions(+), 1320 deletions(-)
 create mode 100644 coin/pundix.html
 create mode 100644 public/coin/pundix.html
To https://github.com/lumingze-56/cryptodata-site.git
   9bb817c..3794592  main -> main
indexnow HTTP 200
[2026-09-13 02:07 UTC] refresh done
📡 拉取 Binance 24h 行情…
✅ 获取 50 个币种数据
✅ 生成 50 个币页 + 2 个对比页 + index/sitemap/llms/robots/IndexNow → /root/deepseek/work/crypto-site/public
📏 答案块词数抽查 (RAY): 156 词 (目标 134-167)
[main 034b35f] refresh 2026-09-13-03:07
 107 files changed, 1518 insertions(+), 1298 deletions(-)
 create mode 100644 coin/powr.html
 create mode 100644 coin/steem.html
 create mode 100644 public/coin/powr.html
 create mode 100644 public/coin/steem.html
To https://github.com/lumingze-56/cryptodata-site.git
   3794592..034b35f  main -> main
indexnow HTTP 200
[2026-09-13 03:07 UTC] refresh done
📡 拉取 Binance 24h 行情…
✅ 获取 50 个币种数据
✅ 生成 50 个币页 + 2 个对比页 + index/sitemap/llms/robots/IndexNow → /root/deepseek/work/crypto-site/public
📏 答案块词数抽查 (TRX): 158 词 (目标 134-167)
[main 78f59df] refresh 2026-09-13-04:07
 107 files changed, 1386 insertions(+), 1372 deletions(-)
To https://github.com/lumingze-56/cryptodata-site.git
   034b35f..78f59df  main -> main
indexnow HTTP 200
[2026-09-13 04:07 UTC] refresh done
📡 拉取 Binance 24h 行情…
✅ 获取 50 个币种数据
✅ 生成 50 个币页 + 2 个对比页 + index/sitemap/llms/robots/IndexNow → /root/deepseek/work/crypto-site/public
📏 答案块词数抽查 (SOPH): 158 词 (目标 134-167)
[main 8bdaf62] refresh 2026-09-13-05:07
 107 files changed, 1334 insertions(+), 1324 deletions(-)
To https://github.com/lumingze-56/cryptodata-site.git
   78f59df..8bdaf62  main -> main
indexnow HTTP 200
[2026-09-13 05:07 UTC] refresh done
📡 拉取 Binance 24h 行情…
✅ 获取 50 个币种数据
✅ 生成 50 个币页 + 2 个对比页 + index/sitemap/llms/robots/IndexNow → /root/deepseek/work/crypto-site/public
📏 答案块词数抽查 (XRP): 158 词 (目标 134-167)
[main 8ac5b47] refresh 2026-09-13-06:07
 107 files changed, 1466 insertions(+), 1352 deletions(-)
 create mode 100644 coin/ilv.html
 create mode 100644 public/coin/ilv.html
To https://github.com/lumingze-56/cryptodata-site.git
   8bdaf62..8ac5b47  main -> main
indexnow HTTP 200
[2026-09-13 06:07 UTC] refresh done
📡 拉取 Binance 24h 行情…
✅ 获取 50 个币种数据
✅ 生成 50 个币页 + 2 个对比页 + index/sitemap/llms/robots/IndexNow → /root/deepseek/work/crypto-site/public
📏 答案块词数抽查 (REZ): 156 词 (目标 134-167)
[main 4b08d1a] refresh 2026-09-13-07:07
 107 files changed, 1388 insertions(+), 1376 deletions(-)
To https://github.com/lumingze-56/cryptodata-site.git
   8ac5b47..4b08d1a  main -> main
indexnow HTTP 200
[2026-09-13 07:07 UTC] refresh done
📡 拉取 Binance 24h 行情…
✅ 获取 50 个币种数据
✅ 生成 50 个币页 + 2 个对比页 + index/sitemap/llms/robots/IndexNow → /root/deepseek/work/crypto-site/public
📏 答案块词数抽查 (UNI): 158 词 (目标 134-167)
[main cf184fa] refresh 2026-09-13-08:07
 107 files changed, 1466 insertions(+), 1352 deletions(-)
 create mode 100644 coin/ark.html
 create mode 100644 public/coin/ark.html
To https://github.com/lumingze-56/cryptodata-site.git
   4b08d1a..cf184fa  main -> main
indexnow HTTP 200
[2026-09-13 08:07 UTC] refresh done
📡 拉取 Binance 24h 行情…
✅ 获取 50 个币种数据
✅ 生成 50 个币页 + 2 个对比页 + index/sitemap/llms/robots/IndexNow → /root/deepseek/work/crypto-site/public
📏 答案块词数抽查 (牛来): 156 词 (目标 134-167)
[main a7dcf48] refresh 2026-09-13-09:07
 107 files changed, 1500 insertions(+), 1384 deletions(-)
 create mode 100644 coin/ava.html
 create mode 100644 public/coin/ava.html
To https://github.com/lumingze-56/cryptodata-site.git
   cf184fa..a7dcf48  main -> main
indexnow HTTP 200
[2026-09-13 09:07 UTC] refresh done
📡 拉取 Binance 24h 行情…
✅ 获取 50 个币种数据
✅ 生成 50 个币页 + 2 个对比页 + index/sitemap/llms/robots/IndexNow → /root/deepseek/work/crypto-site/public
📏 答案块词数抽查 (ADA): 158 词 (目标 134-167)
[main ac331c8] refresh 2026-09-13-10:07
 107 files changed, 1380 insertions(+), 1368 deletions(-)
To https://github.com/lumingze-56/cryptodata-site.git
   a7dcf48..ac331c8  main -> main
indexnow HTTP 200
[2026-09-13 10:07 UTC] refresh done
📡 拉取 Binance 24h 行情…
✅ 获取 50 个币种数据
✅ 生成 50 个币页 + 2 个对比页 + index/sitemap/llms/robots/IndexNow → /root/deepseek/work/crypto-site/public
📏 答案块词数抽查 (DOT): 156 词 (目标 134-167)
[main de95752] refresh 2026-09-13-11:07
 107 files changed, 1416 insertions(+), 1302 deletions(-)
 create mode 100644 coin/kava.html
 create mode 100644 public/coin/kava.html
To https://github.com/lumingze-56/cryptodata-site.git
   ac331c8..de95752  main -> main
indexnow HTTP 200
[2026-09-13 11:07 UTC] refresh done
📡 拉取 Binance 24h 行情…
✅ 获取 50 个币种数据
✅ 生成 50 个币页 + 2 个对比页 + index/sitemap/llms/robots/IndexNow → /root/deepseek/work/crypto-site/public
📏 答案块词数抽查 (WLD): 156 词 (目标 134-167)
[main f761dfa] refresh 2026-09-13-12:07
 107 files changed, 1330 insertions(+), 1318 deletions(-)
To https://github.com/lumingze-56/cryptodata-site.git
   de95752..f761dfa  main -> main
indexnow HTTP 200
[2026-09-13 12:07 UTC] refresh done
📡 拉取 Binance 24h 行情…
✅ 获取 50 个币种数据
✅ 生成 50 个币页 + 2 个对比页 + index/sitemap/llms/robots/IndexNow → /root/deepseek/work/crypto-site/public
📏 答案块词数抽查 (ZEC): 156 词 (目标 134-167)
[main 989cdfa] refresh 2026-09-13-13:07
 107 files changed, 1534 insertions(+), 1316 deletions(-)
 create mode 100644 coin/cvc.html
 create mode 100644 coin/polyx.html
 create mode 100644 public/coin/cvc.html
 create mode 100644 public/coin/polyx.html
To https://github.com/lumingze-56/cryptodata-site.git
   f761dfa..989cdfa  main -> main
indexnow HTTP 200
[2026-09-13 13:07 UTC] refresh done
📡 拉取 Binance 24h 行情…
✅ 获取 50 个币种数据
✅ 生成 50 个币页 + 2 个对比页 + index/sitemap/llms/robots/IndexNow → /root/deepseek/work/crypto-site/public
📏 答案块词数抽查 (DASH): 156 词 (目标 134-167)
[main ff6b9c5] refresh 2026-09-13-14:07
 107 files changed, 1384 insertions(+), 1370 deletions(-)
To https://github.com/lumingze-56/cryptodata-site.git
   989cdfa..ff6b9c5  main -> main
indexnow HTTP 200
[2026-09-13 14:07 UTC] refresh done
📡 拉取 Binance 24h 行情…
✅ 获取 50 个币种数据
✅ 生成 50 个币页 + 2 个对比页 + index/sitemap/llms/robots/IndexNow → /root/deepseek/work/crypto-site/public
📏 答案块词数抽查 (BTC): 158 词 (目标 134-167)
[main 756b396] refresh 2026-09-13-15:07
 107 files changed, 1374 insertions(+), 1364 deletions(-)
To https://github.com/lumingze-56/cryptodata-site.git
   ff6b9c5..756b396  main -> main
indexnow HTTP 200
[2026-09-13 15:07 UTC] refresh done
📡 拉取 Binance 24h 行情…
✅ 获取 50 个币种数据
✅ 生成 50 个币页 + 2 个对比页 + index/sitemap/llms/robots/IndexNow → /root/deepseek/work/crypto-site/public
📏 答案块词数抽查 (SUI): 158 词 (目标 134-167)
[main b80928e] refresh 2026-09-13-16:07
 107 files changed, 1406 insertions(+), 1396 deletions(-)
To https://github.com/lumingze-56/cryptodata-site.git
   756b396..b80928e  main -> main
indexnow HTTP 200
[2026-09-13 16:07 UTC] refresh done
📡 拉取 Binance 24h 行情…
✅ 获取 50 个币种数据
✅ 生成 50 个币页 + 2 个对比页 + index/sitemap/llms/robots/IndexNow → /root/deepseek/work/crypto-site/public
📏 答案块词数抽查 (SNDKB): 156 词 (目标 134-167)
[main 9889714] refresh 2026-09-13-17:07
 107 files changed, 1372 insertions(+), 1362 deletions(-)
To https://github.com/lumingze-56/cryptodata-site.git
   b80928e..9889714  main -> main
indexnow HTTP 200
[2026-09-13 17:07 UTC] refresh done
📡 拉取 Binance 24h 行情…
✅ 获取 50 个币种数据
✅ 生成 50 个币页 + 2 个对比页 + index/sitemap/llms/robots/IndexNow → /root/deepseek/work/crypto-site/public
📏 答案块词数抽查 (DOGE): 158 词 (目标 134-167)
[main 8e3a94e] refresh 2026-09-13-18:07
 107 files changed, 1372 insertions(+), 1362 deletions(-)
To https://github.com/lumingze-56/cryptodata-site.git
   9889714..8e3a94e  main -> main
indexnow HTTP 200
[2026-09-13 18:07 UTC] refresh done
📡 拉取 Binance 24h 行情…
✅ 获取 50 个币种数据
✅ 生成 50 个币页 + 2 个对比页 + index/sitemap/llms/robots/IndexNow → /root/deepseek/work/crypto-site/public
📏 答案块词数抽查 (UNI): 158 词 (目标 134-167)
[main 348fe69] refresh 2026-09-13-19:07
 107 files changed, 1350 insertions(+), 1340 deletions(-)
To https://github.com/lumingze-56/cryptodata-site.git
   8e3a94e..348fe69  main -> main
indexnow HTTP 200
[2026-09-13 19:07 UTC] refresh done
📡 拉取 Binance 24h 行情…
✅ 获取 50 个币种数据
✅ 生成 50 个币页 + 2 个对比页 + index/sitemap/llms/robots/IndexNow → /root/deepseek/work/crypto-site/public
📏 答案块词数抽查 (BCH): 160 词 (目标 134-167)
[main f5401b0] refresh 2026-09-13-20:07
 107 files changed, 1350 insertions(+), 1340 deletions(-)
To https://github.com/lumingze-56/cryptodata-site.git
   348fe69..f5401b0  main -> main
indexnow HTTP 200
[2026-09-13 20:07 UTC] refresh done
📡 拉取 Binance 24h 行情…
✅ 获取 50 个币种数据
✅ 生成 50 个币页 + 2 个对比页 + index/sitemap/llms/robots/IndexNow → /root/deepseek/work/crypto-site/public
📏 答案块词数抽查 (PUMP): 156 词 (目标 134-167)
[main fb54739] refresh 2026-09-13-21:07
 107 files changed, 1322 insertions(+), 1312 deletions(-)
To https://github.com/lumingze-56/cryptodata-site.git
   f5401b0..fb54739  main -> main
indexnow HTTP 200
[2026-09-13 21:07 UTC] refresh done
📡 拉取 Binance 24h 行情…
✅ 获取 50 个币种数据
✅ 生成 50 个币页 + 2 个对比页 + index/sitemap/llms/robots/IndexNow → /root/deepseek/work/crypto-site/public
📏 答案块词数抽查 (DOGE): 158 词 (目标 134-167)
[main 459819e] refresh 2026-09-13-22:07
 107 files changed, 1360 insertions(+), 1350 deletions(-)
To https://github.com/lumingze-56/cryptodata-site.git
   fb54739..459819e  main -> main
indexnow HTTP 200
[2026-09-13 22:07 UTC] refresh done
📡 拉取 Binance 24h 行情…
✅ 获取 50 个币种数据
✅ 生成 50 个币页 + 2 个对比页 + index/sitemap/llms/robots/IndexNow → /root/deepseek/work/crypto-site/public
📏 答案块词数抽查 (LSK): 156 词 (目标 134-167)
[main df494da] refresh 2026-09-13-23:07
 107 files changed, 1402 insertions(+), 1392 deletions(-)
To https://github.com/lumingze-56/cryptodata-site.git
   459819e..df494da  main -> main
indexnow HTTP 200
[2026-09-13 23:07 UTC] refresh done
📡 拉取 Binance 24h 行情…
✅ 获取 50 个币种数据
✅ 生成 50 个币页 + 2 个对比页 + index/sitemap/llms/robots/IndexNow → /root/deepseek/work/crypto-site/public
📏 答案块词数抽查 (SUI): 158 词 (目标 134-167)
[main fa6c951] refresh 2026-09-14-00:07
 107 files changed, 1384 insertions(+), 1374 deletions(-)
To https://github.com/lumingze-56/cryptodata-site.git
   df494da..fa6c951  main -> main
indexnow HTTP 200
[2026-09-14 00:07 UTC] refresh done
📡 拉取 Binance 24h 行情…
✅ 获取 50 个币种数据
✅ 生成 50 个币页 + 2 个对比页 + index/sitemap/llms/robots/IndexNow → /root/deepseek/work/crypto-site/public
📏 答案块词数抽查 (CVC): 156 词 (目标 134-167)
[main 9c1fefd] refresh 2026-09-14-01:07
 107 files changed, 1392 insertions(+), 1382 deletions(-)
To https://github.com/lumingze-56/cryptodata-site.git
   fa6c951..9c1fefd  main -> main
indexnow HTTP 200
[2026-09-14 01:07 UTC] refresh done
📡 拉取 Binance 24h 行情…
✅ 获取 50 个币种数据
✅ 生成 50 个币页 + 2 个对比页 + index/sitemap/llms/robots/IndexNow → /root/deepseek/work/crypto-site/public
📏 答案块词数抽查 (ZEC): 156 词 (目标 134-167)
[main 957f8a5] refresh 2026-09-14-02:07
 107 files changed, 1446 insertions(+), 1332 deletions(-)
 create mode 100644 coin/api3.html
 create mode 100644 public/coin/api3.html
To https://github.com/lumingze-56/cryptodata-site.git
   9c1fefd..957f8a5  main -> main
indexnow HTTP 200
[2026-09-14 02:07 UTC] refresh done
📡 拉取 Binance 24h 行情…
✅ 获取 50 个币种数据
✅ 生成 50 个币页 + 2 个对比页 + index/sitemap/llms/robots/IndexNow → /root/deepseek/work/crypto-site/public
📏 答案块词数抽查 (ZEC): 158 词 (目标 134-167)
[main 01b1972] refresh 2026-09-14-03:07
 107 files changed, 1364 insertions(+), 1352 deletions(-)
To https://github.com/lumingze-56/cryptodata-site.git
   957f8a5..01b1972  main -> main
indexnow HTTP 200
[2026-09-14 03:07 UTC] refresh done
📡 拉取 Binance 24h 行情…
✅ 获取 50 个币种数据
✅ 生成 50 个币页 + 2 个对比页 + index/sitemap/llms/robots/IndexNow → /root/deepseek/work/crypto-site/public
📏 答案块词数抽查 (DOT): 158 词 (目标 134-167)
[main 0a023c8] refresh 2026-09-14-04:07
 107 files changed, 1352 insertions(+), 1342 deletions(-)
To https://github.com/lumingze-56/cryptodata-site.git
   01b1972..0a023c8  main -> main
indexnow HTTP 200
[2026-09-14 04:07 UTC] refresh done
📡 拉取 Binance 24h 行情…
✅ 获取 50 个币种数据
✅ 生成 50 个币页 + 2 个对比页 + index/sitemap/llms/robots/IndexNow → /root/deepseek/work/crypto-site/public
📏 答案块词数抽查 (ICP): 160 词 (目标 134-167)
[main aeb65d7] refresh 2026-09-14-05:07
 107 files changed, 1346 insertions(+), 1336 deletions(-)
To https://github.com/lumingze-56/cryptodata-site.git
   0a023c8..aeb65d7  main -> main
indexnow HTTP 200
[2026-09-14 05:07 UTC] refresh done
📡 拉取 Binance 24h 行情…
✅ 获取 50 个币种数据
✅ 生成 50 个币页 + 2 个对比页 + index/sitemap/llms/robots/IndexNow → /root/deepseek/work/crypto-site/public
📏 答案块词数抽查 (ARK): 156 词 (目标 134-167)
[main fee8651] refresh 2026-09-14-06:07
 107 files changed, 1372 insertions(+), 1362 deletions(-)
To https://github.com/lumingze-56/cryptodata-site.git
   aeb65d7..fee8651  main -> main
indexnow HTTP 200
[2026-09-14 06:07 UTC] refresh done
📡 拉取 Binance 24h 行情…
✅ 获取 50 个币种数据
✅ 生成 50 个币页 + 2 个对比页 + index/sitemap/llms/robots/IndexNow → /root/deepseek/work/crypto-site/public
📏 答案块词数抽查 (AAVE): 158 词 (目标 134-167)
[main e84694d] refresh 2026-09-14-07:07
 107 files changed, 1392 insertions(+), 1382 deletions(-)
To https://github.com/lumingze-56/cryptodata-site.git
   fee8651..e84694d  main -> main
indexnow HTTP 200
[2026-09-14 07:07 UTC] refresh done
📡 拉取 Binance 24h 行情…
✅ 获取 50 个币种数据
✅ 生成 50 个币页 + 2 个对比页 + index/sitemap/llms/robots/IndexNow → /root/deepseek/work/crypto-site/public
📏 答案块词数抽查 (XLM): 156 词 (目标 134-167)
[main 60cf924] refresh 2026-09-14-08:07
 107 files changed, 1370 insertions(+), 1360 deletions(-)
To https://github.com/lumingze-56/cryptodata-site.git
   e84694d..60cf924  main -> main
indexnow HTTP 200
[2026-09-14 08:07 UTC] refresh done
📡 拉取 Binance 24h 行情…
✅ 获取 50 个币种数据
✅ 生成 50 个币页 + 2 个对比页 + index/sitemap/llms/robots/IndexNow → /root/deepseek/work/crypto-site/public
📏 答案块词数抽查 (ENA): 158 词 (目标 134-167)
[main 120fc1b] refresh 2026-09-14-09:07
 107 files changed, 1366 insertions(+), 1356 deletions(-)
To https://github.com/lumingze-56/cryptodata-site.git
   60cf924..120fc1b  main -> main
indexnow HTTP 200
[2026-09-14 09:07 UTC] refresh done
📡 拉取 Binance 24h 行情…
✅ 获取 50 个币种数据
✅ 生成 50 个币页 + 2 个对比页 + index/sitemap/llms/robots/IndexNow → /root/deepseek/work/crypto-site/public
📏 答案块词数抽查 (牛来): 156 词 (目标 134-167)
[main c94f62e] refresh 2026-09-14-10:07
 107 files changed, 1400 insertions(+), 1390 deletions(-)
To https://github.com/lumingze-56/cryptodata-site.git
   120fc1b..c94f62e  main -> main
indexnow HTTP 200
[2026-09-14 10:07 UTC] refresh done
📡 拉取 Binance 24h 行情…
✅ 获取 50 个币种数据
✅ 生成 50 个币页 + 2 个对比页 + index/sitemap/llms/robots/IndexNow → /root/deepseek/work/crypto-site/public
📏 答案块词数抽查 (ADA): 158 词 (目标 134-167)
[main cbefe06] refresh 2026-09-14-11:07
 107 files changed, 1360 insertions(+), 1350 deletions(-)
To https://github.com/lumingze-56/cryptodata-site.git
   c94f62e..cbefe06  main -> main
indexnow HTTP 200
[2026-09-14 11:07 UTC] refresh done
📡 拉取 Binance 24h 行情…
✅ 获取 50 个币种数据
✅ 生成 50 个币页 + 2 个对比页 + index/sitemap/llms/robots/IndexNow → /root/deepseek/work/crypto-site/public
📏 答案块词数抽查 (AVAX): 158 词 (目标 134-167)
[main f442096] refresh 2026-09-14-12:07
 107 files changed, 1448 insertions(+), 1334 deletions(-)
 create mode 100644 coin/bank.html
 create mode 100644 public/coin/bank.html
To https://github.com/lumingze-56/cryptodata-site.git
   cbefe06..f442096  main -> main
indexnow HTTP 200
[2026-09-14 12:07 UTC] refresh done
📡 拉取 Binance 24h 行情…
✅ 获取 50 个币种数据
✅ 生成 50 个币页 + 2 个对比页 + index/sitemap/llms/robots/IndexNow → /root/deepseek/work/crypto-site/public
📏 答案块词数抽查 (TRX): 158 词 (目标 134-167)
[main 93c8fc4] refresh 2026-09-14-13:07
 107 files changed, 1398 insertions(+), 1386 deletions(-)
To https://github.com/lumingze-56/cryptodata-site.git
   f442096..93c8fc4  main -> main
indexnow HTTP 200
[2026-09-14 13:07 UTC] refresh done
📡 拉取 Binance 24h 行情…
✅ 获取 50 个币种数据
✅ 生成 50 个币页 + 2 个对比页 + index/sitemap/llms/robots/IndexNow → /root/deepseek/work/crypto-site/public
📏 答案块词数抽查 (ONDO): 158 词 (目标 134-167)
[main 3f0685e] refresh 2026-09-14-14:07
 107 files changed, 1470 insertions(+), 1356 deletions(-)
 create mode 100644 coin/bncb.html
 create mode 100644 public/coin/bncb.html
To https://github.com/lumingze-56/cryptodata-site.git
   93c8fc4..3f0685e  main -> main
indexnow HTTP 200
[2026-09-14 14:07 UTC] refresh done
📡 拉取 Binance 24h 行情…
✅ 获取 50 个币种数据
✅ 生成 50 个币页 + 2 个对比页 + index/sitemap/llms/robots/IndexNow → /root/deepseek/work/crypto-site/public
📏 答案块词数抽查 (WLD): 156 词 (目标 134-167)
[main 7bf7ae0] refresh 2026-09-14-15:07
 107 files changed, 1366 insertions(+), 1354 deletions(-)
To https://github.com/lumingze-56/cryptodata-site.git
   3f0685e..7bf7ae0  main -> main
indexnow HTTP 200
[2026-09-14 15:07 UTC] refresh done
📡 拉取 Binance 24h 行情…
✅ 获取 50 个币种数据
✅ 生成 50 个币页 + 2 个对比页 + index/sitemap/llms/robots/IndexNow → /root/deepseek/work/crypto-site/public
📏 答案块词数抽查 (CRCLB): 156 词 (目标 134-167)
[main df5bb1f] refresh 2026-09-14-16:07
 107 files changed, 1338 insertions(+), 1328 deletions(-)
To https://github.com/lumingze-56/cryptodata-site.git
   7bf7ae0..df5bb1f  main -> main
indexnow HTTP 200
[2026-09-14 16:07 UTC] refresh done
📡 拉取 Binance 24h 行情…
✅ 获取 50 个币种数据
✅ 生成 50 个币页 + 2 个对比页 + index/sitemap/llms/robots/IndexNow → /root/deepseek/work/crypto-site/public
📏 答案块词数抽查 (SUI): 158 词 (目标 134-167)
[main fb8b9fa] refresh 2026-09-14-17:07
 107 files changed, 1370 insertions(+), 1360 deletions(-)
To https://github.com/lumingze-56/cryptodata-site.git
   df5bb1f..fb8b9fa  main -> main
indexnow HTTP 200
[2026-09-14 17:07 UTC] refresh done
📡 拉取 Binance 24h 行情…
✅ 获取 50 个币种数据
✅ 生成 50 个币页 + 2 个对比页 + index/sitemap/llms/robots/IndexNow → /root/deepseek/work/crypto-site/public
📏 答案块词数抽查 (ETHFI): 158 词 (目标 134-167)
[main c9b3c02] refresh 2026-09-14-18:07
 107 files changed, 1398 insertions(+), 1388 deletions(-)
To https://github.com/lumingze-56/cryptodata-site.git
   fb8b9fa..c9b3c02  main -> main
indexnow HTTP 200
[2026-09-14 18:07 UTC] refresh done
📡 拉取 Binance 24h 行情…
✅ 获取 50 个币种数据
✅ 生成 50 个币页 + 2 个对比页 + index/sitemap/llms/robots/IndexNow → /root/deepseek/work/crypto-site/public
📏 答案块词数抽查 (WLD): 158 词 (目标 134-167)
[main a48b2df] refresh 2026-09-14-19:07
 107 files changed, 1396 insertions(+), 1386 deletions(-)
To https://github.com/lumingze-56/cryptodata-site.git
   c9b3c02..a48b2df  main -> main
indexnow HTTP 200
[2026-09-14 19:07 UTC] refresh done
📡 拉取 Binance 24h 行情…
✅ 获取 50 个币种数据
✅ 生成 50 个币页 + 2 个对比页 + index/sitemap/llms/robots/IndexNow → /root/deepseek/work/crypto-site/public
📏 答案块词数抽查 (VTHO): 156 词 (目标 134-167)
[main 5d4ab9b] refresh 2026-09-14-20:07
 107 files changed, 1358 insertions(+), 1348 deletions(-)
To https://github.com/lumingze-56/cryptodata-site.git
   a48b2df..5d4ab9b  main -> main
indexnow HTTP 200
[2026-09-14 20:07 UTC] refresh done
📡 拉取 Binance 24h 行情…
✅ 获取 50 个币种数据
✅ 生成 50 个币页 + 2 个对比页 + index/sitemap/llms/robots/IndexNow → /root/deepseek/work/crypto-site/public
📏 答案块词数抽查 (TRUMP): 158 词 (目标 134-167)
[main 109cd5f] refresh 2026-09-14-21:07
 107 files changed, 1394 insertions(+), 1384 deletions(-)
To https://github.com/lumingze-56/cryptodata-site.git
   5d4ab9b..109cd5f  main -> main
indexnow HTTP 200
[2026-09-14 21:07 UTC] refresh done
📡 拉取 Binance 24h 行情…
✅ 获取 50 个币种数据
✅ 生成 50 个币页 + 2 个对比页 + index/sitemap/llms/robots/IndexNow → /root/deepseek/work/crypto-site/public
📏 答案块词数抽查 (ZEC): 156 词 (目标 134-167)
[main 2098e3b] refresh 2026-09-14-22:07
 107 files changed, 1330 insertions(+), 1320 deletions(-)
To https://github.com/lumingze-56/cryptodata-site.git
   109cd5f..2098e3b  main -> main
indexnow HTTP 200
[2026-09-14 22:07 UTC] refresh done
📡 拉取 Binance 24h 行情…
✅ 获取 50 个币种数据
✅ 生成 50 个币页 + 2 个对比页 + index/sitemap/llms/robots/IndexNow → /root/deepseek/work/crypto-site/public
📏 答案块词数抽查 (DOGE): 158 词 (目标 134-167)
[main 675d078] refresh 2026-09-14-23:07
 107 files changed, 1366 insertions(+), 1356 deletions(-)
To https://github.com/lumingze-56/cryptodata-site.git
   2098e3b..675d078  main -> main
indexnow HTTP 200
[2026-09-14 23:07 UTC] refresh done
📡 拉取 Binance 24h 行情…
✅ 获取 50 个币种数据
✅ 生成 50 个币页 + 2 个对比页 + index/sitemap/llms/robots/IndexNow → /root/deepseek/work/crypto-site/public
📏 答案块词数抽查 (ETH): 158 词 (目标 134-167)
[main e5ec87b] refresh 2026-09-15-00:07
 107 files changed, 1358 insertions(+), 1348 deletions(-)
To https://github.com/lumingze-56/cryptodata-site.git
   675d078..e5ec87b  main -> main
indexnow HTTP 200
[2026-09-15 00:07 UTC] refresh done
📡 拉取 Binance 24h 行情…
✅ 获取 50 个币种数据
✅ 生成 50 个币页 + 2 个对比页 + index/sitemap/llms/robots/IndexNow → /root/deepseek/work/crypto-site/public
📏 答案块词数抽查 (LSK): 156 词 (目标 134-167)
[main 39200b1] refresh 2026-09-15-01:07
 107 files changed, 1410 insertions(+), 1400 deletions(-)
To https://github.com/lumingze-56/cryptodata-site.git
   e5ec87b..39200b1  main -> main
indexnow HTTP 200
[2026-09-15 01:07 UTC] refresh done
📡 拉取 Binance 24h 行情…
✅ 获取 50 个币种数据
✅ 生成 50 个币页 + 2 个对比页 + index/sitemap/llms/robots/IndexNow → /root/deepseek/work/crypto-site/public
📏 答案块词数抽查 (BCH): 160 词 (目标 134-167)
[main 2d694c0] refresh 2026-09-15-02:07
 107 files changed, 1380 insertions(+), 1370 deletions(-)
To https://github.com/lumingze-56/cryptodata-site.git
   39200b1..2d694c0  main -> main
indexnow HTTP 200
[2026-09-15 02:07 UTC] refresh done
📡 拉取 Binance 24h 行情…
✅ 获取 50 个币种数据
✅ 生成 50 个币页 + 2 个对比页 + index/sitemap/llms/robots/IndexNow → /root/deepseek/work/crypto-site/public
📏 答案块词数抽查 (ETH): 158 词 (目标 134-167)
[main 09a355f] refresh 2026-09-15-03:07
 107 files changed, 1368 insertions(+), 1358 deletions(-)
To https://github.com/lumingze-56/cryptodata-site.git
   2d694c0..09a355f  main -> main
indexnow HTTP 200
[2026-09-15 03:07 UTC] refresh done
📡 拉取 Binance 24h 行情…
✅ 获取 50 个币种数据
✅ 生成 50 个币页 + 2 个对比页 + index/sitemap/llms/robots/IndexNow → /root/deepseek/work/crypto-site/public
📏 答案块词数抽查 (XLM): 156 词 (目标 134-167)
[main 5c0ffd2] refresh 2026-09-15-04:07
 107 files changed, 1344 insertions(+), 1334 deletions(-)
To https://github.com/lumingze-56/cryptodata-site.git
   09a355f..5c0ffd2  main -> main
indexnow HTTP 200
[2026-09-15 04:07 UTC] refresh done
📡 拉取 Binance 24h 行情…
✅ 获取 50 个币种数据
✅ 生成 50 个币页 + 2 个对比页 + index/sitemap/llms/robots/IndexNow → /root/deepseek/work/crypto-site/public
📏 答案块词数抽查 (BNB): 158 词 (目标 134-167)
[main e7cbe3a] refresh 2026-09-15-05:07
 107 files changed, 1346 insertions(+), 1336 deletions(-)
To https://github.com/lumingze-56/cryptodata-site.git
   5c0ffd2..e7cbe3a  main -> main
indexnow HTTP 200
[2026-09-15 05:07 UTC] refresh done
📡 拉取 Binance 24h 行情…
✅ 获取 50 个币种数据
✅ 生成 50 个币页 + 2 个对比页 + index/sitemap/llms/robots/IndexNow → /root/deepseek/work/crypto-site/public
📏 答案块词数抽查 (DOGE): 158 词 (目标 134-167)
[main a0a4c4e] refresh 2026-09-15-06:07
 107 files changed, 1370 insertions(+), 1360 deletions(-)
To https://github.com/lumingze-56/cryptodata-site.git
   e7cbe3a..a0a4c4e  main -> main
indexnow HTTP 200
[2026-09-15 06:07 UTC] refresh done
📡 拉取 Binance 24h 行情…
✅ 获取 50 个币种数据
✅ 生成 50 个币页 + 2 个对比页 + index/sitemap/llms/robots/IndexNow → /root/deepseek/work/crypto-site/public
📏 答案块词数抽查 (REZ): 156 词 (目标 134-167)
[main 2627588] refresh 2026-09-15-07:07
 107 files changed, 1372 insertions(+), 1362 deletions(-)
To https://github.com/lumingze-56/cryptodata-site.git
   a0a4c4e..2627588  main -> main
indexnow HTTP 200
[2026-09-15 07:07 UTC] refresh done
📡 拉取 Binance 24h 行情…
✅ 获取 50 个币种数据
✅ 生成 50 个币页 + 2 个对比页 + index/sitemap/llms/robots/IndexNow → /root/deepseek/work/crypto-site/public
📏 答案块词数抽查 (ARB): 158 词 (目标 134-167)
[main 665f2a8] refresh 2026-09-15-08:07
 107 files changed, 1474 insertions(+), 1360 deletions(-)
 create mode 100644 coin/astr.html
 create mode 100644 public/coin/astr.html
To https://github.com/lumingze-56/cryptodata-site.git
   2627588..665f2a8  main -> main
indexnow HTTP 200
[2026-09-15 08:07 UTC] refresh done
📡 拉取 Binance 24h 行情…
✅ 获取 50 个币种数据
✅ 生成 50 个币页 + 2 个对比页 + index/sitemap/llms/robots/IndexNow → /root/deepseek/work/crypto-site/public
📏 答案块词数抽查 (ARK): 156 词 (目标 134-167)
[main c7e85e6] refresh 2026-09-15-09:07
 107 files changed, 1470 insertions(+), 1354 deletions(-)
 create mode 100644 coin/sent.html
 create mode 100644 public/coin/sent.html
To https://github.com/lumingze-56/cryptodata-site.git
   665f2a8..c7e85e6  main -> main
indexnow HTTP 200
[2026-09-15 09:07 UTC] refresh done
📡 拉取 Binance 24h 行情…
✅ 获取 50 个币种数据
✅ 生成 50 个币页 + 2 个对比页 + index/sitemap/llms/robots/IndexNow → /root/deepseek/work/crypto-site/public
📏 答案块词数抽查 (PENDLE): 156 词 (目标 134-167)
[main b1b02d3] refresh 2026-09-15-10:07
 107 files changed, 1366 insertions(+), 1354 deletions(-)
To https://github.com/lumingze-56/cryptodata-site.git
   c7e85e6..b1b02d3  main -> main
indexnow HTTP 200
[2026-09-15 10:07 UTC] refresh done
📡 拉取 Binance 24h 行情…
✅ 获取 50 个币种数据
✅ 生成 50 个币页 + 2 个对比页 + index/sitemap/llms/robots/IndexNow → /root/deepseek/work/crypto-site/public
📏 答案块词数抽查 (HBAR): 158 词 (目标 134-167)
[main 15bca84] refresh 2026-09-15-11:07
 107 files changed, 1340 insertions(+), 1330 deletions(-)
To https://github.com/lumingze-56/cryptodata-site.git
   b1b02d3..15bca84  main -> main
indexnow HTTP 200
[2026-09-15 11:07 UTC] refresh done
📡 拉取 Binance 24h 行情…
✅ 获取 50 个币种数据
✅ 生成 50 个币页 + 2 个对比页 + index/sitemap/llms/robots/IndexNow → /root/deepseek/work/crypto-site/public
📏 答案块词数抽查 (DASH): 158 词 (目标 134-167)
[main ef7de2a] refresh 2026-09-15-12:07
 107 files changed, 1366 insertions(+), 1356 deletions(-)
To https://github.com/lumingze-56/cryptodata-site.git
   15bca84..ef7de2a  main -> main
indexnow HTTP 200
[2026-09-15 12:07 UTC] refresh done
📡 拉取 Binance 24h 行情…
✅ 获取 50 个币种数据
✅ 生成 50 个币页 + 2 个对比页 + index/sitemap/llms/robots/IndexNow → /root/deepseek/work/crypto-site/public
📏 答案块词数抽查 (WLD): 158 词 (目标 134-167)
[main 2a342c4] refresh 2026-09-15-13:07
 107 files changed, 1356 insertions(+), 1346 deletions(-)
To https://github.com/lumingze-56/cryptodata-site.git
   ef7de2a..2a342c4  main -> main
indexnow HTTP 200
[2026-09-15 13:07 UTC] refresh done
📡 拉取 Binance 24h 行情…
✅ 获取 50 个币种数据
✅ 生成 50 个币页 + 2 个对比页 + index/sitemap/llms/robots/IndexNow → /root/deepseek/work/crypto-site/public
📏 答案块词数抽查 (LSK): 156 词 (目标 134-167)
[main 641ad77] refresh 2026-09-15-14:07
 107 files changed, 1392 insertions(+), 1382 deletions(-)
To https://github.com/lumingze-56/cryptodata-site.git
   2a342c4..641ad77  main -> main
indexnow HTTP 200
[2026-09-15 14:07 UTC] refresh done
📡 拉取 Binance 24h 行情…
✅ 获取 50 个币种数据
✅ 生成 50 个币页 + 2 个对比页 + index/sitemap/llms/robots/IndexNow → /root/deepseek/work/crypto-site/public
📏 答案块词数抽查 (BTC): 156 词 (目标 134-167)
[main ec5616d] refresh 2026-09-15-15:07
 107 files changed, 1424 insertions(+), 1414 deletions(-)
To https://github.com/lumingze-56/cryptodata-site.git
   641ad77..ec5616d  main -> main
indexnow HTTP 200
[2026-09-15 15:07 UTC] refresh done
📡 拉取 Binance 24h 行情…
✅ 获取 50 个币种数据
✅ 生成 50 个币页 + 2 个对比页 + index/sitemap/llms/robots/IndexNow → /root/deepseek/work/crypto-site/public
📏 答案块词数抽查 (LINK): 158 词 (目标 134-167)
[main ee74347] refresh 2026-09-15-16:07
 107 files changed, 1352 insertions(+), 1342 deletions(-)
To https://github.com/lumingze-56/cryptodata-site.git
   ec5616d..ee74347  main -> main
indexnow HTTP 200
[2026-09-15 16:07 UTC] refresh done
📡 拉取 Binance 24h 行情…
✅ 获取 50 个币种数据
✅ 生成 50 个币页 + 2 个对比页 + index/sitemap/llms/robots/IndexNow → /root/deepseek/work/crypto-site/public
📏 答案块词数抽查 (TRUMP): 156 词 (目标 134-167)
[main e098e0c] refresh 2026-09-15-17:07
 107 files changed, 1448 insertions(+), 1334 deletions(-)
 create mode 100644 coin/googlb.html
 create mode 100644 public/coin/googlb.html
To https://github.com/lumingze-56/cryptodata-site.git
   ee74347..e098e0c  main -> main
indexnow HTTP 200
[2026-09-15 17:07 UTC] refresh done
📡 拉取 Binance 24h 行情…
✅ 获取 50 个币种数据
✅ 生成 50 个币页 + 2 个对比页 + index/sitemap/llms/robots/IndexNow → /root/deepseek/work/crypto-site/public
📏 答案块词数抽查 (DASH): 156 词 (目标 134-167)
[main 43828e7] refresh 2026-09-15-18:07
 107 files changed, 1366 insertions(+), 1354 deletions(-)
To https://github.com/lumingze-56/cryptodata-site.git
   e098e0c..43828e7  main -> main
indexnow HTTP 200
[2026-09-15 18:07 UTC] refresh done
📡 拉取 Binance 24h 行情…
✅ 获取 50 个币种数据
✅ 生成 50 个币页 + 2 个对比页 + index/sitemap/llms/robots/IndexNow → /root/deepseek/work/crypto-site/public
📏 答案块词数抽查 (ETH): 156 词 (目标 134-167)
[main 06dc54b] refresh 2026-09-15-19:07
 107 files changed, 1472 insertions(+), 1462 deletions(-)
To https://github.com/lumingze-56/cryptodata-site.git
   43828e7..06dc54b  main -> main
indexnow HTTP 200
[2026-09-15 19:07 UTC] refresh done
📡 拉取 Binance 24h 行情…
✅ 获取 50 个币种数据
✅ 生成 50 个币页 + 2 个对比页 + index/sitemap/llms/robots/IndexNow → /root/deepseek/work/crypto-site/public
📏 答案块词数抽查 (XRP): 156 词 (目标 134-167)
[main de17178] refresh 2026-09-15-20:07
 107 files changed, 1370 insertions(+), 1360 deletions(-)
To https://github.com/lumingze-56/cryptodata-site.git
   06dc54b..de17178  main -> main
indexnow HTTP 200
[2026-09-15 20:07 UTC] refresh done
📡 拉取 Binance 24h 行情…
✅ 获取 50 个币种数据
✅ 生成 50 个币页 + 2 个对比页 + index/sitemap/llms/robots/IndexNow → /root/deepseek/work/crypto-site/public
📏 答案块词数抽查 (INJ): 156 词 (目标 134-167)
[main 46e9058] refresh 2026-09-15-21:07
 107 files changed, 1420 insertions(+), 1410 deletions(-)
To https://github.com/lumingze-56/cryptodata-site.git
   de17178..46e9058  main -> main
indexnow HTTP 200
[2026-09-15 21:07 UTC] refresh done
📡 拉取 Binance 24h 行情…
✅ 获取 50 个币种数据
✅ 生成 50 个币页 + 2 个对比页 + index/sitemap/llms/robots/IndexNow → /root/deepseek/work/crypto-site/public
📏 答案块词数抽查 (BCH): 158 词 (目标 134-167)
[main 4603633] refresh 2026-09-15-22:07
 107 files changed, 1392 insertions(+), 1382 deletions(-)
To https://github.com/lumingze-56/cryptodata-site.git
   46e9058..4603633  main -> main
indexnow HTTP 200
[2026-09-15 22:07 UTC] refresh done
📡 拉取 Binance 24h 行情…
✅ 获取 50 个币种数据
✅ 生成 50 个币页 + 2 个对比页 + index/sitemap/llms/robots/IndexNow → /root/deepseek/work/crypto-site/public
📏 答案块词数抽查 (TRUMP): 156 词 (目标 134-167)
[main 0d6fe9b] refresh 2026-09-15-23:07
 107 files changed, 1386 insertions(+), 1376 deletions(-)
To https://github.com/lumingze-56/cryptodata-site.git
   4603633..0d6fe9b  main -> main
indexnow HTTP 200
[2026-09-15 23:07 UTC] refresh done
📡 拉取 Binance 24h 行情…
✅ 获取 50 个币种数据
✅ 生成 50 个币页 + 2 个对比页 + index/sitemap/llms/robots/IndexNow → /root/deepseek/work/crypto-site/public
📏 答案块词数抽查 (FF): 156 词 (目标 134-167)
[main e423864] refresh 2026-09-16-00:07
 107 files changed, 1372 insertions(+), 1362 deletions(-)
To https://github.com/lumingze-56/cryptodata-site.git
   0d6fe9b..e423864  main -> main
indexnow HTTP 200
[2026-09-16 00:07 UTC] refresh done
📡 拉取 Binance 24h 行情…
✅ 获取 50 个币种数据
✅ 生成 50 个币页 + 2 个对比页 + index/sitemap/llms/robots/IndexNow → /root/deepseek/work/crypto-site/public
📏 答案块词数抽查 (HBAR): 156 词 (目标 134-167)
[main 989fae6] refresh 2026-09-16-01:07
 107 files changed, 1346 insertions(+), 1336 deletions(-)
To https://github.com/lumingze-56/cryptodata-site.git
   e423864..989fae6  main -> main
indexnow HTTP 200
[2026-09-16 01:07 UTC] refresh done
📡 拉取 Binance 24h 行情…
✅ 获取 50 个币种数据
✅ 生成 50 个币页 + 2 个对比页 + index/sitemap/llms/robots/IndexNow → /root/deepseek/work/crypto-site/public
📏 答案块词数抽查 (ENA): 158 词 (目标 134-167)
[main 1e365ff] refresh 2026-09-16-02:07
 107 files changed, 1394 insertions(+), 1384 deletions(-)
To https://github.com/lumingze-56/cryptodata-site.git
   989fae6..1e365ff  main -> main
indexnow HTTP 200
[2026-09-16 02:07 UTC] refresh done
📡 拉取 Binance 24h 行情…
✅ 获取 50 个币种数据
✅ 生成 50 个币页 + 2 个对比页 + index/sitemap/llms/robots/IndexNow → /root/deepseek/work/crypto-site/public
📏 答案块词数抽查 (ARB): 156 词 (目标 134-167)
[main 8979d1c] refresh 2026-09-16-03:07
 107 files changed, 1368 insertions(+), 1358 deletions(-)
To https://github.com/lumingze-56/cryptodata-site.git
   1e365ff..8979d1c  main -> main
indexnow HTTP 200
[2026-09-16 03:07 UTC] refresh done
📡 拉取 Binance 24h 行情…
✅ 获取 50 个币种数据
✅ 生成 50 个币页 + 2 个对比页 + index/sitemap/llms/robots/IndexNow → /root/deepseek/work/crypto-site/public
📏 答案块词数抽查 (TON): 158 词 (目标 134-167)
[main 01ae2bc] refresh 2026-09-16-04:07
 107 files changed, 1362 insertions(+), 1352 deletions(-)
To https://github.com/lumingze-56/cryptodata-site.git
   8979d1c..01ae2bc  main -> main
indexnow HTTP 200
[2026-09-16 04:07 UTC] refresh done
📡 拉取 Binance 24h 行情…
✅ 获取 50 个币种数据
✅ 生成 50 个币页 + 2 个对比页 + index/sitemap/llms/robots/IndexNow → /root/deepseek/work/crypto-site/public
📏 答案块词数抽查 (INJ): 156 词 (目标 134-167)
[main 4751e15] refresh 2026-09-16-05:07
 107 files changed, 1340 insertions(+), 1330 deletions(-)
To https://github.com/lumingze-56/cryptodata-site.git
   01ae2bc..4751e15  main -> main
indexnow HTTP 200
[2026-09-16 05:07 UTC] refresh done
📡 拉取 Binance 24h 行情…
✅ 获取 50 个币种数据
✅ 生成 50 个币页 + 2 个对比页 + index/sitemap/llms/robots/IndexNow → /root/deepseek/work/crypto-site/public
📏 答案块词数抽查 (UNI): 156 词 (目标 134-167)
[main 21a6a23] refresh 2026-09-16-06:07
 107 files changed, 1428 insertions(+), 1314 deletions(-)
 create mode 100644 coin/syn.html
 create mode 100644 public/coin/syn.html
To https://github.com/lumingze-56/cryptodata-site.git
   4751e15..21a6a23  main -> main
indexnow HTTP 200
[2026-09-16 06:07 UTC] refresh done
📡 拉取 Binance 24h 行情…
✅ 获取 50 个币种数据
✅ 生成 50 个币页 + 2 个对比页 + index/sitemap/llms/robots/IndexNow → /root/deepseek/work/crypto-site/public
📏 答案块词数抽查 (LINK): 156 词 (目标 134-167)
[main 106f6b6] refresh 2026-09-16-07:07
 107 files changed, 1350 insertions(+), 1338 deletions(-)
To https://github.com/lumingze-56/cryptodata-site.git
   21a6a23..106f6b6  main -> main
indexnow HTTP 200
[2026-09-16 07:07 UTC] refresh done
📡 拉取 Binance 24h 行情…
✅ 获取 50 个币种数据
✅ 生成 50 个币页 + 2 个对比页 + index/sitemap/llms/robots/IndexNow → /root/deepseek/work/crypto-site/public
📏 答案块词数抽查 (FF): 158 词 (目标 134-167)
[main a1d755a] refresh 2026-09-16-08:07
 107 files changed, 1358 insertions(+), 1348 deletions(-)
To https://github.com/lumingze-56/cryptodata-site.git
   106f6b6..a1d755a  main -> main
indexnow HTTP 200
[2026-09-16 08:07 UTC] refresh done
📡 拉取 Binance 24h 行情…
✅ 获取 50 个币种数据
✅ 生成 50 个币页 + 2 个对比页 + index/sitemap/llms/robots/IndexNow → /root/deepseek/work/crypto-site/public
📏 答案块词数抽查 (TRUMP): 156 词 (目标 134-167)
[main f5fdbf3] refresh 2026-09-16-09:07
 107 files changed, 1356 insertions(+), 1346 deletions(-)
To https://github.com/lumingze-56/cryptodata-site.git
   a1d755a..f5fdbf3  main -> main
indexnow HTTP 200
[2026-09-16 09:07 UTC] refresh done
📡 拉取 Binance 24h 行情…
✅ 获取 50 个币种数据
✅ 生成 50 个币页 + 2 个对比页 + index/sitemap/llms/robots/IndexNow → /root/deepseek/work/crypto-site/public
📏 答案块词数抽查 (ETH): 158 词 (目标 134-167)
[main 7c5f05e] refresh 2026-09-16-10:07
 107 files changed, 1370 insertions(+), 1360 deletions(-)
To https://github.com/lumingze-56/cryptodata-site.git
   f5fdbf3..7c5f05e  main -> main
indexnow HTTP 200
[2026-09-16 10:07 UTC] refresh done
📡 拉取 Binance 24h 行情…
✅ 获取 50 个币种数据
✅ 生成 50 个币页 + 2 个对比页 + index/sitemap/llms/robots/IndexNow → /root/deepseek/work/crypto-site/public
📏 答案块词数抽查 (LINK): 156 词 (目标 134-167)
[main a5a8e8e] refresh 2026-09-16-11:07
 107 files changed, 1336 insertions(+), 1326 deletions(-)
To https://github.com/lumingze-56/cryptodata-site.git
   7c5f05e..a5a8e8e  main -> main
indexnow HTTP 200
[2026-09-16 11:07 UTC] refresh done
📡 拉取 Binance 24h 行情…
✅ 获取 50 个币种数据
✅ 生成 50 个币页 + 2 个对比页 + index/sitemap/llms/robots/IndexNow → /root/deepseek/work/crypto-site/public
📏 答案块词数抽查 (ASTER): 158 词 (目标 134-167)
[main 8ca793d] refresh 2026-09-16-12:07
 107 files changed, 1364 insertions(+), 1354 deletions(-)
To https://github.com/lumingze-56/cryptodata-site.git
   a5a8e8e..8ca793d  main -> main
indexnow HTTP 200
[2026-09-16 12:07 UTC] refresh done
📡 拉取 Binance 24h 行情…
✅ 获取 50 个币种数据
✅ 生成 50 个币页 + 2 个对比页 + index/sitemap/llms/robots/IndexNow → /root/deepseek/work/crypto-site/public
📏 答案块词数抽查 (NEAR): 160 词 (目标 134-167)
[main dd72e58] refresh 2026-09-16-13:07
 107 files changed, 1366 insertions(+), 1356 deletions(-)
To https://github.com/lumingze-56/cryptodata-site.git
   8ca793d..dd72e58  main -> main
indexnow HTTP 200
[2026-09-16 13:07 UTC] refresh done
📡 拉取 Binance 24h 行情…
✅ 获取 50 个币种数据
✅ 生成 50 个币页 + 2 个对比页 + index/sitemap/llms/robots/IndexNow → /root/deepseek/work/crypto-site/public
📏 答案块词数抽查 (TRX): 158 词 (目标 134-167)
[main c99f58d] refresh 2026-09-16-14:07
 107 files changed, 1500 insertions(+), 1386 deletions(-)
 create mode 100644 coin/hei.html
 create mode 100644 public/coin/hei.html
To https://github.com/lumingze-56/cryptodata-site.git
   dd72e58..c99f58d  main -> main
indexnow HTTP 200
[2026-09-16 14:07 UTC] refresh done
📡 拉取 Binance 24h 行情…
✅ 获取 50 个币种数据
✅ 生成 50 个币页 + 2 个对比页 + index/sitemap/llms/robots/IndexNow → /root/deepseek/work/crypto-site/public
📏 答案块词数抽查 (XRP): 156 词 (目标 134-167)
[main 2ca5cef] refresh 2026-09-16-15:07
 107 files changed, 1416 insertions(+), 1404 deletions(-)
To https://github.com/lumingze-56/cryptodata-site.git
   c99f58d..2ca5cef  main -> main
indexnow HTTP 200
[2026-09-16 15:07 UTC] refresh done
📡 拉取 Binance 24h 行情…
✅ 获取 50 个币种数据
✅ 生成 50 个币页 + 2 个对比页 + index/sitemap/llms/robots/IndexNow → /root/deepseek/work/crypto-site/public
📏 答案块词数抽查 (SPCXB): 156 词 (目标 134-167)
[main 7c8ff87] refresh 2026-09-16-16:07
 107 files changed, 1366 insertions(+), 1356 deletions(-)
To https://github.com/lumingze-56/cryptodata-site.git
   2ca5cef..7c8ff87  main -> main
indexnow HTTP 200
[2026-09-16 16:07 UTC] refresh done
📡 拉取 Binance 24h 行情…
✅ 获取 50 个币种数据
✅ 生成 50 个币页 + 2 个对比页 + index/sitemap/llms/robots/IndexNow → /root/deepseek/work/crypto-site/public
📏 答案块词数抽查 (ADA): 156 词 (目标 134-167)
[main c642599] refresh 2026-09-16-17:07
 107 files changed, 1364 insertions(+), 1354 deletions(-)
To https://github.com/lumingze-56/cryptodata-site.git
   7c8ff87..c642599  main -> main
indexnow HTTP 200
[2026-09-16 17:07 UTC] refresh done
📡 拉取 Binance 24h 行情…
✅ 获取 50 个币种数据
✅ 生成 50 个币页 + 2 个对比页 + index/sitemap/llms/robots/IndexNow → /root/deepseek/work/crypto-site/public
📏 答案块词数抽查 (CRCLB): 156 词 (目标 134-167)
[main 894c7dc] refresh 2026-09-16-18:07
 107 files changed, 1440 insertions(+), 1430 deletions(-)
To https://github.com/lumingze-56/cryptodata-site.git
   c642599..894c7dc  main -> main
indexnow HTTP 200
[2026-09-16 18:07 UTC] refresh done
📡 拉取 Binance 24h 行情…
✅ 获取 50 个币种数据
✅ 生成 50 个币页 + 2 个对比页 + index/sitemap/llms/robots/IndexNow → /root/deepseek/work/crypto-site/public
📏 答案块词数抽查 (PENGU): 158 词 (目标 134-167)
Auto packing the repository in background for optimum performance.
See "git help gc" for manual housekeeping.
[main b6d0e22] refresh 2026-09-16-19:07
 107 files changed, 1476 insertions(+), 1464 deletions(-)
To https://github.com/lumingze-56/cryptodata-site.git
   894c7dc..b6d0e22  main -> main
indexnow HTTP 200
[2026-09-16 19:07 UTC] refresh done
📡 拉取 Binance 24h 行情…
✅ 获取 50 个币种数据
✅ 生成 50 个币页 + 2 个对比页 + index/sitemap/llms/robots/IndexNow → /root/deepseek/work/crypto-site/public
📏 答案块词数抽查 (MARSCOIN): 156 词 (目标 134-167)
[main 8b8bc3c1] refresh 2026-09-16-20:07
 107 files changed, 1386 insertions(+), 1374 deletions(-)
To https://github.com/lumingze-56/cryptodata-site.git
   b6d0e224..8b8bc3c1  main -> main
indexnow HTTP 200
[2026-09-16 20:07 UTC] refresh done
📡 拉取 Binance 24h 行情…
✅ 获取 50 个币种数据
✅ 生成 50 个币页 + 2 个对比页 + index/sitemap/llms/robots/IndexNow → /root/deepseek/work/crypto-site/public
📏 答案块词数抽查 (XLM): 156 词 (目标 134-167)
[main 6e050dc8] refresh 2026-09-16-21:07
 107 files changed, 1358 insertions(+), 1348 deletions(-)
To https://github.com/lumingze-56/cryptodata-site.git
   8b8bc3c1..6e050dc8  main -> main
indexnow HTTP 200
[2026-09-16 21:07 UTC] refresh done
📡 拉取 Binance 24h 行情…
✅ 获取 50 个币种数据
✅ 生成 50 个币页 + 2 个对比页 + index/sitemap/llms/robots/IndexNow → /root/deepseek/work/crypto-site/public
📏 答案块词数抽查 (UNI): 158 词 (目标 134-167)
[main 5aafbc03] refresh 2026-09-16-22:07
 107 files changed, 1342 insertions(+), 1332 deletions(-)
To https://github.com/lumingze-56/cryptodata-site.git
   6e050dc8..5aafbc03  main -> main
indexnow HTTP 200
[2026-09-16 22:07 UTC] refresh done
📡 拉取 Binance 24h 行情…
✅ 获取 50 个币种数据
✅ 生成 50 个币页 + 2 个对比页 + index/sitemap/llms/robots/IndexNow → /root/deepseek/work/crypto-site/public
📏 答案块词数抽查 (SYN): 156 词 (目标 134-167)
[main 0f2204b8] refresh 2026-09-16-23:07
 107 files changed, 1344 insertions(+), 1334 deletions(-)
To https://github.com/lumingze-56/cryptodata-site.git
   5aafbc03..0f2204b8  main -> main
indexnow HTTP 200
[2026-09-16 23:07 UTC] refresh done
📡 拉取 Binance 24h 行情…
✅ 获取 50 个币种数据
✅ 生成 50 个币页 + 2 个对比页 + index/sitemap/llms/robots/IndexNow → /root/deepseek/work/crypto-site/public
📏 答案块词数抽查 (HOLO): 158 词 (目标 134-167)
[main be3a3c99] refresh 2026-09-17-00:07
 107 files changed, 1390 insertions(+), 1380 deletions(-)
To https://github.com/lumingze-56/cryptodata-site.git
   0f2204b8..be3a3c99  main -> main
indexnow HTTP 200
[2026-09-17 00:07 UTC] refresh done
📡 拉取 Binance 24h 行情…
✅ 获取 50 个币种数据
✅ 生成 50 个币页 + 2 个对比页 + index/sitemap/llms/robots/IndexNow → /root/deepseek/work/crypto-site/public
📏 答案块词数抽查 (HOLO): 158 词 (目标 134-167)
[main ea10daef] refresh 2026-09-17-01:07
 107 files changed, 1382 insertions(+), 1372 deletions(-)
To https://github.com/lumingze-56/cryptodata-site.git
   be3a3c99..ea10daef  main -> main
indexnow HTTP 200
[2026-09-17 01:07 UTC] refresh done
📡 拉取 Binance 24h 行情…
✅ 获取 50 个币种数据
✅ 生成 50 个币页 + 2 个对比页 + index/sitemap/llms/robots/IndexNow → /root/deepseek/work/crypto-site/public
📏 答案块词数抽查 (FIL): 158 词 (目标 134-167)
[main c25d528a] refresh 2026-09-17-02:07
 107 files changed, 1408 insertions(+), 1398 deletions(-)
To https://github.com/lumingze-56/cryptodata-site.git
   ea10daef..c25d528a  main -> main
indexnow HTTP 200
[2026-09-17 02:07 UTC] refresh done
📡 拉取 Binance 24h 行情…
✅ 获取 50 个币种数据
✅ 生成 50 个币页 + 2 个对比页 + index/sitemap/llms/robots/IndexNow → /root/deepseek/work/crypto-site/public
📏 答案块词数抽查 (TAO): 158 词 (目标 134-167)
[main 693cf998] refresh 2026-09-17-03:07
 107 files changed, 1378 insertions(+), 1368 deletions(-)
To https://github.com/lumingze-56/cryptodata-site.git
   c25d528a..693cf998  main -> main
indexnow HTTP 200
[2026-09-17 03:07 UTC] refresh done
📡 拉取 Binance 24h 行情…
✅ 获取 50 个币种数据
✅ 生成 50 个币页 + 2 个对比页 + index/sitemap/llms/robots/IndexNow → /root/deepseek/work/crypto-site/public
📏 答案块词数抽查 (DOGE): 158 词 (目标 134-167)
[main 55615f7b] refresh 2026-09-17-04:07
 107 files changed, 1472 insertions(+), 1358 deletions(-)
 create mode 100644 coin/one.html
 create mode 100644 public/coin/one.html
To https://github.com/lumingze-56/cryptodata-site.git
   693cf998..55615f7b  main -> main
indexnow HTTP 200
[2026-09-17 04:07 UTC] refresh done
📡 拉取 Binance 24h 行情…
✅ 获取 50 个币种数据
✅ 生成 50 个币页 + 2 个对比页 + index/sitemap/llms/robots/IndexNow → /root/deepseek/work/crypto-site/public
📏 答案块词数抽查 (DOGE): 158 词 (目标 134-167)
[main 39433f99] refresh 2026-09-17-05:07
 107 files changed, 1374 insertions(+), 1362 deletions(-)
To https://github.com/lumingze-56/cryptodata-site.git
   55615f7b..39433f99  main -> main
indexnow HTTP 200
[2026-09-17 05:07 UTC] refresh done
📡 拉取 Binance 24h 行情…
✅ 获取 50 个币种数据
✅ 生成 50 个币页 + 2 个对比页 + index/sitemap/llms/robots/IndexNow → /root/deepseek/work/crypto-site/public
📏 答案块词数抽查 (XLM): 156 词 (目标 134-167)
[main f98924b7] refresh 2026-09-17-06:07
 107 files changed, 1358 insertions(+), 1348 deletions(-)
To https://github.com/lumingze-56/cryptodata-site.git
   39433f99..f98924b7  main -> main
indexnow HTTP 200
[2026-09-17 06:07 UTC] refresh done
📡 拉取 Binance 24h 行情…
✅ 获取 50 个币种数据
✅ 生成 50 个币页 + 2 个对比页 + index/sitemap/llms/robots/IndexNow → /root/deepseek/work/crypto-site/public
📏 答案块词数抽查 (HOLO): 158 词 (目标 134-167)
[main 0fed477d] refresh 2026-09-17-07:07
 107 files changed, 1394 insertions(+), 1384 deletions(-)
To https://github.com/lumingze-56/cryptodata-site.git
   f98924b7..0fed477d  main -> main
indexnow HTTP 200
[2026-09-17 07:07 UTC] refresh done
📡 拉取 Binance 24h 行情…
✅ 获取 50 个币种数据
✅ 生成 50 个币页 + 2 个对比页 + index/sitemap/llms/robots/IndexNow → /root/deepseek/work/crypto-site/public
📏 答案块词数抽查 (XPL): 156 词 (目标 134-167)
[main 2f471f41] refresh 2026-09-17-08:07
 107 files changed, 1408 insertions(+), 1398 deletions(-)
To https://github.com/lumingze-56/cryptodata-site.git
   0fed477d..2f471f41  main -> main
indexnow HTTP 200
[2026-09-17 08:07 UTC] refresh done
📡 拉取 Binance 24h 行情…
✅ 获取 50 个币种数据
✅ 生成 50 个币页 + 2 个对比页 + index/sitemap/llms/robots/IndexNow → /root/deepseek/work/crypto-site/public
📏 答案块词数抽查 (FIL): 158 词 (目标 134-167)
[main 776a643d] refresh 2026-09-17-09:07
 107 files changed, 1398 insertions(+), 1388 deletions(-)
To https://github.com/lumingze-56/cryptodata-site.git
   2f471f41..776a643d  main -> main
indexnow HTTP 200
[2026-09-17 09:07 UTC] refresh done
📡 拉取 Binance 24h 行情…
✅ 获取 50 个币种数据
✅ 生成 50 个币页 + 2 个对比页 + index/sitemap/llms/robots/IndexNow → /root/deepseek/work/crypto-site/public
📏 答案块词数抽查 (SNDKB): 158 词 (目标 134-167)
[main bff23fba] refresh 2026-09-17-10:07
 107 files changed, 1386 insertions(+), 1376 deletions(-)
To https://github.com/lumingze-56/cryptodata-site.git
   776a643d..bff23fba  main -> main
indexnow HTTP 200
[2026-09-17 10:07 UTC] refresh done
📡 拉取 Binance 24h 行情…
✅ 获取 50 个币种数据
✅ 生成 50 个币页 + 2 个对比页 + index/sitemap/llms/robots/IndexNow → /root/deepseek/work/crypto-site/public
📏 答案块词数抽查 (ENA): 156 词 (目标 134-167)
[main e46970a1] refresh 2026-09-17-11:07
 107 files changed, 1374 insertions(+), 1364 deletions(-)
To https://github.com/lumingze-56/cryptodata-site.git
   bff23fba..e46970a1  main -> main
indexnow HTTP 200
[2026-09-17 11:07 UTC] refresh done
📡 拉取 Binance 24h 行情…
✅ 获取 50 个币种数据
✅ 生成 50 个币页 + 2 个对比页 + index/sitemap/llms/robots/IndexNow → /root/deepseek/work/crypto-site/public
📏 答案块词数抽查 (SOL): 158 词 (目标 134-167)
[main 588c56e7] refresh 2026-09-17-12:07
 107 files changed, 1392 insertions(+), 1382 deletions(-)
To https://github.com/lumingze-56/cryptodata-site.git
   e46970a1..588c56e7  main -> main
indexnow HTTP 200
[2026-09-17 12:07 UTC] refresh done
📡 拉取 Binance 24h 行情…
✅ 获取 50 个币种数据
✅ 生成 50 个币页 + 2 个对比页 + index/sitemap/llms/robots/IndexNow → /root/deepseek/work/crypto-site/public
📏 答案块词数抽查 (HBAR): 158 词 (目标 134-167)
[main 1821f8fa] refresh 2026-09-17-13:07
 107 files changed, 1402 insertions(+), 1392 deletions(-)
To https://github.com/lumingze-56/cryptodata-site.git
   588c56e7..1821f8fa  main -> main
indexnow HTTP 200
[2026-09-17 13:07 UTC] refresh done
📡 拉取 Binance 24h 行情…
✅ 获取 50 个币种数据
✅ 生成 50 个币页 + 2 个对比页 + index/sitemap/llms/robots/IndexNow → /root/deepseek/work/crypto-site/public
📏 答案块词数抽查 (BNB): 158 词 (目标 134-167)
[main 39051b5c] refresh 2026-09-17-14:07
 107 files changed, 1484 insertions(+), 1370 deletions(-)
 create mode 100644 coin/genius.html
 create mode 100644 public/coin/genius.html
To https://github.com/lumingze-56/cryptodata-site.git
   1821f8fa..39051b5c  main -> main
indexnow HTTP 200
[2026-09-17 14:07 UTC] refresh done
📡 拉取 Binance 24h 行情…
✅ 获取 50 个币种数据
✅ 生成 50 个币页 + 2 个对比页 + index/sitemap/llms/robots/IndexNow → /root/deepseek/work/crypto-site/public
📏 答案块词数抽查 (INJ): 156 词 (目标 134-167)
[main 7071b8a3] refresh 2026-09-17-15:07
 107 files changed, 1424 insertions(+), 1412 deletions(-)
To https://github.com/lumingze-56/cryptodata-site.git
   39051b5c..7071b8a3  main -> main
indexnow HTTP 200
[2026-09-17 15:07 UTC] refresh done
📡 拉取 Binance 24h 行情…
✅ 获取 50 个币种数据
✅ 生成 50 个币页 + 2 个对比页 + index/sitemap/llms/robots/IndexNow → /root/deepseek/work/crypto-site/public
📏 答案块词数抽查 (TRUMP): 156 词 (目标 134-167)
[main fc312aaf] refresh 2026-09-17-16:07
 107 files changed, 1378 insertions(+), 1368 deletions(-)
To https://github.com/lumingze-56/cryptodata-site.git
   7071b8a3..fc312aaf  main -> main
indexnow HTTP 200
[2026-09-17 16:07 UTC] refresh done
📡 拉取 Binance 24h 行情…
✅ 获取 50 个币种数据
✅ 生成 50 个币页 + 2 个对比页 + index/sitemap/llms/robots/IndexNow → /root/deepseek/work/crypto-site/public
📏 答案块词数抽查 (LINK): 156 词 (目标 134-167)
[main ca260c2d] refresh 2026-09-17-17:07
 107 files changed, 1380 insertions(+), 1370 deletions(-)
To https://github.com/lumingze-56/cryptodata-site.git
   fc312aaf..ca260c2d  main -> main
indexnow HTTP 200
[2026-09-17 17:07 UTC] refresh done
📡 拉取 Binance 24h 行情…
✅ 获取 50 个币种数据
✅ 生成 50 个币页 + 2 个对比页 + index/sitemap/llms/robots/IndexNow → /root/deepseek/work/crypto-site/public
📏 答案块词数抽查 (COTI): 156 词 (目标 134-167)
[main 99676494] refresh 2026-09-17-18:07
 107 files changed, 1548 insertions(+), 1434 deletions(-)
 create mode 100644 coin/prove.html
 create mode 100644 public/coin/prove.html
To https://github.com/lumingze-56/cryptodata-site.git
   ca260c2d..99676494  main -> main
indexnow HTTP 200
[2026-09-17 18:07 UTC] refresh done
📡 拉取 Binance 24h 行情…
✅ 获取 50 个币种数据
✅ 生成 50 个币页 + 2 个对比页 + index/sitemap/llms/robots/IndexNow → /root/deepseek/work/crypto-site/public
📏 答案块词数抽查 (XPL): 156 词 (目标 134-167)
[main 9a5bcf88] refresh 2026-09-17-19:07
 107 files changed, 1432 insertions(+), 1420 deletions(-)
To https://github.com/lumingze-56/cryptodata-site.git
   99676494..9a5bcf88  main -> main
indexnow HTTP 200
[2026-09-17 19:07 UTC] refresh done
📡 拉取 Binance 24h 行情…
✅ 获取 50 个币种数据
✅ 生成 50 个币页 + 2 个对比页 + index/sitemap/llms/robots/IndexNow → /root/deepseek/work/crypto-site/public
📏 答案块词数抽查 (XPL): 156 词 (目标 134-167)
[main 8b7daaab] refresh 2026-09-17-20:07
 107 files changed, 1448 insertions(+), 1438 deletions(-)
To https://github.com/lumingze-56/cryptodata-site.git
   9a5bcf88..8b7daaab  main -> main
indexnow HTTP 200
[2026-09-17 20:07 UTC] refresh done
📡 拉取 Binance 24h 行情…
✅ 获取 50 个币种数据
✅ 生成 50 个币页 + 2 个对比页 + index/sitemap/llms/robots/IndexNow → /root/deepseek/work/crypto-site/public
📏 答案块词数抽查 (BTC): 158 词 (目标 134-167)
[main c2cd7eb0] refresh 2026-09-17-21:07
 107 files changed, 1408 insertions(+), 1398 deletions(-)
To https://github.com/lumingze-56/cryptodata-site.git
   8b7daaab..c2cd7eb0  main -> main
indexnow HTTP 200
[2026-09-17 21:07 UTC] refresh done
📡 拉取 Binance 24h 行情…
✅ 获取 50 个币种数据
✅ 生成 50 个币页 + 2 个对比页 + index/sitemap/llms/robots/IndexNow → /root/deepseek/work/crypto-site/public
📏 答案块词数抽查 (ARB): 156 词 (目标 134-167)
[main 63c314ec] refresh 2026-09-17-22:07
 107 files changed, 1362 insertions(+), 1352 deletions(-)
To https://github.com/lumingze-56/cryptodata-site.git
   c2cd7eb0..63c314ec  main -> main
indexnow HTTP 200
[2026-09-17 22:07 UTC] refresh done
📡 拉取 Binance 24h 行情…
✅ 获取 50 个币种数据
✅ 生成 50 个币页 + 2 个对比页 + index/sitemap/llms/robots/IndexNow → /root/deepseek/work/crypto-site/public
📏 答案块词数抽查 (BTC): 158 词 (目标 134-167)
[main eac269be] refresh 2026-09-17-23:07
 107 files changed, 1444 insertions(+), 1434 deletions(-)
To https://github.com/lumingze-56/cryptodata-site.git
   63c314ec..eac269be  main -> main
indexnow HTTP 200
[2026-09-17 23:07 UTC] refresh done
📡 拉取 Binance 24h 行情…
✅ 获取 50 个币种数据
✅ 生成 50 个币页 + 2 个对比页 + index/sitemap/llms/robots/IndexNow → /root/deepseek/work/crypto-site/public
📏 答案块词数抽查 (REZ): 156 词 (目标 134-167)
[main acc87218] refresh 2026-09-18-00:07
 107 files changed, 1450 insertions(+), 1440 deletions(-)
To https://github.com/lumingze-56/cryptodata-site.git
   eac269be..acc87218  main -> main
indexnow HTTP 200
[2026-09-18 00:07 UTC] refresh done
📡 拉取 Binance 24h 行情…
✅ 获取 50 个币种数据
✅ 生成 50 个币页 + 2 个对比页 + index/sitemap/llms/robots/IndexNow → /root/deepseek/work/crypto-site/public
📏 答案块词数抽查 (FIL): 156 词 (目标 134-167)
[main d44b17cd] refresh 2026-09-18-01:07
 107 files changed, 1422 insertions(+), 1412 deletions(-)
To https://github.com/lumingze-56/cryptodata-site.git
   acc87218..d44b17cd  main -> main
indexnow HTTP 200
[2026-09-18 01:07 UTC] refresh done
📡 拉取 Binance 24h 行情…
✅ 获取 50 个币种数据
✅ 生成 50 个币页 + 2 个对比页 + index/sitemap/llms/robots/IndexNow → /root/deepseek/work/crypto-site/public
📏 答案块词数抽查 (FET): 156 词 (目标 134-167)
[main 2084a533] refresh 2026-09-18-02:07
 107 files changed, 1430 insertions(+), 1420 deletions(-)
To https://github.com/lumingze-56/cryptodata-site.git
   d44b17cd..2084a533  main -> main
indexnow HTTP 200
[2026-09-18 02:07 UTC] refresh done
📡 拉取 Binance 24h 行情…
✅ 获取 50 个币种数据
✅ 生成 50 个币页 + 2 个对比页 + index/sitemap/llms/robots/IndexNow → /root/deepseek/work/crypto-site/public
📏 答案块词数抽查 (WLD): 156 词 (目标 134-167)
[main 985fffa9] refresh 2026-09-18-03:07
 107 files changed, 1454 insertions(+), 1444 deletions(-)
To https://github.com/lumingze-56/cryptodata-site.git
   2084a533..985fffa9  main -> main
indexnow HTTP 200
[2026-09-18 03:07 UTC] refresh done
📡 拉取 Binance 24h 行情…
✅ 获取 50 个币种数据
✅ 生成 50 个币页 + 2 个对比页 + index/sitemap/llms/robots/IndexNow → /root/deepseek/work/crypto-site/public
📏 答案块词数抽查 (MARSCOIN): 156 词 (目标 134-167)
[main 31fb415f] refresh 2026-09-18-04:07
 107 files changed, 1452 insertions(+), 1442 deletions(-)
To https://github.com/lumingze-56/cryptodata-site.git
   985fffa9..31fb415f  main -> main
indexnow HTTP 200
[2026-09-18 04:07 UTC] refresh done
📡 拉取 Binance 24h 行情…
✅ 获取 50 个币种数据
✅ 生成 50 个币页 + 2 个对比页 + index/sitemap/llms/robots/IndexNow → /root/deepseek/work/crypto-site/public
📏 答案块词数抽查 (LSK): 156 词 (目标 134-167)
[main 5e953c4d] refresh 2026-09-18-05:07
 107 files changed, 1426 insertions(+), 1416 deletions(-)
To https://github.com/lumingze-56/cryptodata-site.git
   31fb415f..5e953c4d  main -> main
indexnow HTTP 200
[2026-09-18 05:07 UTC] refresh done
📡 拉取 Binance 24h 行情…
✅ 获取 50 个币种数据
✅ 生成 50 个币页 + 2 个对比页 + index/sitemap/llms/robots/IndexNow → /root/deepseek/work/crypto-site/public
📏 答案块词数抽查 (ZEC): 156 词 (目标 134-167)
[main c33d8827] refresh 2026-09-18-06:07
 107 files changed, 1392 insertions(+), 1382 deletions(-)
To https://github.com/lumingze-56/cryptodata-site.git
   5e953c4d..c33d8827  main -> main
indexnow HTTP 200
[2026-09-18 06:07 UTC] refresh done
📡 拉取 Binance 24h 行情…
✅ 获取 50 个币种数据
✅ 生成 50 个币页 + 2 个对比页 + index/sitemap/llms/robots/IndexNow → /root/deepseek/work/crypto-site/public
📏 答案块词数抽查 (MARSCOIN): 158 词 (目标 134-167)
[main 42212ef3] refresh 2026-09-18-07:07
 107 files changed, 1430 insertions(+), 1420 deletions(-)
To https://github.com/lumingze-56/cryptodata-site.git
   c33d8827..42212ef3  main -> main
indexnow HTTP 200
[2026-09-18 07:07 UTC] refresh done
📡 拉取 Binance 24h 行情…
✅ 获取 50 个币种数据
✅ 生成 50 个币页 + 2 个对比页 + index/sitemap/llms/robots/IndexNow → /root/deepseek/work/crypto-site/public
📏 答案块词数抽查 (LINK): 156 词 (目标 134-167)
[main 6cfbfe75] refresh 2026-09-18-08:07
 107 files changed, 1494 insertions(+), 1380 deletions(-)
 create mode 100644 coin/g.html
 create mode 100644 public/coin/g.html
To https://github.com/lumingze-56/cryptodata-site.git
   42212ef3..6cfbfe75  main -> main
indexnow HTTP 200
[2026-09-18 08:07 UTC] refresh done
📡 拉取 Binance 24h 行情…
✅ 获取 50 个币种数据
✅ 生成 50 个币页 + 2 个对比页 + index/sitemap/llms/robots/IndexNow → /root/deepseek/work/crypto-site/public
📏 答案块词数抽查 (BNB): 156 词 (目标 134-167)
[main b7d54c12] refresh 2026-09-18-09:07
 107 files changed, 1424 insertions(+), 1412 deletions(-)
To https://github.com/lumingze-56/cryptodata-site.git
   6cfbfe75..b7d54c12  main -> main
indexnow HTTP 200
[2026-09-18 09:07 UTC] refresh done
📡 拉取 Binance 24h 行情…
✅ 获取 50 个币种数据
✅ 生成 50 个币页 + 2 个对比页 + index/sitemap/llms/robots/IndexNow → /root/deepseek/work/crypto-site/public
📏 答案块词数抽查 (APT): 156 词 (目标 134-167)
[main d86e8d7c] refresh 2026-09-18-10:07
 107 files changed, 1428 insertions(+), 1418 deletions(-)
To https://github.com/lumingze-56/cryptodata-site.git
   b7d54c12..d86e8d7c  main -> main
indexnow HTTP 200
[2026-09-18 10:07 UTC] refresh done
📡 拉取 Binance 24h 行情…
✅ 获取 50 个币种数据
✅ 生成 50 个币页 + 2 个对比页 + index/sitemap/llms/robots/IndexNow → /root/deepseek/work/crypto-site/public
📏 答案块词数抽查 (G): 156 词 (目标 134-167)
[main b0dcd68b] refresh 2026-09-18-11:07
 107 files changed, 1424 insertions(+), 1414 deletions(-)
To https://github.com/lumingze-56/cryptodata-site.git
   d86e8d7c..b0dcd68b  main -> main
indexnow HTTP 200
[2026-09-18 11:07 UTC] refresh done
📡 拉取 Binance 24h 行情…
✅ 获取 50 个币种数据
✅ 生成 50 个币页 + 2 个对比页 + index/sitemap/llms/robots/IndexNow → /root/deepseek/work/crypto-site/public
📏 答案块词数抽查 (APT): 156 词 (目标 134-167)
[main 56eb73f5] refresh 2026-09-18-12:07
 107 files changed, 1496 insertions(+), 1382 deletions(-)
 create mode 100644 coin/spyb.html
 create mode 100644 public/coin/spyb.html
To https://github.com/lumingze-56/cryptodata-site.git
   b0dcd68b..56eb73f5  main -> main
indexnow HTTP 200
[2026-09-18 12:07 UTC] refresh done
📡 拉取 Binance 24h 行情…
✅ 获取 50 个币种数据
✅ 生成 50 个币页 + 2 个对比页 + index/sitemap/llms/robots/IndexNow → /root/deepseek/work/crypto-site/public
📏 答案块词数抽查 (REZ): 158 词 (目标 134-167)
[main fd1016f7] refresh 2026-09-18-13:07
 107 files changed, 1406 insertions(+), 1394 deletions(-)
To https://github.com/lumingze-56/cryptodata-site.git
   56eb73f5..fd1016f7  main -> main
indexnow HTTP 200
[2026-09-18 13:07 UTC] refresh done
📡 拉取 Binance 24h 行情…
✅ 获取 50 个币种数据
✅ 生成 50 个币页 + 2 个对比页 + index/sitemap/llms/robots/IndexNow → /root/deepseek/work/crypto-site/public
📏 答案块词数抽查 (DOGE): 156 词 (目标 134-167)
[main 21245116] refresh 2026-09-18-14:07
 107 files changed, 1484 insertions(+), 1474 deletions(-)
To https://github.com/lumingze-56/cryptodata-site.git
   fd1016f7..21245116  main -> main
indexnow HTTP 200
[2026-09-18 14:07 UTC] refresh done
📡 拉取 Binance 24h 行情…
✅ 获取 50 个币种数据
✅ 生成 50 个币页 + 2 个对比页 + index/sitemap/llms/robots/IndexNow → /root/deepseek/work/crypto-site/public
📏 答案块词数抽查 (TRX): 158 词 (目标 134-167)
[main 2ca2a234] refresh 2026-09-18-15:07
 107 files changed, 1440 insertions(+), 1430 deletions(-)
To https://github.com/lumingze-56/cryptodata-site.git
   21245116..2ca2a234  main -> main
indexnow HTTP 200
[2026-09-18 15:07 UTC] refresh done
📡 拉取 Binance 24h 行情…
✅ 获取 50 个币种数据
✅ 生成 50 个币页 + 2 个对比页 + index/sitemap/llms/robots/IndexNow → /root/deepseek/work/crypto-site/public
📏 答案块词数抽查 (PUMP): 156 词 (目标 134-167)
[main ba9c1706] refresh 2026-09-18-16:07
 107 files changed, 1438 insertions(+), 1428 deletions(-)
To https://github.com/lumingze-56/cryptodata-site.git
   2ca2a234..ba9c1706  main -> main
indexnow HTTP 200
[2026-09-18 16:07 UTC] refresh done
📡 拉取 Binance 24h 行情…
✅ 获取 50 个币种数据
✅ 生成 50 个币页 + 2 个对比页 + index/sitemap/llms/robots/IndexNow → /root/deepseek/work/crypto-site/public
📏 答案块词数抽查 (ZEC): 158 词 (目标 134-167)
[main 297be3a5] refresh 2026-09-18-17:07
 107 files changed, 1418 insertions(+), 1408 deletions(-)
To https://github.com/lumingze-56/cryptodata-site.git
   ba9c1706..297be3a5  main -> main
indexnow HTTP 200
[2026-09-18 17:07 UTC] refresh done
📡 拉取 Binance 24h 行情…
✅ 获取 50 个币种数据
✅ 生成 50 个币页 + 2 个对比页 + index/sitemap/llms/robots/IndexNow → /root/deepseek/work/crypto-site/public
📏 答案块词数抽查 (AAVE): 156 词 (目标 134-167)
[main e89ff8f1] refresh 2026-09-18-18:07
 107 files changed, 1392 insertions(+), 1382 deletions(-)
To https://github.com/lumingze-56/cryptodata-site.git
   297be3a5..e89ff8f1  main -> main
indexnow HTTP 200
[2026-09-18 18:07 UTC] refresh done
📡 拉取 Binance 24h 行情…
✅ 获取 50 个币种数据
✅ 生成 50 个币页 + 2 个对比页 + index/sitemap/llms/robots/IndexNow → /root/deepseek/work/crypto-site/public
📏 答案块词数抽查 (SNDKB): 156 词 (目标 134-167)
[main b7c7dde9] refresh 2026-09-18-19:07
 107 files changed, 1412 insertions(+), 1402 deletions(-)
To https://github.com/lumingze-56/cryptodata-site.git
   e89ff8f1..b7c7dde9  main -> main
indexnow HTTP 200
[2026-09-18 19:07 UTC] refresh done
📡 拉取 Binance 24h 行情…
✅ 获取 50 个币种数据
✅ 生成 50 个币页 + 2 个对比页 + index/sitemap/llms/robots/IndexNow → /root/deepseek/work/crypto-site/public
📏 答案块词数抽查 (ARB): 156 词 (目标 134-167)
[main 056e3491] refresh 2026-09-18-20:07
 107 files changed, 1414 insertions(+), 1404 deletions(-)
To https://github.com/lumingze-56/cryptodata-site.git
   b7c7dde9..056e3491  main -> main
indexnow HTTP 200
[2026-09-18 20:07 UTC] refresh done
📡 拉取 Binance 24h 行情…
✅ 获取 50 个币种数据
✅ 生成 50 个币页 + 2 个对比页 + index/sitemap/llms/robots/IndexNow → /root/deepseek/work/crypto-site/public
📏 答案块词数抽查 (ZEC): 158 词 (目标 134-167)
[main c18f295f] refresh 2026-09-18-21:07
 107 files changed, 1370 insertions(+), 1360 deletions(-)
To https://github.com/lumingze-56/cryptodata-site.git
   056e3491..c18f295f  main -> main
indexnow HTTP 200
[2026-09-18 21:07 UTC] refresh done
📡 拉取 Binance 24h 行情…
✅ 获取 50 个币种数据
✅ 生成 50 个币页 + 2 个对比页 + index/sitemap/llms/robots/IndexNow → /root/deepseek/work/crypto-site/public
📏 答案块词数抽查 (REZ): 158 词 (目标 134-167)
[main 41cbda20] refresh 2026-09-18-22:07
 107 files changed, 1374 insertions(+), 1364 deletions(-)
To https://github.com/lumingze-56/cryptodata-site.git
   c18f295f..41cbda20  main -> main
indexnow HTTP 200
[2026-09-18 22:07 UTC] refresh done
📡 拉取 Binance 24h 行情…
✅ 获取 50 个币种数据
✅ 生成 50 个币页 + 2 个对比页 + index/sitemap/llms/robots/IndexNow → /root/deepseek/work/crypto-site/public
📏 答案块词数抽查 (SUI): 156 词 (目标 134-167)
[main fba247de] refresh 2026-09-18-23:07
 107 files changed, 1514 insertions(+), 1400 deletions(-)
 create mode 100644 coin/f.html
 create mode 100644 public/coin/f.html
To https://github.com/lumingze-56/cryptodata-site.git
   41cbda20..fba247de  main -> main
indexnow HTTP 200
[2026-09-18 23:07 UTC] refresh done
📡 拉取 Binance 24h 行情…
✅ 获取 50 个币种数据
✅ 生成 50 个币页 + 2 个对比页 + index/sitemap/llms/robots/IndexNow → /root/deepseek/work/crypto-site/public
📏 答案块词数抽查 (ZAMA): 156 词 (目标 134-167)
[main 632e1da3] refresh 2026-09-19-00:07
 107 files changed, 1402 insertions(+), 1390 deletions(-)
To https://github.com/lumingze-56/cryptodata-site.git
   fba247de..632e1da3  main -> main
indexnow HTTP 200
[2026-09-19 00:07 UTC] refresh done
📡 拉取 Binance 24h 行情…
✅ 获取 50 个币种数据
✅ 生成 50 个币页 + 2 个对比页 + index/sitemap/llms/robots/IndexNow → /root/deepseek/work/crypto-site/public
📏 答案块词数抽查 (ARB): 156 词 (目标 134-167)
[main 20867244] refresh 2026-09-19-01:07
 107 files changed, 1468 insertions(+), 1458 deletions(-)
To https://github.com/lumingze-56/cryptodata-site.git
   632e1da3..20867244  main -> main
indexnow HTTP 200
[2026-09-19 01:07 UTC] refresh done
📡 拉取 Binance 24h 行情…
✅ 获取 50 个币种数据
✅ 生成 50 个币页 + 2 个对比页 + index/sitemap/llms/robots/IndexNow → /root/deepseek/work/crypto-site/public
📏 答案块词数抽查 (FIL): 156 词 (目标 134-167)
[main 30321371] refresh 2026-09-19-02:07
 107 files changed, 1430 insertions(+), 1420 deletions(-)
To https://github.com/lumingze-56/cryptodata-site.git
   20867244..30321371  main -> main
indexnow HTTP 200
[2026-09-19 02:07 UTC] refresh done
📡 拉取 Binance 24h 行情…
✅ 获取 50 个币种数据
✅ 生成 50 个币页 + 2 个对比页 + index/sitemap/llms/robots/IndexNow → /root/deepseek/work/crypto-site/public
📏 答案块词数抽查 (SOL): 156 词 (目标 134-167)
[main 6346fde6] refresh 2026-09-19-03:07
 107 files changed, 1450 insertions(+), 1440 deletions(-)
To https://github.com/lumingze-56/cryptodata-site.git
   30321371..6346fde6  main -> main
indexnow HTTP 200
[2026-09-19 03:07 UTC] refresh done
📡 拉取 Binance 24h 行情…
✅ 获取 50 个币种数据
✅ 生成 50 个币页 + 2 个对比页 + index/sitemap/llms/robots/IndexNow → /root/deepseek/work/crypto-site/public
📏 答案块词数抽查 (AVAX): 156 词 (目标 134-167)
[main e4a6a369] refresh 2026-09-19-04:07
 107 files changed, 1424 insertions(+), 1414 deletions(-)
To https://github.com/lumingze-56/cryptodata-site.git
   6346fde6..e4a6a369  main -> main
indexnow HTTP 200
[2026-09-19 04:07 UTC] refresh done
📡 拉取 Binance 24h 行情…
✅ 获取 50 个币种数据
✅ 生成 50 个币页 + 2 个对比页 + index/sitemap/llms/robots/IndexNow → /root/deepseek/work/crypto-site/public
📏 答案块词数抽查 (AVAX): 156 词 (目标 134-167)
[main 417358e1] refresh 2026-09-19-05:07
 107 files changed, 1410 insertions(+), 1400 deletions(-)
To https://github.com/lumingze-56/cryptodata-site.git
   e4a6a369..417358e1  main -> main
indexnow HTTP 200
[2026-09-19 05:07 UTC] refresh done
📡 拉取 Binance 24h 行情…
✅ 获取 50 个币种数据
✅ 生成 50 个币页 + 2 个对比页 + index/sitemap/llms/robots/IndexNow → /root/deepseek/work/crypto-site/public
📏 答案块词数抽查 (SAGA): 156 词 (目标 134-167)
[main 254bccf1] refresh 2026-09-19-06:07
 107 files changed, 1392 insertions(+), 1382 deletions(-)
To https://github.com/lumingze-56/cryptodata-site.git
   417358e1..254bccf1  main -> main
indexnow HTTP 200
[2026-09-19 06:07 UTC] refresh done
📡 拉取 Binance 24h 行情…
✅ 获取 50 个币种数据
✅ 生成 50 个币页 + 2 个对比页 + index/sitemap/llms/robots/IndexNow → /root/deepseek/work/crypto-site/public
📏 答案块词数抽查 (LTC): 156 词 (目标 134-167)
[main f686f3e1] refresh 2026-09-19-07:07
 107 files changed, 1404 insertions(+), 1394 deletions(-)
To https://github.com/lumingze-56/cryptodata-site.git
   254bccf1..f686f3e1  main -> main
indexnow HTTP 200
[2026-09-19 07:07 UTC] refresh done
📡 拉取 Binance 24h 行情…
✅ 获取 50 个币种数据
✅ 生成 50 个币页 + 2 个对比页 + index/sitemap/llms/robots/IndexNow → /root/deepseek/work/crypto-site/public
📏 答案块词数抽查 (ASTER): 158 词 (目标 134-167)
[main 4f0bf12a] refresh 2026-09-19-08:07
 107 files changed, 1382 insertions(+), 1372 deletions(-)
To https://github.com/lumingze-56/cryptodata-site.git
   f686f3e1..4f0bf12a  main -> main
indexnow HTTP 200
[2026-09-19 08:07 UTC] refresh done
📡 拉取 Binance 24h 行情…
✅ 获取 50 个币种数据
✅ 生成 50 个币页 + 2 个对比页 + index/sitemap/llms/robots/IndexNow → /root/deepseek/work/crypto-site/public
📏 答案块词数抽查 (ADA): 156 词 (目标 134-167)
[main 0ba7ae4a] refresh 2026-09-19-09:07
 107 files changed, 1412 insertions(+), 1402 deletions(-)
To https://github.com/lumingze-56/cryptodata-site.git
   4f0bf12a..0ba7ae4a  main -> main
indexnow HTTP 200
[2026-09-19 09:07 UTC] refresh done
📡 拉取 Binance 24h 行情…
✅ 获取 50 个币种数据
✅ 生成 50 个币页 + 2 个对比页 + index/sitemap/llms/robots/IndexNow → /root/deepseek/work/crypto-site/public
📏 答案块词数抽查 (XRP): 156 词 (目标 134-167)
[main 56a201ef] refresh 2026-09-19-10:07
 107 files changed, 1384 insertions(+), 1374 deletions(-)
To https://github.com/lumingze-56/cryptodata-site.git
   0ba7ae4a..56a201ef  main -> main
indexnow HTTP 200
[2026-09-19 10:07 UTC] refresh done
📡 拉取 Binance 24h 行情…
✅ 获取 50 个币种数据
✅ 生成 50 个币页 + 2 个对比页 + index/sitemap/llms/robots/IndexNow → /root/deepseek/work/crypto-site/public
📏 答案块词数抽查 (ONE): 156 词 (目标 134-167)
[main 703bacab] refresh 2026-09-19-11:07
 107 files changed, 1374 insertions(+), 1364 deletions(-)
To https://github.com/lumingze-56/cryptodata-site.git
   56a201ef..703bacab  main -> main
indexnow HTTP 200
[2026-09-19 11:07 UTC] refresh done
📡 拉取 Binance 24h 行情…
✅ 获取 50 个币种数据
✅ 生成 50 个币页 + 2 个对比页 + index/sitemap/llms/robots/IndexNow → /root/deepseek/work/crypto-site/public
📏 答案块词数抽查 (SAGA): 156 词 (目标 134-167)
[main 879e8822] refresh 2026-09-19-12:07
 107 files changed, 1394 insertions(+), 1384 deletions(-)
To https://github.com/lumingze-56/cryptodata-site.git
   703bacab..879e8822  main -> main
indexnow HTTP 200
[2026-09-19 12:07 UTC] refresh done
📡 拉取 Binance 24h 行情…
✅ 获取 50 个币种数据
✅ 生成 50 个币页 + 2 个对比页 + index/sitemap/llms/robots/IndexNow → /root/deepseek/work/crypto-site/public
📏 答案块词数抽查 (WLD): 158 词 (目标 134-167)
[main 438c0e56] refresh 2026-09-19-13:07
 107 files changed, 1418 insertions(+), 1408 deletions(-)
To https://github.com/lumingze-56/cryptodata-site.git
   879e8822..438c0e56  main -> main
indexnow HTTP 200
[2026-09-19 13:07 UTC] refresh done
📡 拉取 Binance 24h 行情…
✅ 获取 50 个币种数据
✅ 生成 50 个币页 + 2 个对比页 + index/sitemap/llms/robots/IndexNow → /root/deepseek/work/crypto-site/public
📏 答案块词数抽查 (FET): 158 词 (目标 134-167)
[main 56d3edd6] refresh 2026-09-19-14:07
 107 files changed, 1532 insertions(+), 1418 deletions(-)
 create mode 100644 coin/xtz.html
 create mode 100644 public/coin/xtz.html
To https://github.com/lumingze-56/cryptodata-site.git
   438c0e56..56d3edd6  main -> main
indexnow HTTP 200
[2026-09-19 14:07 UTC] refresh done
📡 拉取 Binance 24h 行情…
✅ 获取 50 个币种数据
✅ 生成 50 个币页 + 2 个对比页 + index/sitemap/llms/robots/IndexNow → /root/deepseek/work/crypto-site/public
📏 答案块词数抽查 (STRK): 156 词 (目标 134-167)
[main 7d675982] refresh 2026-09-19-15:07
 107 files changed, 1502 insertions(+), 1386 deletions(-)
 create mode 100644 coin/morpho.html
 create mode 100644 public/coin/morpho.html
To https://github.com/lumingze-56/cryptodata-site.git
   56d3edd6..7d675982  main -> main
indexnow HTTP 200
[2026-09-19 15:07 UTC] refresh done
📡 拉取 Binance 24h 行情…
✅ 获取 50 个币种数据
✅ 生成 50 个币页 + 2 个对比页 + index/sitemap/llms/robots/IndexNow → /root/deepseek/work/crypto-site/public
📏 答案块词数抽查 (SOL): 158 词 (目标 134-167)
[main b386eb04] refresh 2026-09-19-16:07
 107 files changed, 1432 insertions(+), 1420 deletions(-)
To https://github.com/lumingze-56/cryptodata-site.git
   7d675982..b386eb04  main -> main
indexnow HTTP 200
[2026-09-19 16:07 UTC] refresh done
📡 拉取 Binance 24h 行情…
✅ 获取 50 个币种数据
✅ 生成 50 个币页 + 2 个对比页 + index/sitemap/llms/robots/IndexNow → /root/deepseek/work/crypto-site/public
📏 答案块词数抽查 (ZEN): 156 词 (目标 134-167)
[main a75abcb9] refresh 2026-09-19-17:07
 107 files changed, 1412 insertions(+), 1402 deletions(-)
To https://github.com/lumingze-56/cryptodata-site.git
   b386eb04..a75abcb9  main -> main
indexnow HTTP 200
[2026-09-19 17:07 UTC] refresh done
📡 拉取 Binance 24h 行情…
✅ 获取 50 个币种数据
✅ 生成 50 个币页 + 2 个对比页 + index/sitemap/llms/robots/IndexNow → /root/deepseek/work/crypto-site/public
📏 答案块词数抽查 (STRK): 156 词 (目标 134-167)
[main 3d7f745e] refresh 2026-09-19-18:07
 107 files changed, 1432 insertions(+), 1422 deletions(-)
To https://github.com/lumingze-56/cryptodata-site.git
   a75abcb9..3d7f745e  main -> main
indexnow HTTP 200
[2026-09-19 18:07 UTC] refresh done
📡 拉取 Binance 24h 行情…
✅ 获取 50 个币种数据
✅ 生成 50 个币页 + 2 个对比页 + index/sitemap/llms/robots/IndexNow → /root/deepseek/work/crypto-site/public
📏 答案块词数抽查 (SOL): 158 词 (目标 134-167)
[main 2c524e19] refresh 2026-09-19-19:07
 107 files changed, 1406 insertions(+), 1396 deletions(-)
To https://github.com/lumingze-56/cryptodata-site.git
   3d7f745e..2c524e19  main -> main
indexnow HTTP 200
[2026-09-19 19:07 UTC] refresh done
📡 拉取 Binance 24h 行情…
✅ 获取 50 个币种数据
✅ 生成 50 个币页 + 2 个对比页 + index/sitemap/llms/robots/IndexNow → /root/deepseek/work/crypto-site/public
📏 答案块词数抽查 (MARSCOIN): 156 词 (目标 134-167)
[main aa96df7e] refresh 2026-09-19-20:07
 107 files changed, 1404 insertions(+), 1394 deletions(-)
To https://github.com/lumingze-56/cryptodata-site.git
   2c524e19..aa96df7e  main -> main
indexnow HTTP 200
[2026-09-19 20:07 UTC] refresh done
📡 拉取 Binance 24h 行情…
✅ 获取 50 个币种数据
✅ 生成 50 个币页 + 2 个对比页 + index/sitemap/llms/robots/IndexNow → /root/deepseek/work/crypto-site/public
📏 答案块词数抽查 (LINK): 158 词 (目标 134-167)
[main 10389149] refresh 2026-09-19-21:07
 107 files changed, 1362 insertions(+), 1352 deletions(-)
To https://github.com/lumingze-56/cryptodata-site.git
   aa96df7e..10389149  main -> main
indexnow HTTP 200
[2026-09-19 21:07 UTC] refresh done
📡 拉取 Binance 24h 行情…
✅ 获取 50 个币种数据
✅ 生成 50 个币页 + 2 个对比页 + index/sitemap/llms/robots/IndexNow → /root/deepseek/work/crypto-site/public
📏 答案块词数抽查 (SUI): 156 词 (目标 134-167)
[main 112c7683] refresh 2026-09-19-22:07
 107 files changed, 1386 insertions(+), 1376 deletions(-)
To https://github.com/lumingze-56/cryptodata-site.git
   10389149..112c7683  main -> main
indexnow HTTP 200
[2026-09-19 22:07 UTC] refresh done
📡 拉取 Binance 24h 行情…
✅ 获取 50 个币种数据
✅ 生成 50 个币页 + 2 个对比页 + index/sitemap/llms/robots/IndexNow → /root/deepseek/work/crypto-site/public
📏 答案块词数抽查 (DOGE): 158 词 (目标 134-167)
[main 3cd6ba62] refresh 2026-09-19-23:07
 107 files changed, 1378 insertions(+), 1368 deletions(-)
To https://github.com/lumingze-56/cryptodata-site.git
   112c7683..3cd6ba62  main -> main
indexnow HTTP 200
[2026-09-19 23:07 UTC] refresh done
📡 拉取 Binance 24h 行情…
✅ 获取 50 个币种数据
✅ 生成 50 个币页 + 2 个对比页 + index/sitemap/llms/robots/IndexNow → /root/deepseek/work/crypto-site/public
📏 答案块词数抽查 (PEPE): 156 词 (目标 134-167)
[main 639e42d9] refresh 2026-09-20-00:07
 107 files changed, 1378 insertions(+), 1368 deletions(-)
To https://github.com/lumingze-56/cryptodata-site.git
   3cd6ba62..639e42d9  main -> main
indexnow HTTP 200
[2026-09-20 00:07 UTC] refresh done
📡 拉取 Binance 24h 行情…
✅ 获取 50 个币种数据
✅ 生成 50 个币页 + 2 个对比页 + index/sitemap/llms/robots/IndexNow → /root/deepseek/work/crypto-site/public
📏 答案块词数抽查 (XRP): 158 词 (目标 134-167)
[main e5b4ccde] refresh 2026-09-20-01:07
 107 files changed, 1396 insertions(+), 1386 deletions(-)
To https://github.com/lumingze-56/cryptodata-site.git
   639e42d9..e5b4ccde  main -> main
indexnow HTTP 200
[2026-09-20 01:07 UTC] refresh done
📡 拉取 Binance 24h 行情…
✅ 获取 50 个币种数据
✅ 生成 50 个币页 + 2 个对比页 + index/sitemap/llms/robots/IndexNow → /root/deepseek/work/crypto-site/public
📏 答案块词数抽查 (PROVE): 156 词 (目标 134-167)
[main 8d4aab53] refresh 2026-09-20-02:07
 107 files changed, 1480 insertions(+), 1366 deletions(-)
 create mode 100644 coin/celr.html
 create mode 100644 public/coin/celr.html
To https://github.com/lumingze-56/cryptodata-site.git
   e5b4ccde..8d4aab53  main -> main
indexnow HTTP 200
[2026-09-20 02:07 UTC] refresh done
📡 拉取 Binance 24h 行情…
✅ 获取 50 个币种数据
✅ 生成 50 个币页 + 2 个对比页 + index/sitemap/llms/robots/IndexNow → /root/deepseek/work/crypto-site/public
📏 答案块词数抽查 (ONE): 156 词 (目标 134-167)
[main 7f500c0d] refresh 2026-09-20-03:07
 107 files changed, 1454 insertions(+), 1442 deletions(-)
To https://github.com/lumingze-56/cryptodata-site.git
   8d4aab53..7f500c0d  main -> main
indexnow HTTP 200
[2026-09-20 03:07 UTC] refresh done
📡 拉取 Binance 24h 行情…
✅ 获取 50 个币种数据
✅ 生成 50 个币页 + 2 个对比页 + index/sitemap/llms/robots/IndexNow → /root/deepseek/work/crypto-site/public
📏 答案块词数抽查 (ONE): 156 词 (目标 134-167)
[main 5e4848e7] refresh 2026-09-20-04:07
 107 files changed, 1400 insertions(+), 1390 deletions(-)
To https://github.com/lumingze-56/cryptodata-site.git
   7f500c0d..5e4848e7  main -> main
indexnow HTTP 200
[2026-09-20 04:07 UTC] refresh done
📡 拉取 Binance 24h 行情…
✅ 获取 50 个币种数据
✅ 生成 50 个币页 + 2 个对比页 + index/sitemap/llms/robots/IndexNow → /root/deepseek/work/crypto-site/public
📏 答案块词数抽查 (ASTER): 156 词 (目标 134-167)
[main 963a2e21] refresh 2026-09-20-05:07
 107 files changed, 1364 insertions(+), 1354 deletions(-)
To https://github.com/lumingze-56/cryptodata-site.git
   5e4848e7..963a2e21  main -> main
indexnow HTTP 200
[2026-09-20 05:07 UTC] refresh done
📡 拉取 Binance 24h 行情…
✅ 获取 50 个币种数据
✅ 生成 50 个币页 + 2 个对比页 + index/sitemap/llms/robots/IndexNow → /root/deepseek/work/crypto-site/public
📏 答案块词数抽查 (ONE): 156 词 (目标 134-167)
[main c8bf21e3] refresh 2026-09-20-06:07
 107 files changed, 1370 insertions(+), 1360 deletions(-)
To https://github.com/lumingze-56/cryptodata-site.git
   963a2e21..c8bf21e3  main -> main
indexnow HTTP 200
[2026-09-20 06:07 UTC] refresh done
📡 拉取 Binance 24h 行情…
✅ 获取 50 个币种数据
✅ 生成 50 个币页 + 2 个对比页 + index/sitemap/llms/robots/IndexNow → /root/deepseek/work/crypto-site/public
📏 答案块词数抽查 (SAGA): 156 词 (目标 134-167)
[main c282a2ce] refresh 2026-09-20-07:07
 107 files changed, 1396 insertions(+), 1386 deletions(-)
To https://github.com/lumingze-56/cryptodata-site.git
   c8bf21e3..c282a2ce  main -> main
indexnow HTTP 200
[2026-09-20 07:07 UTC] refresh done
📡 拉取 Binance 24h 行情…
✅ 获取 50 个币种数据
✅ 生成 50 个币页 + 2 个对比页 + index/sitemap/llms/robots/IndexNow → /root/deepseek/work/crypto-site/public
📏 答案块词数抽查 (AR): 158 词 (目标 134-167)
[main 5bfc17d3] refresh 2026-09-20-08:07
 107 files changed, 1398 insertions(+), 1388 deletions(-)
To https://github.com/lumingze-56/cryptodata-site.git
   c282a2ce..5bfc17d3  main -> main
indexnow HTTP 200
[2026-09-20 08:07 UTC] refresh done
📡 拉取 Binance 24h 行情…
✅ 获取 50 个币种数据
✅ 生成 50 个币页 + 2 个对比页 + index/sitemap/llms/robots/IndexNow → /root/deepseek/work/crypto-site/public
📏 答案块词数抽查 (ZAMA): 156 词 (目标 134-167)
[main 8497b9ac] refresh 2026-09-20-09:07
 107 files changed, 1496 insertions(+), 1382 deletions(-)
 create mode 100644 coin/zil.html
 create mode 100644 public/coin/zil.html
To https://github.com/lumingze-56/cryptodata-site.git
   5bfc17d3..8497b9ac  main -> main
indexnow HTTP 200
[2026-09-20 09:07 UTC] refresh done
📡 拉取 Binance 24h 行情…
✅ 获取 50 个币种数据
✅ 生成 50 个币页 + 2 个对比页 + index/sitemap/llms/robots/IndexNow → /root/deepseek/work/crypto-site/public
📏 答案块词数抽查 (TAO): 156 词 (目标 134-167)
[main a09c9ae2] refresh 2026-09-20-10:07
 107 files changed, 1386 insertions(+), 1374 deletions(-)
To https://github.com/lumingze-56/cryptodata-site.git
   8497b9ac..a09c9ae2  main -> main
indexnow HTTP 200
[2026-09-20 10:07 UTC] refresh done
📡 拉取 Binance 24h 行情…
✅ 获取 50 个币种数据
✅ 生成 50 个币页 + 2 个对比页 + index/sitemap/llms/robots/IndexNow → /root/deepseek/work/crypto-site/public
📏 答案块词数抽查 (BNB): 158 词 (目标 134-167)
[main bb3633cb] refresh 2026-09-20-11:07
 107 files changed, 1396 insertions(+), 1386 deletions(-)
To https://github.com/lumingze-56/cryptodata-site.git
   a09c9ae2..bb3633cb  main -> main
indexnow HTTP 200
[2026-09-20 11:07 UTC] refresh done
📡 拉取 Binance 24h 行情…
✅ 获取 50 个币种数据
✅ 生成 50 个币页 + 2 个对比页 + index/sitemap/llms/robots/IndexNow → /root/deepseek/work/crypto-site/public
📏 答案块词数抽查 (ZEC): 156 词 (目标 134-167)
[main f3fbf0f7] refresh 2026-09-20-12:07
 107 files changed, 1468 insertions(+), 1354 deletions(-)
 create mode 100644 coin/skl.html
 create mode 100644 public/coin/skl.html
To https://github.com/lumingze-56/cryptodata-site.git
   bb3633cb..f3fbf0f7  main -> main
indexnow HTTP 200
[2026-09-20 12:07 UTC] refresh done
📡 拉取 Binance 24h 行情…
✅ 获取 50 个币种数据
✅ 生成 50 个币页 + 2 个对比页 + index/sitemap/llms/robots/IndexNow → /root/deepseek/work/crypto-site/public
📏 答案块词数抽查 (DASH): 156 词 (目标 134-167)
[main 59f38e82] refresh 2026-09-20-13:07
 107 files changed, 1380 insertions(+), 1368 deletions(-)
To https://github.com/lumingze-56/cryptodata-site.git
   f3fbf0f7..59f38e82  main -> main
indexnow HTTP 200
[2026-09-20 13:07 UTC] refresh done
📡 拉取 Binance 24h 行情…
✅ 获取 50 个币种数据
✅ 生成 50 个币页 + 2 个对比页 + index/sitemap/llms/robots/IndexNow → /root/deepseek/work/crypto-site/public
📏 答案块词数抽查 (SAGA): 156 词 (目标 134-167)
[main 376f293b] refresh 2026-09-20-14:07
 107 files changed, 1410 insertions(+), 1400 deletions(-)
To https://github.com/lumingze-56/cryptodata-site.git
   59f38e82..376f293b  main -> main
indexnow HTTP 200
[2026-09-20 14:07 UTC] refresh done
📡 拉取 Binance 24h 行情…
✅ 获取 50 个币种数据
✅ 生成 50 个币页 + 2 个对比页 + index/sitemap/llms/robots/IndexNow → /root/deepseek/work/crypto-site/public
📏 答案块词数抽查 (牛来): 156 词 (目标 134-167)
[main 6b2b823b] refresh 2026-09-20-15:07
 107 files changed, 1414 insertions(+), 1404 deletions(-)
To https://github.com/lumingze-56/cryptodata-site.git
   376f293b..6b2b823b  main -> main
indexnow HTTP 200
[2026-09-20 15:07 UTC] refresh done
📡 拉取 Binance 24h 行情…
✅ 获取 50 个币种数据
✅ 生成 50 个币页 + 2 个对比页 + index/sitemap/llms/robots/IndexNow → /root/deepseek/work/crypto-site/public
📏 答案块词数抽查 (DOGE): 156 词 (目标 134-167)
[main b1ec82ea] refresh 2026-09-20-16:07
 107 files changed, 1474 insertions(+), 1360 deletions(-)
 create mode 100644 coin/c.html
 create mode 100644 public/coin/c.html
To https://github.com/lumingze-56/cryptodata-site.git
   6b2b823b..b1ec82ea  main -> main
indexnow HTTP 200
[2026-09-20 16:07 UTC] refresh done
📡 拉取 Binance 24h 行情…
✅ 获取 50 个币种数据
✅ 生成 50 个币页 + 2 个对比页 + index/sitemap/llms/robots/IndexNow → /root/deepseek/work/crypto-site/public
📏 答案块词数抽查 (CELR): 156 词 (目标 134-167)
[main 910cfb99] refresh 2026-09-20-17:07
 107 files changed, 1422 insertions(+), 1410 deletions(-)
To https://github.com/lumingze-56/cryptodata-site.git
   b1ec82ea..910cfb99  main -> main
indexnow HTTP 200
[2026-09-20 17:07 UTC] refresh done
📡 拉取 Binance 24h 行情…
✅ 获取 50 个币种数据
✅ 生成 50 个币页 + 2 个对比页 + index/sitemap/llms/robots/IndexNow → /root/deepseek/work/crypto-site/public
📏 答案块词数抽查 (LSK): 156 词 (目标 134-167)
[main e8d4fb7e] refresh 2026-09-20-18:07
 107 files changed, 1412 insertions(+), 1402 deletions(-)
To https://github.com/lumingze-56/cryptodata-site.git
   910cfb99..e8d4fb7e  main -> main
indexnow HTTP 200
[2026-09-20 18:07 UTC] refresh done
📡 拉取 Binance 24h 行情…
✅ 获取 50 个币种数据
✅ 生成 50 个币页 + 2 个对比页 + index/sitemap/llms/robots/IndexNow → /root/deepseek/work/crypto-site/public
📏 答案块词数抽查 (ETH): 158 词 (目标 134-167)
[main 1a1b4876] refresh 2026-09-20-19:07
 107 files changed, 1376 insertions(+), 1366 deletions(-)
To https://github.com/lumingze-56/cryptodata-site.git
   e8d4fb7e..1a1b4876  main -> main
indexnow HTTP 200
[2026-09-20 19:07 UTC] refresh done
📡 拉取 Binance 24h 行情…
✅ 获取 50 个币种数据
✅ 生成 50 个币页 + 2 个对比页 + index/sitemap/llms/robots/IndexNow → /root/deepseek/work/crypto-site/public
📏 答案块词数抽查 (MARSCOIN): 156 词 (目标 134-167)
[main d30b152f] refresh 2026-09-20-20:07
 107 files changed, 1380 insertions(+), 1370 deletions(-)
To https://github.com/lumingze-56/cryptodata-site.git
   1a1b4876..d30b152f  main -> main
indexnow HTTP 200
[2026-09-20 20:07 UTC] refresh done
📡 拉取 Binance 24h 行情…
✅ 获取 50 个币种数据
✅ 生成 50 个币页 + 2 个对比页 + index/sitemap/llms/robots/IndexNow → /root/deepseek/work/crypto-site/public
📏 答案块词数抽查 (ONE): 156 词 (目标 134-167)
[main 4396acfc] refresh 2026-09-20-21:07
 107 files changed, 1374 insertions(+), 1364 deletions(-)
To https://github.com/lumingze-56/cryptodata-site.git
   d30b152f..4396acfc  main -> main
indexnow HTTP 200
[2026-09-20 21:07 UTC] refresh done
📡 拉取 Binance 24h 行情…
✅ 获取 50 个币种数据
✅ 生成 50 个币页 + 2 个对比页 + index/sitemap/llms/robots/IndexNow → /root/deepseek/work/crypto-site/public
📏 答案块词数抽查 (APT): 156 词 (目标 134-167)
[main b5670f42] refresh 2026-09-20-22:07
 107 files changed, 1464 insertions(+), 1350 deletions(-)
 create mode 100644 coin/render.html
 create mode 100644 public/coin/render.html
To https://github.com/lumingze-56/cryptodata-site.git
   4396acfc..b5670f42  main -> main
indexnow HTTP 200
[2026-09-20 22:07 UTC] refresh done
📡 拉取 Binance 24h 行情…
✅ 获取 50 个币种数据
✅ 生成 50 个币页 + 2 个对比页 + index/sitemap/llms/robots/IndexNow → /root/deepseek/work/crypto-site/public
📏 答案块词数抽查 (ZIL): 158 词 (目标 134-167)
[main 08008c18] refresh 2026-09-20-23:07
 107 files changed, 1462 insertions(+), 1346 deletions(-)
 create mode 100644 coin/sei.html
 create mode 100644 public/coin/sei.html
To https://github.com/lumingze-56/cryptodata-site.git
   b5670f42..08008c18  main -> main
indexnow HTTP 200
[2026-09-20 23:07 UTC] refresh done
📡 拉取 Binance 24h 行情…
✅ 获取 50 个币种数据
✅ 生成 50 个币页 + 2 个对比页 + index/sitemap/llms/robots/IndexNow → /root/deepseek/work/crypto-site/public
📏 答案块词数抽查 (FET): 158 词 (目标 134-167)
[main 2030263d] refresh 2026-09-21-00:07
 107 files changed, 1390 insertions(+), 1378 deletions(-)
To https://github.com/lumingze-56/cryptodata-site.git
   08008c18..2030263d  main -> main
indexnow HTTP 200
[2026-09-21 00:07 UTC] refresh done
📡 拉取 Binance 24h 行情…
✅ 获取 50 个币种数据
✅ 生成 50 个币页 + 2 个对比页 + index/sitemap/llms/robots/IndexNow → /root/deepseek/work/crypto-site/public
📏 答案块词数抽查 (SAGA): 156 词 (目标 134-167)
[main 482000f2] refresh 2026-09-21-01:07
 107 files changed, 1420 insertions(+), 1410 deletions(-)
To https://github.com/lumingze-56/cryptodata-site.git
   2030263d..482000f2  main -> main
indexnow HTTP 200
[2026-09-21 01:07 UTC] refresh done
📡 拉取 Binance 24h 行情…
✅ 获取 50 个币种数据
✅ 生成 50 个币页 + 2 个对比页 + index/sitemap/llms/robots/IndexNow → /root/deepseek/work/crypto-site/public
📏 答案块词数抽查 (XLM): 158 词 (目标 134-167)
[main 1985a186] refresh 2026-09-21-02:07
 107 files changed, 1402 insertions(+), 1392 deletions(-)
To https://github.com/lumingze-56/cryptodata-site.git
   482000f2..1985a186  main -> main
indexnow HTTP 200
[2026-09-21 02:07 UTC] refresh done
📡 拉取 Binance 24h 行情…
✅ 获取 50 个币种数据
✅ 生成 50 个币页 + 2 个对比页 + index/sitemap/llms/robots/IndexNow → /root/deepseek/work/crypto-site/public
📏 答案块词数抽查 (ZAMA): 156 词 (目标 134-167)
[main f3b1a380] refresh 2026-09-21-03:07
 107 files changed, 1404 insertions(+), 1394 deletions(-)
To https://github.com/lumingze-56/cryptodata-site.git
   1985a186..f3b1a380  main -> main
indexnow HTTP 200
[2026-09-21 03:07 UTC] refresh done
📡 拉取 Binance 24h 行情…
✅ 获取 50 个币种数据
✅ 生成 50 个币页 + 2 个对比页 + index/sitemap/llms/robots/IndexNow → /root/deepseek/work/crypto-site/public
📏 答案块词数抽查 (ADA): 156 词 (目标 134-167)
[main f3ed90c4] refresh 2026-09-21-04:07
 107 files changed, 1396 insertions(+), 1386 deletions(-)
To https://github.com/lumingze-56/cryptodata-site.git
   f3b1a380..f3ed90c4  main -> main
indexnow HTTP 200
[2026-09-21 04:07 UTC] refresh done
📡 拉取 Binance 24h 行情…
✅ 获取 50 个币种数据
✅ 生成 50 个币页 + 2 个对比页 + index/sitemap/llms/robots/IndexNow → /root/deepseek/work/crypto-site/public
📏 答案块词数抽查 (XRP): 158 词 (目标 134-167)
[main 46d1e509] refresh 2026-09-21-05:07
 107 files changed, 1356 insertions(+), 1346 deletions(-)
To https://github.com/lumingze-56/cryptodata-site.git
   f3ed90c4..46d1e509  main -> main
indexnow HTTP 200
[2026-09-21 05:07 UTC] refresh done
📡 拉取 Binance 24h 行情…
✅ 获取 50 个币种数据
✅ 生成 50 个币页 + 2 个对比页 + index/sitemap/llms/robots/IndexNow → /root/deepseek/work/crypto-site/public
📏 答案块词数抽查 (ZAMA): 156 词 (目标 134-167)
[main e3dc7f71] refresh 2026-09-21-06:07
 107 files changed, 1366 insertions(+), 1356 deletions(-)
To https://github.com/lumingze-56/cryptodata-site.git
   46d1e509..e3dc7f71  main -> main
indexnow HTTP 200
[2026-09-21 06:07 UTC] refresh done
📡 拉取 Binance 24h 行情…
✅ 获取 50 个币种数据
✅ 生成 50 个币页 + 2 个对比页 + index/sitemap/llms/robots/IndexNow → /root/deepseek/work/crypto-site/public
📏 答案块词数抽查 (XPL): 156 词 (目标 134-167)
[main 1bc421cc] refresh 2026-09-21-07:07
 107 files changed, 1408 insertions(+), 1398 deletions(-)
To https://github.com/lumingze-56/cryptodata-site.git
   e3dc7f71..1bc421cc  main -> main
indexnow HTTP 200
[2026-09-21 07:07 UTC] refresh done
📡 拉取 Binance 24h 行情…
✅ 获取 50 个币种数据
✅ 生成 50 个币页 + 2 个对比页 + index/sitemap/llms/robots/IndexNow → /root/deepseek/work/crypto-site/public
📏 答案块词数抽查 (ETH): 156 词 (目标 134-167)
[main 7b66831f] refresh 2026-09-21-08:07
 107 files changed, 1386 insertions(+), 1376 deletions(-)
To https://github.com/lumingze-56/cryptodata-site.git
   1bc421cc..7b66831f  main -> main
indexnow HTTP 200
[2026-09-21 08:07 UTC] refresh done
📡 拉取 Binance 24h 行情…
✅ 获取 50 个币种数据
✅ 生成 50 个币页 + 2 个对比页 + index/sitemap/llms/robots/IndexNow → /root/deepseek/work/crypto-site/public
📏 答案块词数抽查 (DOGE): 156 词 (目标 134-167)
[main c94207d8] refresh 2026-09-21-09:07
 107 files changed, 1440 insertions(+), 1430 deletions(-)
To https://github.com/lumingze-56/cryptodata-site.git
   7b66831f..c94207d8  main -> main
indexnow HTTP 200
[2026-09-21 09:07 UTC] refresh done
📡 拉取 Binance 24h 行情…
✅ 获取 50 个币种数据
✅ 生成 50 个币页 + 2 个对比页 + index/sitemap/llms/robots/IndexNow → /root/deepseek/work/crypto-site/public
📏 答案块词数抽查 (XLM): 156 词 (目标 134-167)
[main c3dd5246] refresh 2026-09-21-10:07
 107 files changed, 1444 insertions(+), 1434 deletions(-)
To https://github.com/lumingze-56/cryptodata-site.git
   c94207d8..c3dd5246  main -> main
indexnow HTTP 200
[2026-09-21 10:07 UTC] refresh done
📡 拉取 Binance 24h 行情…
✅ 获取 50 个币种数据
✅ 生成 50 个币页 + 2 个对比页 + index/sitemap/llms/robots/IndexNow → /root/deepseek/work/crypto-site/public
📏 答案块词数抽查 (FF): 158 词 (目标 134-167)
[main 55586d8a] refresh 2026-09-21-11:07
 107 files changed, 1442 insertions(+), 1432 deletions(-)
To https://github.com/lumingze-56/cryptodata-site.git
   c3dd5246..55586d8a  main -> main
indexnow HTTP 200
[2026-09-21 11:07 UTC] refresh done
📡 拉取 Binance 24h 行情…
✅ 获取 50 个币种数据
✅ 生成 50 个币页 + 2 个对比页 + index/sitemap/llms/robots/IndexNow → /root/deepseek/work/crypto-site/public
📏 答案块词数抽查 (LINK): 156 词 (目标 134-167)
[main 0726ec63] refresh 2026-09-21-12:07
 107 files changed, 1520 insertions(+), 1406 deletions(-)
 create mode 100644 coin/pha.html
 create mode 100644 public/coin/pha.html
To https://github.com/lumingze-56/cryptodata-site.git
   55586d8a..0726ec63  main -> main
indexnow HTTP 200
[2026-09-21 12:07 UTC] refresh done
📡 拉取 Binance 24h 行情…
✅ 获取 50 个币种数据
✅ 生成 50 个币页 + 2 个对比页 + index/sitemap/llms/robots/IndexNow → /root/deepseek/work/crypto-site/public
📏 答案块词数抽查 (ONE): 156 词 (目标 134-167)
[main 3f666a5f] refresh 2026-09-21-13:07
 107 files changed, 1414 insertions(+), 1402 deletions(-)
To https://github.com/lumingze-56/cryptodata-site.git
   0726ec63..3f666a5f  main -> main
indexnow HTTP 200
[2026-09-21 13:07 UTC] refresh done
📡 拉取 Binance 24h 行情…
✅ 获取 50 个币种数据
✅ 生成 50 个币页 + 2 个对比页 + index/sitemap/llms/robots/IndexNow → /root/deepseek/work/crypto-site/public
📏 答案块词数抽查 (BANK): 156 词 (目标 134-167)
[main 61d0b63b] refresh 2026-09-21-14:07
 107 files changed, 1432 insertions(+), 1422 deletions(-)
To https://github.com/lumingze-56/cryptodata-site.git
   3f666a5f..61d0b63b  main -> main
indexnow HTTP 200
[2026-09-21 14:07 UTC] refresh done
📡 拉取 Binance 24h 行情…
✅ 获取 50 个币种数据
✅ 生成 50 个币页 + 2 个对比页 + index/sitemap/llms/robots/IndexNow → /root/deepseek/work/crypto-site/public
📏 答案块词数抽查 (AR): 156 词 (目标 134-167)
[main cf2d92a6] refresh 2026-09-21-15:07
 107 files changed, 1458 insertions(+), 1448 deletions(-)
To https://github.com/lumingze-56/cryptodata-site.git
   61d0b63b..cf2d92a6  main -> main
indexnow HTTP 200
[2026-09-21 15:07 UTC] refresh done
📡 拉取 Binance 24h 行情…
✅ 获取 50 个币种数据
✅ 生成 50 个币页 + 2 个对比页 + index/sitemap/llms/robots/IndexNow → /root/deepseek/work/crypto-site/public
📏 答案块词数抽查 (SNDKB): 158 词 (目标 134-167)
[main d14e28f1] refresh 2026-09-21-16:07
 107 files changed, 1468 insertions(+), 1458 deletions(-)
To https://github.com/lumingze-56/cryptodata-site.git
   cf2d92a6..d14e28f1  main -> main
indexnow HTTP 200
[2026-09-21 16:07 UTC] refresh done
📡 拉取 Binance 24h 行情…
✅ 获取 50 个币种数据
✅ 生成 50 个币页 + 2 个对比页 + index/sitemap/llms/robots/IndexNow → /root/deepseek/work/crypto-site/public
📏 答案块词数抽查 (ADA): 156 词 (目标 134-167)
[main 763a0ba6] refresh 2026-09-21-17:07
 107 files changed, 1436 insertions(+), 1426 deletions(-)
To https://github.com/lumingze-56/cryptodata-site.git
   d14e28f1..763a0ba6  main -> main
indexnow HTTP 200
[2026-09-21 17:07 UTC] refresh done
📡 拉取 Binance 24h 行情…
✅ 获取 50 个币种数据
✅ 生成 50 个币页 + 2 个对比页 + index/sitemap/llms/robots/IndexNow → /root/deepseek/work/crypto-site/public
📏 答案块词数抽查 (UNI): 158 词 (目标 134-167)
[main e95be73f] refresh 2026-09-21-18:07
 107 files changed, 1382 insertions(+), 1372 deletions(-)
To https://github.com/lumingze-56/cryptodata-site.git
   763a0ba6..e95be73f  main -> main
indexnow HTTP 200
[2026-09-21 18:07 UTC] refresh done
📡 拉取 Binance 24h 行情…
✅ 获取 50 个币种数据
✅ 生成 50 个币页 + 2 个对比页 + index/sitemap/llms/robots/IndexNow → /root/deepseek/work/crypto-site/public
📏 答案块词数抽查 (牛来): 156 词 (目标 134-167)
[main 3629827a] refresh 2026-09-21-19:07
 107 files changed, 1366 insertions(+), 1356 deletions(-)
To https://github.com/lumingze-56/cryptodata-site.git
   e95be73f..3629827a  main -> main
indexnow HTTP 200
[2026-09-21 19:07 UTC] refresh done
📡 拉取 Binance 24h 行情…
✅ 获取 50 个币种数据
✅ 生成 50 个币页 + 2 个对比页 + index/sitemap/llms/robots/IndexNow → /root/deepseek/work/crypto-site/public
📏 答案块词数抽查 (SNDKB): 158 词 (目标 134-167)
[main 7f934e1f] refresh 2026-09-21-20:07
 107 files changed, 1372 insertions(+), 1362 deletions(-)
To https://github.com/lumingze-56/cryptodata-site.git
   3629827a..7f934e1f  main -> main
indexnow HTTP 200
[2026-09-21 20:07 UTC] refresh done
📡 拉取 Binance 24h 行情…
✅ 获取 50 个币种数据
✅ 生成 50 个币页 + 2 个对比页 + index/sitemap/llms/robots/IndexNow → /root/deepseek/work/crypto-site/public
📏 答案块词数抽查 (BCH): 158 词 (目标 134-167)
[main f20ccaef] refresh 2026-09-21-21:07
 107 files changed, 1398 insertions(+), 1388 deletions(-)
To https://github.com/lumingze-56/cryptodata-site.git
   7f934e1f..f20ccaef  main -> main
indexnow HTTP 200
[2026-09-21 21:07 UTC] refresh done
📡 拉取 Binance 24h 行情…
✅ 获取 50 个币种数据
✅ 生成 50 个币页 + 2 个对比页 + index/sitemap/llms/robots/IndexNow → /root/deepseek/work/crypto-site/public
📏 答案块词数抽查 (MARSCOIN): 156 词 (目标 134-167)
[main 0abdb971] refresh 2026-09-21-22:07
 107 files changed, 1412 insertions(+), 1402 deletions(-)
To https://github.com/lumingze-56/cryptodata-site.git
   f20ccaef..0abdb971  main -> main
indexnow HTTP 200
[2026-09-21 22:07 UTC] refresh done
📡 拉取 Binance 24h 行情…
✅ 获取 50 个币种数据
✅ 生成 50 个币页 + 2 个对比页 + index/sitemap/llms/robots/IndexNow → /root/deepseek/work/crypto-site/public
📏 答案块词数抽查 (SAGA): 156 词 (目标 134-167)
[main 0036fc03] refresh 2026-09-21-23:07
 107 files changed, 1364 insertions(+), 1354 deletions(-)
To https://github.com/lumingze-56/cryptodata-site.git
   0abdb971..0036fc03  main -> main
indexnow HTTP 200
[2026-09-21 23:07 UTC] refresh done
📡 拉取 Binance 24h 行情…
✅ 获取 50 个币种数据
✅ 生成 50 个币页 + 2 个对比页 + index/sitemap/llms/robots/IndexNow → /root/deepseek/work/crypto-site/public
📏 答案块词数抽查 (PENGU): 156 词 (目标 134-167)
[main e96cfe81] refresh 2026-09-22-00:07
 107 files changed, 1384 insertions(+), 1374 deletions(-)
To https://github.com/lumingze-56/cryptodata-site.git
   0036fc03..e96cfe81  main -> main
indexnow HTTP 200
[2026-09-22 00:07 UTC] refresh done
📡 拉取 Binance 24h 行情…
✅ 获取 50 个币种数据
✅ 生成 50 个币页 + 2 个对比页 + index/sitemap/llms/robots/IndexNow → /root/deepseek/work/crypto-site/public
📏 答案块词数抽查 (ENA): 156 词 (目标 134-167)
[main bedd0f30] refresh 2026-09-22-01:07
 107 files changed, 1404 insertions(+), 1394 deletions(-)
To https://github.com/lumingze-56/cryptodata-site.git
   e96cfe81..bedd0f30  main -> main
indexnow HTTP 200
[2026-09-22 01:07 UTC] refresh done
📡 拉取 Binance 24h 行情…
✅ 获取 50 个币种数据
✅ 生成 50 个币页 + 2 个对比页 + index/sitemap/llms/robots/IndexNow → /root/deepseek/work/crypto-site/public
📏 答案块词数抽查 (ASTER): 158 词 (目标 134-167)
[main d9a5f0c5] refresh 2026-09-22-02:07
 107 files changed, 1424 insertions(+), 1414 deletions(-)
To https://github.com/lumingze-56/cryptodata-site.git
   bedd0f30..d9a5f0c5  main -> main
indexnow HTTP 200
[2026-09-22 02:07 UTC] refresh done
📡 拉取 Binance 24h 行情…
✅ 获取 50 个币种数据
✅ 生成 50 个币页 + 2 个对比页 + index/sitemap/llms/robots/IndexNow → /root/deepseek/work/crypto-site/public
📏 答案块词数抽查 (HBAR): 156 词 (目标 134-167)
[main ee44f936] refresh 2026-09-22-03:07
 107 files changed, 1410 insertions(+), 1400 deletions(-)
To https://github.com/lumingze-56/cryptodata-site.git
   d9a5f0c5..ee44f936  main -> main
indexnow HTTP 200
[2026-09-22 03:07 UTC] refresh done
📡 拉取 Binance 24h 行情…
✅ 获取 50 个币种数据
✅ 生成 50 个币页 + 2 个对比页 + index/sitemap/llms/robots/IndexNow → /root/deepseek/work/crypto-site/public
📏 答案块词数抽查 (XLM): 156 词 (目标 134-167)
[main 66cbe310] refresh 2026-09-22-04:07
 107 files changed, 1460 insertions(+), 1346 deletions(-)
 create mode 100644 coin/shib.html
 create mode 100644 public/coin/shib.html
To https://github.com/lumingze-56/cryptodata-site.git
   ee44f936..66cbe310  main -> main
indexnow HTTP 200
[2026-09-22 04:07 UTC] refresh done
📡 拉取 Binance 24h 行情…
✅ 获取 50 个币种数据
✅ 生成 50 个币页 + 2 个对比页 + index/sitemap/llms/robots/IndexNow → /root/deepseek/work/crypto-site/public
📏 答案块词数抽查 (INJ): 158 词 (目标 134-167)
[main f7881a5a] refresh 2026-09-22-05:07
 107 files changed, 1392 insertions(+), 1380 deletions(-)
To https://github.com/lumingze-56/cryptodata-site.git
   66cbe310..f7881a5a  main -> main
indexnow HTTP 200
[2026-09-22 05:07 UTC] refresh done
📡 拉取 Binance 24h 行情…
✅ 获取 50 个币种数据
✅ 生成 50 个币页 + 2 个对比页 + index/sitemap/llms/robots/IndexNow → /root/deepseek/work/crypto-site/public
📏 答案块词数抽查 (BTC): 156 词 (目标 134-167)
[main 1846ab22] refresh 2026-09-22-06:07
 107 files changed, 1406 insertions(+), 1396 deletions(-)
To https://github.com/lumingze-56/cryptodata-site.git
   f7881a5a..1846ab22  main -> main
indexnow HTTP 200
[2026-09-22 06:07 UTC] refresh done
📡 拉取 Binance 24h 行情…
✅ 获取 50 个币种数据
✅ 生成 50 个币页 + 2 个对比页 + index/sitemap/llms/robots/IndexNow → /root/deepseek/work/crypto-site/public
📏 答案块词数抽查 (CRCLB): 158 词 (目标 134-167)
Auto packing the repository in background for optimum performance.
See "git help gc" for manual housekeeping.
[main 73e7f34a] refresh 2026-09-22-07:07
 107 files changed, 1398 insertions(+), 1386 deletions(-)
To https://github.com/lumingze-56/cryptodata-site.git
   1846ab22..73e7f34a  main -> main
indexnow HTTP 200
[2026-09-22 07:07 UTC] refresh done
📡 拉取 Binance 24h 行情…
✅ 获取 50 个币种数据
✅ 生成 50 个币页 + 2 个对比页 + index/sitemap/llms/robots/IndexNow → /root/deepseek/work/crypto-site/public
📏 答案块词数抽查 (XPL): 158 词 (目标 134-167)
[main c374e4a3] refresh 2026-09-22-08:07
 107 files changed, 1424 insertions(+), 1412 deletions(-)
To https://github.com/lumingze-56/cryptodata-site.git
   73e7f34a..c374e4a3  main -> main
indexnow HTTP 200
[2026-09-22 08:07 UTC] refresh done
📡 拉取 Binance 24h 行情…
✅ 获取 50 个币种数据
✅ 生成 50 个币页 + 2 个对比页 + index/sitemap/llms/robots/IndexNow → /root/deepseek/work/crypto-site/public
📏 答案块词数抽查 (LTC): 158 词 (目标 134-167)
[main 483c5df3] refresh 2026-09-22-09:07
 107 files changed, 1434 insertions(+), 1424 deletions(-)
To https://github.com/lumingze-56/cryptodata-site.git
   c374e4a3..483c5df3  main -> main
indexnow HTTP 200
[2026-09-22 09:07 UTC] refresh done
📡 拉取 Binance 24h 行情…
✅ 获取 50 个币种数据
✅ 生成 50 个币页 + 2 个对比页 + index/sitemap/llms/robots/IndexNow → /root/deepseek/work/crypto-site/public
📏 答案块词数抽查 (牛来): 156 词 (目标 134-167)
[main 120e13a3] refresh 2026-09-22-10:07
 107 files changed, 1410 insertions(+), 1400 deletions(-)
To https://github.com/lumingze-56/cryptodata-site.git
   483c5df3..120e13a3  main -> main
indexnow HTTP 200
[2026-09-22 10:07 UTC] refresh done
📡 拉取 Binance 24h 行情…
✅ 获取 50 个币种数据
✅ 生成 50 个币页 + 2 个对比页 + index/sitemap/llms/robots/IndexNow → /root/deepseek/work/crypto-site/public
📏 答案块词数抽查 (ONE): 156 词 (目标 134-167)
[main 995b2943] refresh 2026-09-22-11:07
 107 files changed, 1492 insertions(+), 1378 deletions(-)
 create mode 100644 coin/wif.html
 create mode 100644 public/coin/wif.html
To https://github.com/lumingze-56/cryptodata-site.git
   120e13a3..995b2943  main -> main
indexnow HTTP 200
[2026-09-22 11:07 UTC] refresh done
📡 拉取 Binance 24h 行情…
✅ 获取 50 个币种数据
✅ 生成 50 个币页 + 2 个对比页 + index/sitemap/llms/robots/IndexNow → /root/deepseek/work/crypto-site/public
📏 答案块词数抽查 (XRP): 156 词 (目标 134-167)
[main 05308e15] refresh 2026-09-22-12:07
 107 files changed, 1480 insertions(+), 1364 deletions(-)
 create mode 100644 coin/baby.html
 create mode 100644 public/coin/baby.html
To https://github.com/lumingze-56/cryptodata-site.git
   995b2943..05308e15  main -> main
indexnow HTTP 200
[2026-09-22 12:07 UTC] refresh done
📡 拉取 Binance 24h 行情…
✅ 获取 50 个币种数据
✅ 生成 50 个币页 + 2 个对比页 + index/sitemap/llms/robots/IndexNow → /root/deepseek/work/crypto-site/public
📏 答案块词数抽查 (BTC): 158 词 (目标 134-167)
[main a16005cd] refresh 2026-09-22-13:07
 107 files changed, 1406 insertions(+), 1394 deletions(-)
To https://github.com/lumingze-56/cryptodata-site.git
   05308e15..a16005cd  main -> main
indexnow HTTP 200
[2026-09-22 13:07 UTC] refresh done
📡 拉取 Binance 24h 行情…
✅ 获取 50 个币种数据
✅ 生成 50 个币页 + 2 个对比页 + index/sitemap/llms/robots/IndexNow → /root/deepseek/work/crypto-site/public
📏 答案块词数抽查 (AAVE): 158 词 (目标 134-167)
[main ab8072a8] refresh 2026-09-22-14:07
 107 files changed, 1428 insertions(+), 1418 deletions(-)
To https://github.com/lumingze-56/cryptodata-site.git
   a16005cd..ab8072a8  main -> main
indexnow HTTP 200
[2026-09-22 14:07 UTC] refresh done
📡 拉取 Binance 24h 行情…
✅ 获取 50 个币种数据
✅ 生成 50 个币页 + 2 个对比页 + index/sitemap/llms/robots/IndexNow → /root/deepseek/work/crypto-site/public
📏 答案块词数抽查 (ETH): 158 词 (目标 134-167)
[main 322e13eb] refresh 2026-09-22-15:07
 107 files changed, 1412 insertions(+), 1402 deletions(-)
To https://github.com/lumingze-56/cryptodata-site.git
   ab8072a8..322e13eb  main -> main
indexnow HTTP 200
[2026-09-22 15:07 UTC] refresh done
📡 拉取 Binance 24h 行情…
✅ 获取 50 个币种数据
✅ 生成 50 个币页 + 2 个对比页 + index/sitemap/llms/robots/IndexNow → /root/deepseek/work/crypto-site/public
📏 答案块词数抽查 (UNI): 156 词 (目标 134-167)
[main 0107ff41] refresh 2026-09-22-16:07
 107 files changed, 1398 insertions(+), 1388 deletions(-)
To https://github.com/lumingze-56/cryptodata-site.git
   322e13eb..0107ff41  main -> main
indexnow HTTP 200
[2026-09-22 16:07 UTC] refresh done
📡 拉取 Binance 24h 行情…
✅ 获取 50 个币种数据
✅ 生成 50 个币页 + 2 个对比页 + index/sitemap/llms/robots/IndexNow → /root/deepseek/work/crypto-site/public
📏 答案块词数抽查 (HBAR): 156 词 (目标 134-167)
[main e5850fe6] refresh 2026-09-22-17:07
 107 files changed, 1400 insertions(+), 1390 deletions(-)
To https://github.com/lumingze-56/cryptodata-site.git
   0107ff41..e5850fe6  main -> main
indexnow HTTP 200
[2026-09-22 17:07 UTC] refresh done
📡 拉取 Binance 24h 行情…
✅ 获取 50 个币种数据
✅ 生成 50 个币页 + 2 个对比页 + index/sitemap/llms/robots/IndexNow → /root/deepseek/work/crypto-site/public
📏 答案块词数抽查 (TRUMP): 158 词 (目标 134-167)
[main 88e65ed7] refresh 2026-09-22-18:07
 107 files changed, 1416 insertions(+), 1406 deletions(-)
To https://github.com/lumingze-56/cryptodata-site.git
   e5850fe6..88e65ed7  main -> main
indexnow HTTP 200
[2026-09-22 18:07 UTC] refresh done
📡 拉取 Binance 24h 行情…
✅ 获取 50 个币种数据
✅ 生成 50 个币页 + 2 个对比页 + index/sitemap/llms/robots/IndexNow → /root/deepseek/work/crypto-site/public
📏 答案块词数抽查 (FIL): 156 词 (目标 134-167)
[main 00069212] refresh 2026-09-22-19:07
 107 files changed, 1380 insertions(+), 1370 deletions(-)
To https://github.com/lumingze-56/cryptodata-site.git
   88e65ed7..00069212  main -> main
indexnow HTTP 200
[2026-09-22 19:07 UTC] refresh done
📡 拉取 Binance 24h 行情…
✅ 获取 50 个币种数据
✅ 生成 50 个币页 + 2 个对比页 + index/sitemap/llms/robots/IndexNow → /root/deepseek/work/crypto-site/public
📏 答案块词数抽查 (BANK): 158 词 (目标 134-167)
[main 2f18b89e] refresh 2026-09-22-20:07
 107 files changed, 1376 insertions(+), 1366 deletions(-)
To https://github.com/lumingze-56/cryptodata-site.git
   00069212..2f18b89e  main -> main
indexnow HTTP 200
[2026-09-22 20:07 UTC] refresh done
📡 拉取 Binance 24h 行情…
✅ 获取 50 个币种数据
✅ 生成 50 个币页 + 2 个对比页 + index/sitemap/llms/robots/IndexNow → /root/deepseek/work/crypto-site/public
📏 答案块词数抽查 (ONDO): 156 词 (目标 134-167)
[main 39541b24] refresh 2026-09-22-21:07
 107 files changed, 1470 insertions(+), 1356 deletions(-)
 create mode 100644 coin/broccoli714.html
 create mode 100644 public/coin/broccoli714.html
To https://github.com/lumingze-56/cryptodata-site.git
   2f18b89e..39541b24  main -> main
indexnow HTTP 200
[2026-09-22 21:07 UTC] refresh done
📡 拉取 Binance 24h 行情…
✅ 获取 50 个币种数据
✅ 生成 50 个币页 + 2 个对比页 + index/sitemap/llms/robots/IndexNow → /root/deepseek/work/crypto-site/public
📏 答案块词数抽查 (WLD): 158 词 (目标 134-167)
[main a4181acc] refresh 2026-09-22-22:07
 107 files changed, 1364 insertions(+), 1352 deletions(-)
To https://github.com/lumingze-56/cryptodata-site.git
   39541b24..a4181acc  main -> main
indexnow HTTP 200
[2026-09-22 22:07 UTC] refresh done
📡 拉取 Binance 24h 行情…
✅ 获取 50 个币种数据
✅ 生成 50 个币页 + 2 个对比页 + index/sitemap/llms/robots/IndexNow → /root/deepseek/work/crypto-site/public
📏 答案块词数抽查 (ENA): 158 词 (目标 134-167)
[main 09e637e1] refresh 2026-09-22-23:07
 107 files changed, 1378 insertions(+), 1368 deletions(-)
To https://github.com/lumingze-56/cryptodata-site.git
   a4181acc..09e637e1  main -> main
indexnow HTTP 200
[2026-09-22 23:07 UTC] refresh done
📡 拉取 Binance 24h 行情…
✅ 获取 50 个币种数据
✅ 生成 50 个币页 + 2 个对比页 + index/sitemap/llms/robots/IndexNow → /root/deepseek/work/crypto-site/public
📏 答案块词数抽查 (牛来): 156 词 (目标 134-167)
[main 2641673e] refresh 2026-09-23-00:07
 107 files changed, 1390 insertions(+), 1380 deletions(-)
To https://github.com/lumingze-56/cryptodata-site.git
   09e637e1..2641673e  main -> main
indexnow HTTP 200
[2026-09-23 00:07 UTC] refresh done
📡 拉取 Binance 24h 行情…
✅ 获取 50 个币种数据
✅ 生成 50 个币页 + 2 个对比页 + index/sitemap/llms/robots/IndexNow → /root/deepseek/work/crypto-site/public
📏 答案块词数抽查 (MUBARAK): 156 词 (目标 134-167)
[main 335a88ab] refresh 2026-09-23-01:07
 107 files changed, 1392 insertions(+), 1382 deletions(-)
To https://github.com/lumingze-56/cryptodata-site.git
   2641673e..335a88ab  main -> main
indexnow HTTP 200
[2026-09-23 01:07 UTC] refresh done
📡 拉取 Binance 24h 行情…
✅ 获取 50 个币种数据
✅ 生成 50 个币页 + 2 个对比页 + index/sitemap/llms/robots/IndexNow → /root/deepseek/work/crypto-site/public
📏 答案块词数抽查 (PROVE): 156 词 (目标 134-167)
[main ab17de7a] refresh 2026-09-23-02:07
 107 files changed, 1386 insertions(+), 1376 deletions(-)
To https://github.com/lumingze-56/cryptodata-site.git
   335a88ab..ab17de7a  main -> main
indexnow HTTP 200
[2026-09-23 02:07 UTC] refresh done
📡 拉取 Binance 24h 行情…
✅ 获取 50 个币种数据
✅ 生成 50 个币页 + 2 个对比页 + index/sitemap/llms/robots/IndexNow → /root/deepseek/work/crypto-site/public
📏 答案块词数抽查 (LTC): 156 词 (目标 134-167)
[main 8f076265] refresh 2026-09-23-03:07
 107 files changed, 1378 insertions(+), 1368 deletions(-)
To https://github.com/lumingze-56/cryptodata-site.git
   ab17de7a..8f076265  main -> main
indexnow HTTP 200
[2026-09-23 03:07 UTC] refresh done
📡 拉取 Binance 24h 行情…
✅ 获取 50 个币种数据
✅ 生成 50 个币页 + 2 个对比页 + index/sitemap/llms/robots/IndexNow → /root/deepseek/work/crypto-site/public
📏 答案块词数抽查 (TRUMP): 158 词 (目标 134-167)
[main f68c4624] refresh 2026-09-23-04:07
 107 files changed, 1498 insertions(+), 1384 deletions(-)
 create mode 100644 coin/nil.html
 create mode 100644 public/coin/nil.html
To https://github.com/lumingze-56/cryptodata-site.git
   8f076265..f68c4624  main -> main
indexnow HTTP 200
[2026-09-23 04:07 UTC] refresh done
📡 拉取 Binance 24h 行情…
✅ 获取 50 个币种数据
✅ 生成 50 个币页 + 2 个对比页 + index/sitemap/llms/robots/IndexNow → /root/deepseek/work/crypto-site/public
📏 答案块词数抽查 (ASTER): 158 词 (目标 134-167)
[main d32f935e] refresh 2026-09-23-05:07
 107 files changed, 1392 insertions(+), 1380 deletions(-)
To https://github.com/lumingze-56/cryptodata-site.git
   f68c4624..d32f935e  main -> main
indexnow HTTP 200
[2026-09-23 05:07 UTC] refresh done
📡 拉取 Binance 24h 行情…
✅ 获取 50 个币种数据
✅ 生成 50 个币页 + 2 个对比页 + index/sitemap/llms/robots/IndexNow → /root/deepseek/work/crypto-site/public
📏 答案块词数抽查 (AAVE): 156 词 (目标 134-167)
[main 361d00a4] refresh 2026-09-23-06:07
 107 files changed, 1408 insertions(+), 1398 deletions(-)
To https://github.com/lumingze-56/cryptodata-site.git
   d32f935e..361d00a4  main -> main
indexnow HTTP 200
[2026-09-23 06:07 UTC] refresh done
📡 拉取 Binance 24h 行情…
✅ 获取 50 个币种数据
✅ 生成 50 个币页 + 2 个对比页 + index/sitemap/llms/robots/IndexNow → /root/deepseek/work/crypto-site/public
📏 答案块词数抽查 (MUBARAK): 156 词 (目标 134-167)
[main bcd86648] refresh 2026-09-23-07:07
 107 files changed, 1386 insertions(+), 1376 deletions(-)
To https://github.com/lumingze-56/cryptodata-site.git
   361d00a4..bcd86648  main -> main
indexnow HTTP 200
[2026-09-23 07:07 UTC] refresh done
📡 拉取 Binance 24h 行情…
✅ 获取 50 个币种数据
✅ 生成 50 个币页 + 2 个对比页 + index/sitemap/llms/robots/IndexNow → /root/deepseek/work/crypto-site/public
📏 答案块词数抽查 (UNI): 156 词 (目标 134-167)
[main 72a1b232] refresh 2026-09-23-08:07
 107 files changed, 1376 insertions(+), 1366 deletions(-)
To https://github.com/lumingze-56/cryptodata-site.git
   bcd86648..72a1b232  main -> main
indexnow HTTP 200
[2026-09-23 08:07 UTC] refresh done
📡 拉取 Binance 24h 行情…
✅ 获取 50 个币种数据
✅ 生成 50 个币页 + 2 个对比页 + index/sitemap/llms/robots/IndexNow → /root/deepseek/work/crypto-site/public
📏 答案块词数抽查 (INJ): 156 词 (目标 134-167)
[main 531a7de5] refresh 2026-09-23-09:07
 107 files changed, 1394 insertions(+), 1384 deletions(-)
To https://github.com/lumingze-56/cryptodata-site.git
   72a1b232..531a7de5  main -> main
indexnow HTTP 200
[2026-09-23 09:07 UTC] refresh done
📡 拉取 Binance 24h 行情…
✅ 获取 50 个币种数据
✅ 生成 50 个币页 + 2 个对比页 + index/sitemap/llms/robots/IndexNow → /root/deepseek/work/crypto-site/public
📏 答案块词数抽查 (TRUMP): 158 词 (目标 134-167)
[main 5487e0ab] refresh 2026-09-23-10:07
 107 files changed, 1364 insertions(+), 1354 deletions(-)
To https://github.com/lumingze-56/cryptodata-site.git
   531a7de5..5487e0ab  main -> main
indexnow HTTP 200
[2026-09-23 10:07 UTC] refresh done
📡 拉取 Binance 24h 行情…
✅ 获取 50 个币种数据
✅ 生成 50 个币页 + 2 个对比页 + index/sitemap/llms/robots/IndexNow → /root/deepseek/work/crypto-site/public
📏 答案块词数抽查 (ONDO): 158 词 (目标 134-167)
[main 9c2880fd] refresh 2026-09-23-11:07
 107 files changed, 1394 insertions(+), 1384 deletions(-)
To https://github.com/lumingze-56/cryptodata-site.git
   5487e0ab..9c2880fd  main -> main
indexnow HTTP 200
[2026-09-23 11:07 UTC] refresh done
📡 拉取 Binance 24h 行情…
Traceback (most recent call last):
  File "/root/deepseek/work/crypto-site/site_gen.py", line 523, in <module>
    raise SystemExit(main())
                     ^^^^^^
  File "/root/deepseek/work/crypto-site/site_gen.py", line 483, in main
    coins = collect(args.top)
            ^^^^^^^^^^^^^^^^^
  File "/root/deepseek/work/crypto-site/site_gen.py", line 96, in collect
    allt = fetch_json(TICKER_URL)
           ^^^^^^^^^^^^^^^^^^^^^^
  File "/root/deepseek/work/crypto-site/site_gen.py", line 77, in fetch_json
    return json.loads(urllib.request.urlopen(req, timeout=15).read())
                      ^^^^^^^^^^^^^^^^^^^^^^^^^^^^^^^^^^^^^^^^^^^^^^
  File "/usr/lib/python3.11/http/client.py", line 486, in read
    s = self._safe_read(self.length)
        ^^^^^^^^^^^^^^^^^^^^^^^^^^^^
  File "/usr/lib/python3.11/http/client.py", line 648, in _safe_read
    data.write(self.fp.read(delta))
               ^^^^^^^^^^^^^^^^^^^
  File "/usr/lib/python3.11/socket.py", line 706, in readinto
    return self._sock.recv_into(b)
           ^^^^^^^^^^^^^^^^^^^^^^^
  File "/usr/lib/python3.11/ssl.py", line 1311, in recv_into
    return self.read(nbytes, buffer)
           ^^^^^^^^^^^^^^^^^^^^^^^^^
  File "/usr/lib/python3.11/ssl.py", line 1167, in read
    return self._sslobj.read(len, buffer)
           ^^^^^^^^^^^^^^^^^^^^^^^^^^^^^^
TimeoutError: The read operation timed out
📡 拉取 Binance 24h 行情…
✅ 获取 50 个币种数据
✅ 生成 50 个币页 + 2 个对比页 + index/sitemap/llms/robots/IndexNow → /root/deepseek/work/crypto-site/public
📏 答案块词数抽查 (AAVE): 158 词 (目标 134-167)
[main 5cce2db8] refresh 2026-09-23-13:07
 107 files changed, 1462 insertions(+), 1422 deletions(-)
To https://github.com/lumingze-56/cryptodata-site.git
   9c2880fd..5cce2db8  main -> main
indexnow HTTP 200
[2026-09-23 13:07 UTC] refresh done
📡 拉取 Binance 24h 行情…
✅ 获取 50 个币种数据
✅ 生成 50 个币页 + 2 个对比页 + index/sitemap/llms/robots/IndexNow → /root/deepseek/work/crypto-site/public
📏 答案块词数抽查 (ADA): 158 词 (目标 134-167)
[main 10976f20] refresh 2026-09-23-14:07
 107 files changed, 1386 insertions(+), 1376 deletions(-)
To https://github.com/lumingze-56/cryptodata-site.git
   5cce2db8..10976f20  main -> main
indexnow HTTP 200
[2026-09-23 14:07 UTC] refresh done
📡 拉取 Binance 24h 行情…
✅ 获取 50 个币种数据
✅ 生成 50 个币页 + 2 个对比页 + index/sitemap/llms/robots/IndexNow → /root/deepseek/work/crypto-site/public
📏 答案块词数抽查 (AAVE): 158 词 (目标 134-167)
[main 67762730] refresh 2026-09-23-15:07
 107 files changed, 1458 insertions(+), 1448 deletions(-)
To https://github.com/lumingze-56/cryptodata-site.git
   10976f20..67762730  main -> main
indexnow HTTP 200
[2026-09-23 15:07 UTC] refresh done
📡 拉取 Binance 24h 行情…
✅ 获取 50 个币种数据
✅ 生成 50 个币页 + 2 个对比页 + index/sitemap/llms/robots/IndexNow → /root/deepseek/work/crypto-site/public
📏 答案块词数抽查 (SUI): 156 词 (目标 134-167)
[main ea2675a6] refresh 2026-09-23-16:08
 107 files changed, 1406 insertions(+), 1396 deletions(-)
To https://github.com/lumingze-56/cryptodata-site.git
   67762730..ea2675a6  main -> main
indexnow HTTP 200
[2026-09-23 16:08 UTC] refresh done
📡 拉取 Binance 24h 行情…
✅ 获取 50 个币种数据
✅ 生成 50 个币页 + 2 个对比页 + index/sitemap/llms/robots/IndexNow → /root/deepseek/work/crypto-site/public
📏 答案块词数抽查 (FIL): 156 词 (目标 134-167)
[main 7e7afb1e] refresh 2026-09-23-17:07
 107 files changed, 1386 insertions(+), 1376 deletions(-)
To https://github.com/lumingze-56/cryptodata-site.git
   ea2675a6..7e7afb1e  main -> main
indexnow HTTP 200
[2026-09-23 17:07 UTC] refresh done
📡 拉取 Binance 24h 行情…
✅ 获取 50 个币种数据
✅ 生成 50 个币页 + 2 个对比页 + index/sitemap/llms/robots/IndexNow → /root/deepseek/work/crypto-site/public
📏 答案块词数抽查 (BONK): 156 词 (目标 134-167)
[main 3d2daf84] refresh 2026-09-23-18:07
 107 files changed, 1366 insertions(+), 1356 deletions(-)
To https://github.com/lumingze-56/cryptodata-site.git
   7e7afb1e..3d2daf84  main -> main
indexnow HTTP 200
[2026-09-23 18:07 UTC] refresh done
📡 拉取 Binance 24h 行情…
✅ 获取 50 个币种数据
✅ 生成 50 个币页 + 2 个对比页 + index/sitemap/llms/robots/IndexNow → /root/deepseek/work/crypto-site/public
📏 答案块词数抽查 (DOGE): 156 词 (目标 134-167)
[main ef235a18] refresh 2026-09-23-19:07
 107 files changed, 1364 insertions(+), 1354 deletions(-)
To https://github.com/lumingze-56/cryptodata-site.git
   3d2daf84..ef235a18  main -> main
indexnow HTTP 200
[2026-09-23 19:07 UTC] refresh done
📡 拉取 Binance 24h 行情…
✅ 获取 50 个币种数据
✅ 生成 50 个币页 + 2 个对比页 + index/sitemap/llms/robots/IndexNow → /root/deepseek/work/crypto-site/public
📏 答案块词数抽查 (SAGA): 156 词 (目标 134-167)
[main 637e1b6a] refresh 2026-09-23-20:07
 107 files changed, 1372 insertions(+), 1362 deletions(-)
To https://github.com/lumingze-56/cryptodata-site.git
   ef235a18..637e1b6a  main -> main
indexnow HTTP 200
[2026-09-23 20:07 UTC] refresh done
📡 拉取 Binance 24h 行情…
✅ 获取 50 个币种数据
✅ 生成 50 个币页 + 2 个对比页 + index/sitemap/llms/robots/IndexNow → /root/deepseek/work/crypto-site/public
📏 答案块词数抽查 (XLM): 156 词 (目标 134-167)
[main 2d33a1f7] refresh 2026-09-23-21:07
 107 files changed, 1364 insertions(+), 1354 deletions(-)
To https://github.com/lumingze-56/cryptodata-site.git
   637e1b6a..2d33a1f7  main -> main
indexnow HTTP 200
[2026-09-23 21:07 UTC] refresh done
📡 拉取 Binance 24h 行情…
✅ 获取 50 个币种数据
✅ 生成 50 个币页 + 2 个对比页 + index/sitemap/llms/robots/IndexNow → /root/deepseek/work/crypto-site/public
📏 答案块词数抽查 (ZRO): 156 词 (目标 134-167)
[main 376714b7] refresh 2026-09-23-22:07
 107 files changed, 1336 insertions(+), 1326 deletions(-)
To https://github.com/lumingze-56/cryptodata-site.git
   2d33a1f7..376714b7  main -> main
indexnow HTTP 200
[2026-09-23 22:07 UTC] refresh done
📡 拉取 Binance 24h 行情…
✅ 获取 50 个币种数据
✅ 生成 50 个币页 + 2 个对比页 + index/sitemap/llms/robots/IndexNow → /root/deepseek/work/crypto-site/public
📏 答案块词数抽查 (BNB): 158 词 (目标 134-167)
[main 33dea295] refresh 2026-09-23-23:07
 107 files changed, 1362 insertions(+), 1352 deletions(-)
To https://github.com/lumingze-56/cryptodata-site.git
   376714b7..33dea295  main -> main
indexnow HTTP 200
[2026-09-23 23:07 UTC] refresh done
📡 拉取 Binance 24h 行情…
✅ 获取 50 个币种数据
✅ 生成 50 个币页 + 2 个对比页 + index/sitemap/llms/robots/IndexNow → /root/deepseek/work/crypto-site/public
📏 答案块词数抽查 (INJ): 158 词 (目标 134-167)
[main 57a0fdcb] refresh 2026-09-24-00:07
 107 files changed, 1358 insertions(+), 1348 deletions(-)
To https://github.com/lumingze-56/cryptodata-site.git
   33dea295..57a0fdcb  main -> main
indexnow HTTP 200
[2026-09-24 00:07 UTC] refresh done
📡 拉取 Binance 24h 行情…
✅ 获取 50 个币种数据
✅ 生成 50 个币页 + 2 个对比页 + index/sitemap/llms/robots/IndexNow → /root/deepseek/work/crypto-site/public
📏 答案块词数抽查 (HBAR): 156 词 (目标 134-167)
[main a3753d2f] refresh 2026-09-24-01:07
 107 files changed, 1368 insertions(+), 1358 deletions(-)
To https://github.com/lumingze-56/cryptodata-site.git
   57a0fdcb..a3753d2f  main -> main
indexnow HTTP 200
[2026-09-24 01:07 UTC] refresh done
📡 拉取 Binance 24h 行情…
✅ 获取 50 个币种数据
✅ 生成 50 个币页 + 2 个对比页 + index/sitemap/llms/robots/IndexNow → /root/deepseek/work/crypto-site/public
📏 答案块词数抽查 (DASH): 156 词 (目标 134-167)
[main 742899c2] refresh 2026-09-24-02:07
 107 files changed, 1372 insertions(+), 1362 deletions(-)
To https://github.com/lumingze-56/cryptodata-site.git
   a3753d2f..742899c2  main -> main
indexnow HTTP 200
[2026-09-24 02:07 UTC] refresh done
📡 拉取 Binance 24h 行情…
✅ 获取 50 个币种数据
✅ 生成 50 个币页 + 2 个对比页 + index/sitemap/llms/robots/IndexNow → /root/deepseek/work/crypto-site/public
📏 答案块词数抽查 (NEAR): 160 词 (目标 134-167)
[main c48ac3b5] refresh 2026-09-24-03:07
 107 files changed, 1366 insertions(+), 1356 deletions(-)
To https://github.com/lumingze-56/cryptodata-site.git
   742899c2..c48ac3b5  main -> main
indexnow HTTP 200
[2026-09-24 03:07 UTC] refresh done
📡 拉取 Binance 24h 行情…
✅ 获取 50 个币种数据
✅ 生成 50 个币页 + 2 个对比页 + index/sitemap/llms/robots/IndexNow → /root/deepseek/work/crypto-site/public
📏 答案块词数抽查 (BCH): 160 词 (目标 134-167)
[main 75509e85] refresh 2026-09-24-04:07
 107 files changed, 1400 insertions(+), 1390 deletions(-)
To https://github.com/lumingze-56/cryptodata-site.git
   c48ac3b5..75509e85  main -> main
indexnow HTTP 200
[2026-09-24 04:07 UTC] refresh done
📡 拉取 Binance 24h 行情…
✅ 获取 50 个币种数据
✅ 生成 50 个币页 + 2 个对比页 + index/sitemap/llms/robots/IndexNow → /root/deepseek/work/crypto-site/public
📏 答案块词数抽查 (SOL): 158 词 (目标 134-167)
[main 52ecd237] refresh 2026-09-24-05:07
 107 files changed, 1398 insertions(+), 1388 deletions(-)
To https://github.com/lumingze-56/cryptodata-site.git
   75509e85..52ecd237  main -> main
indexnow HTTP 200
[2026-09-24 05:07 UTC] refresh done
📡 拉取 Binance 24h 行情…
✅ 获取 50 个币种数据
✅ 生成 50 个币页 + 2 个对比页 + index/sitemap/llms/robots/IndexNow → /root/deepseek/work/crypto-site/public
📏 答案块词数抽查 (PEPE): 156 词 (目标 134-167)
[main b03fe29d] refresh 2026-09-24-06:07
 107 files changed, 1378 insertions(+), 1368 deletions(-)
To https://github.com/lumingze-56/cryptodata-site.git
   52ecd237..b03fe29d  main -> main
indexnow HTTP 200
[2026-09-24 06:07 UTC] refresh done
📡 拉取 Binance 24h 行情…
✅ 获取 50 个币种数据
✅ 生成 50 个币页 + 2 个对比页 + index/sitemap/llms/robots/IndexNow → /root/deepseek/work/crypto-site/public
📏 答案块词数抽查 (LTC): 156 词 (目标 134-167)
[main f393b17f] refresh 2026-09-24-07:07
 107 files changed, 1418 insertions(+), 1408 deletions(-)
To https://github.com/lumingze-56/cryptodata-site.git
   b03fe29d..f393b17f  main -> main
indexnow HTTP 200
[2026-09-24 07:07 UTC] refresh done
📡 拉取 Binance 24h 行情…
✅ 获取 50 个币种数据
✅ 生成 50 个币页 + 2 个对比页 + index/sitemap/llms/robots/IndexNow → /root/deepseek/work/crypto-site/public
📏 答案块词数抽查 (BCH): 160 词 (目标 134-167)
[main 8c545790] refresh 2026-09-24-08:07
 107 files changed, 1494 insertions(+), 1380 deletions(-)
 create mode 100644 coin/allo.html
 create mode 100644 public/coin/allo.html
To https://github.com/lumingze-56/cryptodata-site.git
   f393b17f..8c545790  main -> main
indexnow HTTP 200
[2026-09-24 08:07 UTC] refresh done
📡 拉取 Binance 24h 行情…
✅ 获取 50 个币种数据
✅ 生成 50 个币页 + 2 个对比页 + index/sitemap/llms/robots/IndexNow → /root/deepseek/work/crypto-site/public
📏 答案块词数抽查 (MUBARAK): 156 词 (目标 134-167)
[main 4bd9b169] refresh 2026-09-24-09:07
 107 files changed, 1424 insertions(+), 1412 deletions(-)
To https://github.com/lumingze-56/cryptodata-site.git
   8c545790..4bd9b169  main -> main
indexnow HTTP 200
[2026-09-24 09:07 UTC] refresh done
📡 拉取 Binance 24h 行情…
✅ 获取 50 个币种数据
✅ 生成 50 个币页 + 2 个对比页 + index/sitemap/llms/robots/IndexNow → /root/deepseek/work/crypto-site/public
📏 答案块词数抽查 (LTC): 156 词 (目标 134-167)
[main f72ef1e9] refresh 2026-09-24-10:07
 107 files changed, 1436 insertions(+), 1426 deletions(-)
To https://github.com/lumingze-56/cryptodata-site.git
   4bd9b169..f72ef1e9  main -> main
indexnow HTTP 200
[2026-09-24 10:07 UTC] refresh done
📡 拉取 Binance 24h 行情…
✅ 获取 50 个币种数据
✅ 生成 50 个币页 + 2 个对比页 + index/sitemap/llms/robots/IndexNow → /root/deepseek/work/crypto-site/public
📏 答案块词数抽查 (PROVE): 156 词 (目标 134-167)
[main 4cedb5f0] refresh 2026-09-24-11:07
 107 files changed, 1422 insertions(+), 1412 deletions(-)
To https://github.com/lumingze-56/cryptodata-site.git
   f72ef1e9..4cedb5f0  main -> main
indexnow HTTP 200
[2026-09-24 11:07 UTC] refresh done
📡 拉取 Binance 24h 行情…
✅ 获取 50 个币种数据
✅ 生成 50 个币页 + 2 个对比页 + index/sitemap/llms/robots/IndexNow → /root/deepseek/work/crypto-site/public
📏 答案块词数抽查 (AVAX): 156 词 (目标 134-167)
[main 0910b2a4] refresh 2026-09-24-12:07
 107 files changed, 1420 insertions(+), 1410 deletions(-)
To https://github.com/lumingze-56/cryptodata-site.git
   4cedb5f0..0910b2a4  main -> main
indexnow HTTP 200
[2026-09-24 12:07 UTC] refresh done
📡 拉取 Binance 24h 行情…
✅ 获取 50 个币种数据
✅ 生成 50 个币页 + 2 个对比页 + index/sitemap/llms/robots/IndexNow → /root/deepseek/work/crypto-site/public
📏 答案块词数抽查 (LSK): 156 词 (目标 134-167)
[main ad3f5f53] refresh 2026-09-24-13:07
 107 files changed, 1420 insertions(+), 1410 deletions(-)
To https://github.com/lumingze-56/cryptodata-site.git
   0910b2a4..ad3f5f53  main -> main
indexnow HTTP 200
[2026-09-24 13:07 UTC] refresh done
📡 拉取 Binance 24h 行情…
✅ 获取 50 个币种数据
✅ 生成 50 个币页 + 2 个对比页 + index/sitemap/llms/robots/IndexNow → /root/deepseek/work/crypto-site/public
📏 答案块词数抽查 (SAGA): 156 词 (目标 134-167)
[main a2715af7] refresh 2026-09-24-14:07
 107 files changed, 1442 insertions(+), 1432 deletions(-)
To https://github.com/lumingze-56/cryptodata-site.git
   ad3f5f53..a2715af7  main -> main
indexnow HTTP 200
[2026-09-24 14:07 UTC] refresh done
📡 拉取 Binance 24h 行情…
✅ 获取 50 个币种数据
✅ 生成 50 个币页 + 2 个对比页 + index/sitemap/llms/robots/IndexNow → /root/deepseek/work/crypto-site/public
📏 答案块词数抽查 (RAY): 158 词 (目标 134-167)
[main 43150b45] refresh 2026-09-24-15:07
 107 files changed, 1468 insertions(+), 1458 deletions(-)
To https://github.com/lumingze-56/cryptodata-site.git
   a2715af7..43150b45  main -> main
indexnow HTTP 200
[2026-09-24 15:07 UTC] refresh done
📡 拉取 Binance 24h 行情…
✅ 获取 50 个币种数据
✅ 生成 50 个币页 + 2 个对比页 + index/sitemap/llms/robots/IndexNow → /root/deepseek/work/crypto-site/public
📏 答案块词数抽查 (HYPE): 158 词 (目标 134-167)
[main bff7c7f9] refresh 2026-09-24-16:08
 107 files changed, 1510 insertions(+), 1396 deletions(-)
 create mode 100644 coin/hype.html
 create mode 100644 public/coin/hype.html
To https://github.com/lumingze-56/cryptodata-site.git
   43150b45..bff7c7f9  main -> main
indexnow HTTP 200
[2026-09-24 16:08 UTC] refresh done
📡 拉取 Binance 24h 行情…
✅ 获取 50 个币种数据
✅ 生成 50 个币页 + 2 个对比页 + index/sitemap/llms/robots/IndexNow → /root/deepseek/work/crypto-site/public
📏 答案块词数抽查 (MUBARAK): 156 词 (目标 134-167)
[main 872fd3d1] refresh 2026-09-24-17:07
 107 files changed, 1424 insertions(+), 1412 deletions(-)
To https://github.com/lumingze-56/cryptodata-site.git
   bff7c7f9..872fd3d1  main -> main
indexnow HTTP 200
[2026-09-24 17:07 UTC] refresh done
📡 拉取 Binance 24h 行情…
✅ 获取 50 个币种数据
✅ 生成 50 个币页 + 2 个对比页 + index/sitemap/llms/robots/IndexNow → /root/deepseek/work/crypto-site/public
📏 答案块词数抽查 (MARSCOIN): 156 词 (目标 134-167)
[main a3a5ccbf] refresh 2026-09-24-18:07
 107 files changed, 1402 insertions(+), 1392 deletions(-)
To https://github.com/lumingze-56/cryptodata-site.git
   872fd3d1..a3a5ccbf  main -> main
indexnow HTTP 200
[2026-09-24 18:07 UTC] refresh done
📡 拉取 Binance 24h 行情…
✅ 获取 50 个币种数据
✅ 生成 50 个币页 + 2 个对比页 + index/sitemap/llms/robots/IndexNow → /root/deepseek/work/crypto-site/public
📏 答案块词数抽查 (ZRO): 158 词 (目标 134-167)
[main bef36379] refresh 2026-09-24-19:07
 107 files changed, 1378 insertions(+), 1368 deletions(-)
To https://github.com/lumingze-56/cryptodata-site.git
   a3a5ccbf..bef36379  main -> main
indexnow HTTP 200
[2026-09-24 19:07 UTC] refresh done
📡 拉取 Binance 24h 行情…
✅ 获取 50 个币种数据
✅ 生成 50 个币页 + 2 个对比页 + index/sitemap/llms/robots/IndexNow → /root/deepseek/work/crypto-site/public
📏 答案块词数抽查 (UNI): 158 词 (目标 134-167)
[main bcb6809a] refresh 2026-09-24-20:07
 107 files changed, 1382 insertions(+), 1372 deletions(-)
To https://github.com/lumingze-56/cryptodata-site.git
   bef36379..bcb6809a  main -> main
indexnow HTTP 200
[2026-09-24 20:07 UTC] refresh done
📡 拉取 Binance 24h 行情…
✅ 获取 50 个币种数据
✅ 生成 50 个币页 + 2 个对比页 + index/sitemap/llms/robots/IndexNow → /root/deepseek/work/crypto-site/public
📏 答案块词数抽查 (ETC): 158 词 (目标 134-167)
[main 2f3a289e] refresh 2026-09-24-21:07
 107 files changed, 1384 insertions(+), 1374 deletions(-)
To https://github.com/lumingze-56/cryptodata-site.git
   bcb6809a..2f3a289e  main -> main
indexnow HTTP 200
[2026-09-24 21:07 UTC] refresh done
📡 拉取 Binance 24h 行情…
✅ 获取 50 个币种数据
✅ 生成 50 个币页 + 2 个对比页 + index/sitemap/llms/robots/IndexNow → /root/deepseek/work/crypto-site/public
📏 答案块词数抽查 (ARB): 158 词 (目标 134-167)
[main 24ad9d6a] refresh 2026-09-24-22:07
 107 files changed, 1380 insertions(+), 1370 deletions(-)
To https://github.com/lumingze-56/cryptodata-site.git
   2f3a289e..24ad9d6a  main -> main
indexnow HTTP 200
[2026-09-24 22:07 UTC] refresh done
📡 拉取 Binance 24h 行情…
✅ 获取 50 个币种数据
✅ 生成 50 个币页 + 2 个对比页 + index/sitemap/llms/robots/IndexNow → /root/deepseek/work/crypto-site/public
📏 答案块词数抽查 (SAGA): 156 词 (目标 134-167)
[main d72bb890] refresh 2026-09-24-23:07
 107 files changed, 1364 insertions(+), 1354 deletions(-)
To https://github.com/lumingze-56/cryptodata-site.git
   24ad9d6a..d72bb890  main -> main
indexnow HTTP 200
[2026-09-24 23:07 UTC] refresh done
📡 拉取 Binance 24h 行情…
Traceback (most recent call last):
  File "/root/deepseek/work/crypto-site/site_gen.py", line 523, in <module>
    raise SystemExit(main())
                     ^^^^^^
  File "/root/deepseek/work/crypto-site/site_gen.py", line 483, in main
    coins = collect(args.top)
            ^^^^^^^^^^^^^^^^^
  File "/root/deepseek/work/crypto-site/site_gen.py", line 96, in collect
    allt = fetch_json(TICKER_URL)
           ^^^^^^^^^^^^^^^^^^^^^^
  File "/root/deepseek/work/crypto-site/site_gen.py", line 77, in fetch_json
    return json.loads(urllib.request.urlopen(req, timeout=15).read())
                      ^^^^^^^^^^^^^^^^^^^^^^^^^^^^^^^^^^^^^^^^^^^^^^
  File "/usr/lib/python3.11/http/client.py", line 486, in read
    s = self._safe_read(self.length)
        ^^^^^^^^^^^^^^^^^^^^^^^^^^^^
  File "/usr/lib/python3.11/http/client.py", line 636, in _safe_read
    data = self.fp.read(cursize)
           ^^^^^^^^^^^^^^^^^^^^^
  File "/usr/lib/python3.11/socket.py", line 706, in readinto
    return self._sock.recv_into(b)
           ^^^^^^^^^^^^^^^^^^^^^^^
  File "/usr/lib/python3.11/ssl.py", line 1311, in recv_into
    return self.read(nbytes, buffer)
           ^^^^^^^^^^^^^^^^^^^^^^^^^
  File "/usr/lib/python3.11/ssl.py", line 1167, in read
    return self._sslobj.read(len, buffer)
           ^^^^^^^^^^^^^^^^^^^^^^^^^^^^^^
TimeoutError: The read operation timed out
📡 拉取 Binance 24h 行情…
✅ 获取 50 个币种数据
✅ 生成 50 个币页 + 2 个对比页 + index/sitemap/llms/robots/IndexNow → /root/deepseek/work/crypto-site/public
📏 答案块词数抽查 (ADA): 156 词 (目标 134-167)
[main eba7ff53] refresh 2026-09-25-01:07
 107 files changed, 1424 insertions(+), 1384 deletions(-)
To https://github.com/lumingze-56/cryptodata-site.git
   d72bb890..eba7ff53  main -> main
indexnow HTTP 200
[2026-09-25 01:07 UTC] refresh done
📡 拉取 Binance 24h 行情…
✅ 获取 50 个币种数据
✅ 生成 50 个币页 + 2 个对比页 + index/sitemap/llms/robots/IndexNow → /root/deepseek/work/crypto-site/public
📏 答案块词数抽查 (ICP): 158 词 (目标 134-167)
[main b3fb2ff7] refresh 2026-09-25-02:07
 107 files changed, 1372 insertions(+), 1362 deletions(-)
To https://github.com/lumingze-56/cryptodata-site.git
   eba7ff53..b3fb2ff7  main -> main
indexnow HTTP 200
[2026-09-25 02:07 UTC] refresh done
📡 拉取 Binance 24h 行情…
✅ 获取 50 个币种数据
✅ 生成 50 个币页 + 2 个对比页 + index/sitemap/llms/robots/IndexNow → /root/deepseek/work/crypto-site/public
📏 答案块词数抽查 (UNI): 158 词 (目标 134-167)
[main 9fff134e] refresh 2026-09-25-03:07
 107 files changed, 1400 insertions(+), 1390 deletions(-)
To https://github.com/lumingze-56/cryptodata-site.git
   b3fb2ff7..9fff134e  main -> main
indexnow HTTP 200
[2026-09-25 03:07 UTC] refresh done
📡 拉取 Binance 24h 行情…
✅ 获取 50 个币种数据
✅ 生成 50 个币页 + 2 个对比页 + index/sitemap/llms/robots/IndexNow → /root/deepseek/work/crypto-site/public
📏 答案块词数抽查 (TUT): 156 词 (目标 134-167)
[main 39cd56de] refresh 2026-09-25-04:07
 107 files changed, 1380 insertions(+), 1370 deletions(-)
To https://github.com/lumingze-56/cryptodata-site.git
   9fff134e..39cd56de  main -> main
indexnow HTTP 200
[2026-09-25 04:07 UTC] refresh done
📡 拉取 Binance 24h 行情…
✅ 获取 50 个币种数据
✅ 生成 50 个币页 + 2 个对比页 + index/sitemap/llms/robots/IndexNow → /root/deepseek/work/crypto-site/public
📏 答案块词数抽查 (LSK): 156 词 (目标 134-167)
[main f9282ff4] refresh 2026-09-25-05:07
 107 files changed, 1372 insertions(+), 1362 deletions(-)
To https://github.com/lumingze-56/cryptodata-site.git
   39cd56de..f9282ff4  main -> main
indexnow HTTP 200
[2026-09-25 05:07 UTC] refresh done
📡 拉取 Binance 24h 行情…
✅ 获取 50 个币种数据
✅ 生成 50 个币页 + 2 个对比页 + index/sitemap/llms/robots/IndexNow → /root/deepseek/work/crypto-site/public
📏 答案块词数抽查 (XLM): 156 词 (目标 134-167)
[main b3583022] refresh 2026-09-25-06:07
 107 files changed, 1448 insertions(+), 1334 deletions(-)
 create mode 100644 coin/xai.html
 create mode 100644 public/coin/xai.html
To https://github.com/lumingze-56/cryptodata-site.git
   f9282ff4..b3583022  main -> main
indexnow HTTP 200
[2026-09-25 06:07 UTC] refresh done
📡 拉取 Binance 24h 行情…
✅ 获取 50 个币种数据
✅ 生成 50 个币页 + 2 个对比页 + index/sitemap/llms/robots/IndexNow → /root/deepseek/work/crypto-site/public
📏 答案块词数抽查 (ZEC): 158 词 (目标 134-167)
[main 049d297a] refresh 2026-09-25-07:07
 107 files changed, 1360 insertions(+), 1348 deletions(-)
To https://github.com/lumingze-56/cryptodata-site.git
   b3583022..049d297a  main -> main
indexnow HTTP 200
[2026-09-25 07:07 UTC] refresh done
📡 拉取 Binance 24h 行情…
✅ 获取 50 个币种数据
✅ 生成 50 个币页 + 2 个对比页 + index/sitemap/llms/robots/IndexNow → /root/deepseek/work/crypto-site/public
📏 答案块词数抽查 (BNB): 158 词 (目标 134-167)
[main 9b8a8bef] refresh 2026-09-25-08:07
 107 files changed, 1380 insertions(+), 1370 deletions(-)
To https://github.com/lumingze-56/cryptodata-site.git
   049d297a..9b8a8bef  main -> main
indexnow HTTP 200
[2026-09-25 08:07 UTC] refresh done
📡 拉取 Binance 24h 行情…
✅ 获取 50 个币种数据
✅ 生成 50 个币页 + 2 个对比页 + index/sitemap/llms/robots/IndexNow → /root/deepseek/work/crypto-site/public
📏 答案块词数抽查 (TRUMP): 156 词 (目标 134-167)
[main bd01c4e4] refresh 2026-09-25-09:07
 107 files changed, 1394 insertions(+), 1384 deletions(-)
To https://github.com/lumingze-56/cryptodata-site.git
   9b8a8bef..bd01c4e4  main -> main
indexnow HTTP 200
[2026-09-25 09:07 UTC] refresh done
📡 拉取 Binance 24h 行情…
✅ 获取 50 个币种数据
✅ 生成 50 个币页 + 2 个对比页 + index/sitemap/llms/robots/IndexNow → /root/deepseek/work/crypto-site/public
📏 答案块词数抽查 (BABY): 156 词 (目标 134-167)
[main 433dd4fb] refresh 2026-09-25-10:07
 107 files changed, 1442 insertions(+), 1432 deletions(-)
To https://github.com/lumingze-56/cryptodata-site.git
   bd01c4e4..433dd4fb  main -> main
indexnow HTTP 200
[2026-09-25 10:07 UTC] refresh done
📡 拉取 Binance 24h 行情…
✅ 获取 50 个币种数据
✅ 生成 50 个币页 + 2 个对比页 + index/sitemap/llms/robots/IndexNow → /root/deepseek/work/crypto-site/public
📏 答案块词数抽查 (XPL): 156 词 (目标 134-167)
[main 45d56b6b] refresh 2026-09-25-11:07
 107 files changed, 1540 insertions(+), 1426 deletions(-)
 create mode 100644 coin/qi.html
 create mode 100644 public/coin/qi.html
To https://github.com/lumingze-56/cryptodata-site.git
   433dd4fb..45d56b6b  main -> main
indexnow HTTP 200
[2026-09-25 11:07 UTC] refresh done
📡 拉取 Binance 24h 行情…
✅ 获取 50 个币种数据
✅ 生成 50 个币页 + 2 个对比页 + index/sitemap/llms/robots/IndexNow → /root/deepseek/work/crypto-site/public
📏 答案块词数抽查 (XLM): 156 词 (目标 134-167)
[main 5bf37684] refresh 2026-09-25-12:07
 107 files changed, 1470 insertions(+), 1458 deletions(-)
To https://github.com/lumingze-56/cryptodata-site.git
   45d56b6b..5bf37684  main -> main
indexnow HTTP 200
[2026-09-25 12:07 UTC] refresh done
📡 拉取 Binance 24h 行情…
✅ 获取 50 个币种数据
✅ 生成 50 个币页 + 2 个对比页 + index/sitemap/llms/robots/IndexNow → /root/deepseek/work/crypto-site/public
📏 答案块词数抽查 (ONDO): 156 词 (目标 134-167)
[main c6a66c62] refresh 2026-09-25-13:07
 107 files changed, 1466 insertions(+), 1456 deletions(-)
To https://github.com/lumingze-56/cryptodata-site.git
   5bf37684..c6a66c62  main -> main
indexnow HTTP 200
[2026-09-25 13:07 UTC] refresh done
📡 拉取 Binance 24h 行情…
✅ 获取 50 个币种数据
✅ 生成 50 个币页 + 2 个对比页 + index/sitemap/llms/robots/IndexNow → /root/deepseek/work/crypto-site/public
📏 答案块词数抽查 (FET): 156 词 (目标 134-167)
[main 37ca5d85] refresh 2026-09-25-14:07
 107 files changed, 1438 insertions(+), 1428 deletions(-)
To https://github.com/lumingze-56/cryptodata-site.git
   c6a66c62..37ca5d85  main -> main
indexnow HTTP 200
[2026-09-25 14:07 UTC] refresh done
📡 拉取 Binance 24h 行情…
✅ 获取 50 个币种数据
✅ 生成 50 个币页 + 2 个对比页 + index/sitemap/llms/robots/IndexNow → /root/deepseek/work/crypto-site/public
📏 答案块词数抽查 (NIL): 156 词 (目标 134-167)
[main 70491249] refresh 2026-09-25-15:07
 107 files changed, 1434 insertions(+), 1424 deletions(-)
To https://github.com/lumingze-56/cryptodata-site.git
   37ca5d85..70491249  main -> main
indexnow HTTP 200
[2026-09-25 15:07 UTC] refresh done
📡 拉取 Binance 24h 行情…
✅ 获取 50 个币种数据
✅ 生成 50 个币页 + 2 个对比页 + index/sitemap/llms/robots/IndexNow → /root/deepseek/work/crypto-site/public
📏 答案块词数抽查 (BABY): 158 词 (目标 134-167)
[main ad5d2a57] refresh 2026-09-25-16:07
 107 files changed, 1502 insertions(+), 1388 deletions(-)
 create mode 100644 coin/qnt.html
 create mode 100644 public/coin/qnt.html
To https://github.com/lumingze-56/cryptodata-site.git
   70491249..ad5d2a57  main -> main
indexnow HTTP 200
[2026-09-25 16:07 UTC] refresh done
📡 拉取 Binance 24h 行情…
✅ 获取 50 个币种数据
✅ 生成 50 个币页 + 2 个对比页 + index/sitemap/llms/robots/IndexNow → /root/deepseek/work/crypto-site/public
📏 答案块词数抽查 (DOGE): 158 词 (目标 134-167)
[main 013c4b44] refresh 2026-09-25-17:07
 107 files changed, 1408 insertions(+), 1396 deletions(-)
To https://github.com/lumingze-56/cryptodata-site.git
   ad5d2a57..013c4b44  main -> main
indexnow HTTP 200
[2026-09-25 17:07 UTC] refresh done
📡 拉取 Binance 24h 行情…
✅ 获取 50 个币种数据
✅ 生成 50 个币页 + 2 个对比页 + index/sitemap/llms/robots/IndexNow → /root/deepseek/work/crypto-site/public
📏 答案块词数抽查 (CRCLB): 156 词 (目标 134-167)
[main 16163622] refresh 2026-09-25-18:07
 107 files changed, 1396 insertions(+), 1386 deletions(-)
To https://github.com/lumingze-56/cryptodata-site.git
   013c4b44..16163622  main -> main
indexnow HTTP 200
[2026-09-25 18:07 UTC] refresh done
📡 拉取 Binance 24h 行情…
✅ 获取 50 个币种数据
✅ 生成 50 个币页 + 2 个对比页 + index/sitemap/llms/robots/IndexNow → /root/deepseek/work/crypto-site/public
📏 答案块词数抽查 (NIL): 156 词 (目标 134-167)
[main e11126b3] refresh 2026-09-25-19:07
 107 files changed, 1474 insertions(+), 1360 deletions(-)
 create mode 100644 coin/ldo.html
 create mode 100644 public/coin/ldo.html
To https://github.com/lumingze-56/cryptodata-site.git
   16163622..e11126b3  main -> main
indexnow HTTP 200
[2026-09-25 19:07 UTC] refresh done
📡 拉取 Binance 24h 行情…
✅ 获取 50 个币种数据
✅ 生成 50 个币页 + 2 个对比页 + index/sitemap/llms/robots/IndexNow → /root/deepseek/work/crypto-site/public
📏 答案块词数抽查 (UNI): 158 词 (目标 134-167)
[main affb4c28] refresh 2026-09-25-20:07
 107 files changed, 1386 insertions(+), 1374 deletions(-)
To https://github.com/lumingze-56/cryptodata-site.git
   e11126b3..affb4c28  main -> main
indexnow HTTP 200
[2026-09-25 20:07 UTC] refresh done
📡 拉取 Binance 24h 行情…
✅ 获取 50 个币种数据
✅ 生成 50 个币页 + 2 个对比页 + index/sitemap/llms/robots/IndexNow → /root/deepseek/work/crypto-site/public
📏 答案块词数抽查 (INJ): 158 词 (目标 134-167)
[main 9b93c5c6] refresh 2026-09-25-21:07
 107 files changed, 1370 insertions(+), 1360 deletions(-)
To https://github.com/lumingze-56/cryptodata-site.git
   affb4c28..9b93c5c6  main -> main
indexnow HTTP 200
[2026-09-25 21:07 UTC] refresh done
📡 拉取 Binance 24h 行情…
✅ 获取 50 个币种数据
✅ 生成 50 个币页 + 2 个对比页 + index/sitemap/llms/robots/IndexNow → /root/deepseek/work/crypto-site/public
📏 答案块词数抽查 (XLM): 158 词 (目标 134-167)
[main a4e2eaa3] refresh 2026-09-25-22:07
 107 files changed, 1372 insertions(+), 1362 deletions(-)
To https://github.com/lumingze-56/cryptodata-site.git
   9b93c5c6..a4e2eaa3  main -> main
indexnow HTTP 200
[2026-09-25 22:07 UTC] refresh done
📡 拉取 Binance 24h 行情…
✅ 获取 50 个币种数据
✅ 生成 50 个币页 + 2 个对比页 + index/sitemap/llms/robots/IndexNow → /root/deepseek/work/crypto-site/public
📏 答案块词数抽查 (SAGA): 156 词 (目标 134-167)
[main 64aa4e84] refresh 2026-09-25-23:07
 107 files changed, 1390 insertions(+), 1380 deletions(-)
To https://github.com/lumingze-56/cryptodata-site.git
   a4e2eaa3..64aa4e84  main -> main
indexnow HTTP 200
[2026-09-25 23:07 UTC] refresh done
📡 拉取 Binance 24h 行情…
✅ 获取 50 个币种数据
✅ 生成 50 个币页 + 2 个对比页 + index/sitemap/llms/robots/IndexNow → /root/deepseek/work/crypto-site/public
📏 答案块词数抽查 (AVAX): 156 词 (目标 134-167)
[main 87ffb0f9] refresh 2026-09-26-00:07
 107 files changed, 1360 insertions(+), 1350 deletions(-)
To https://github.com/lumingze-56/cryptodata-site.git
   64aa4e84..87ffb0f9  main -> main
indexnow HTTP 200
[2026-09-26 00:07 UTC] refresh done
📡 拉取 Binance 24h 行情…
✅ 获取 50 个币种数据
✅ 生成 50 个币页 + 2 个对比页 + index/sitemap/llms/robots/IndexNow → /root/deepseek/work/crypto-site/public
📏 答案块词数抽查 (BANK): 158 词 (目标 134-167)
[main fd7b25f6] refresh 2026-09-26-01:07
 107 files changed, 1378 insertions(+), 1368 deletions(-)
To https://github.com/lumingze-56/cryptodata-site.git
   87ffb0f9..fd7b25f6  main -> main
indexnow HTTP 200
[2026-09-26 01:07 UTC] refresh done
📡 拉取 Binance 24h 行情…
✅ 获取 50 个币种数据
✅ 生成 50 个币页 + 2 个对比页 + index/sitemap/llms/robots/IndexNow → /root/deepseek/work/crypto-site/public
📏 答案块词数抽查 (XRP): 158 词 (目标 134-167)
[main 365e1d2e] refresh 2026-09-26-02:07
 107 files changed, 1372 insertions(+), 1362 deletions(-)
To https://github.com/lumingze-56/cryptodata-site.git
   fd7b25f6..365e1d2e  main -> main
indexnow HTTP 200
[2026-09-26 02:07 UTC] refresh done
📡 拉取 Binance 24h 行情…
✅ 获取 50 个币种数据
✅ 生成 50 个币页 + 2 个对比页 + index/sitemap/llms/robots/IndexNow → /root/deepseek/work/crypto-site/public
📏 答案块词数抽查 (MUBARAK): 156 词 (目标 134-167)
[main df95a055] refresh 2026-09-26-03:07
 107 files changed, 1398 insertions(+), 1388 deletions(-)
To https://github.com/lumingze-56/cryptodata-site.git
   365e1d2e..df95a055  main -> main
indexnow HTTP 200
[2026-09-26 03:07 UTC] refresh done
📡 拉取 Binance 24h 行情…
✅ 获取 50 个币种数据
✅ 生成 50 个币页 + 2 个对比页 + index/sitemap/llms/robots/IndexNow → /root/deepseek/work/crypto-site/public
📏 答案块词数抽查 (BCH): 160 词 (目标 134-167)
[main d501f175] refresh 2026-09-26-04:07
 107 files changed, 1386 insertions(+), 1376 deletions(-)
To https://github.com/lumingze-56/cryptodata-site.git
   df95a055..d501f175  main -> main
indexnow HTTP 200
[2026-09-26 04:07 UTC] refresh done
📡 拉取 Binance 24h 行情…
✅ 获取 50 个币种数据
✅ 生成 50 个币页 + 2 个对比页 + index/sitemap/llms/robots/IndexNow → /root/deepseek/work/crypto-site/public
📏 答案块词数抽查 (VTHO): 156 词 (目标 134-167)
[main 9a1259ba] refresh 2026-09-26-05:08
 107 files changed, 1376 insertions(+), 1366 deletions(-)
To https://github.com/lumingze-56/cryptodata-site.git
   d501f175..9a1259ba  main -> main
indexnow HTTP 200
[2026-09-26 05:08 UTC] refresh done
📡 拉取 Binance 24h 行情…
✅ 获取 50 个币种数据
✅ 生成 50 个币页 + 2 个对比页 + index/sitemap/llms/robots/IndexNow → /root/deepseek/work/crypto-site/public
📏 答案块词数抽查 (SAGA): 156 词 (目标 134-167)
[main d9e2424e] refresh 2026-09-26-06:07
 107 files changed, 1376 insertions(+), 1366 deletions(-)
To https://github.com/lumingze-56/cryptodata-site.git
   9a1259ba..d9e2424e  main -> main
indexnow HTTP 200
[2026-09-26 06:07 UTC] refresh done
📡 拉取 Binance 24h 行情…
✅ 获取 50 个币种数据
✅ 生成 50 个币页 + 2 个对比页 + index/sitemap/llms/robots/IndexNow → /root/deepseek/work/crypto-site/public
📏 答案块词数抽查 (PUMP): 156 词 (目标 134-167)
[main ab03f496] refresh 2026-09-26-07:07
 107 files changed, 1464 insertions(+), 1350 deletions(-)
 create mode 100644 coin/rare.html
 create mode 100644 public/coin/rare.html
To https://github.com/lumingze-56/cryptodata-site.git
   d9e2424e..ab03f496  main -> main
indexnow HTTP 200
[2026-09-26 07:07 UTC] refresh done
📡 拉取 Binance 24h 行情…
✅ 获取 50 个币种数据
✅ 生成 50 个币页 + 2 个对比页 + index/sitemap/llms/robots/IndexNow → /root/deepseek/work/crypto-site/public
📏 答案块词数抽查 (NEAR): 158 词 (目标 134-167)
[main 2c3a62da] refresh 2026-09-26-08:07
 107 files changed, 1430 insertions(+), 1418 deletions(-)
To https://github.com/lumingze-56/cryptodata-site.git
   ab03f496..2c3a62da  main -> main
indexnow HTTP 200
[2026-09-26 08:07 UTC] refresh done
📡 拉取 Binance 24h 行情…
✅ 获取 50 个币种数据
✅ 生成 50 个币页 + 2 个对比页 + index/sitemap/llms/robots/IndexNow → /root/deepseek/work/crypto-site/public
📏 答案块词数抽查 (PHA): 156 词 (目标 134-167)
[main 64b53e14] refresh 2026-09-26-09:07
 107 files changed, 1418 insertions(+), 1408 deletions(-)
To https://github.com/lumingze-56/cryptodata-site.git
   2c3a62da..64b53e14  main -> main
indexnow HTTP 200
[2026-09-26 09:07 UTC] refresh done
📡 拉取 Binance 24h 行情…
✅ 获取 50 个币种数据
✅ 生成 50 个币页 + 2 个对比页 + index/sitemap/llms/robots/IndexNow → /root/deepseek/work/crypto-site/public
📏 答案块词数抽查 (XRP): 158 词 (目标 134-167)
[main 28e5cfe9] refresh 2026-09-26-10:07
 107 files changed, 1384 insertions(+), 1374 deletions(-)
To https://github.com/lumingze-56/cryptodata-site.git
   64b53e14..28e5cfe9  main -> main
indexnow HTTP 200
[2026-09-26 10:07 UTC] refresh done
📡 拉取 Binance 24h 行情…
✅ 获取 50 个币种数据
✅ 生成 50 个币页 + 2 个对比页 + index/sitemap/llms/robots/IndexNow → /root/deepseek/work/crypto-site/public
📏 答案块词数抽查 (SAGA): 156 词 (目标 134-167)
[main 1355db5e] refresh 2026-09-26-11:07
 107 files changed, 1486 insertions(+), 1372 deletions(-)
 create mode 100644 coin/rune.html
 create mode 100644 public/coin/rune.html
To https://github.com/lumingze-56/cryptodata-site.git
   28e5cfe9..1355db5e  main -> main
indexnow HTTP 200
[2026-09-26 11:07 UTC] refresh done
📡 拉取 Binance 24h 行情…
✅ 获取 50 个币种数据
✅ 生成 50 个币页 + 2 个对比页 + index/sitemap/llms/robots/IndexNow → /root/deepseek/work/crypto-site/public
📏 答案块词数抽查 (SPCXB): 158 词 (目标 134-167)
[main 56b68478] refresh 2026-09-26-12:07
 107 files changed, 1406 insertions(+), 1394 deletions(-)
To https://github.com/lumingze-56/cryptodata-site.git
   1355db5e..56b68478  main -> main
indexnow HTTP 200
[2026-09-26 12:07 UTC] refresh done
📡 拉取 Binance 24h 行情…
✅ 获取 50 个币种数据
✅ 生成 50 个币页 + 2 个对比页 + index/sitemap/llms/robots/IndexNow → /root/deepseek/work/crypto-site/public
📏 答案块词数抽查 (ZRO): 158 词 (目标 134-167)
[main 2d4a8141] refresh 2026-09-26-13:07
 107 files changed, 1420 insertions(+), 1410 deletions(-)
To https://github.com/lumingze-56/cryptodata-site.git
   56b68478..2d4a8141  main -> main
indexnow HTTP 200
[2026-09-26 13:07 UTC] refresh done
📡 拉取 Binance 24h 行情…
✅ 获取 50 个币种数据
✅ 生成 50 个币页 + 2 个对比页 + index/sitemap/llms/robots/IndexNow → /root/deepseek/work/crypto-site/public
📏 答案块词数抽查 (LTC): 156 词 (目标 134-167)
[main f431c176] refresh 2026-09-26-14:07
 107 files changed, 1526 insertions(+), 1412 deletions(-)
 create mode 100644 coin/2z.html
 create mode 100644 public/coin/2z.html
To https://github.com/lumingze-56/cryptodata-site.git
   2d4a8141..f431c176  main -> main
indexnow HTTP 200
[2026-09-26 14:07 UTC] refresh done
📡 拉取 Binance 24h 行情…
✅ 获取 50 个币种数据
✅ 生成 50 个币页 + 2 个对比页 + index/sitemap/llms/robots/IndexNow → /root/deepseek/work/crypto-site/public
📏 答案块词数抽查 (RARE): 156 词 (目标 134-167)
[main ed96143f] refresh 2026-09-26-15:07
 107 files changed, 1446 insertions(+), 1434 deletions(-)
To https://github.com/lumingze-56/cryptodata-site.git
   f431c176..ed96143f  main -> main
indexnow HTTP 200
[2026-09-26 15:07 UTC] refresh done
📡 拉取 Binance 24h 行情…
✅ 获取 50 个币种数据
✅ 生成 50 个币页 + 2 个对比页 + index/sitemap/llms/robots/IndexNow → /root/deepseek/work/crypto-site/public
📏 答案块词数抽查 (DOGE): 158 词 (目标 134-167)
[main 7d6b10eb] refresh 2026-09-26-16:10
 107 files changed, 1464 insertions(+), 1454 deletions(-)
To https://github.com/lumingze-56/cryptodata-site.git
   ed96143f..7d6b10eb  main -> main
indexnow HTTP 200
[2026-09-26 16:10 UTC] refresh done
📡 拉取 Binance 24h 行情…
✅ 获取 50 个币种数据
✅ 生成 50 个币页 + 2 个对比页 + index/sitemap/llms/robots/IndexNow → /root/deepseek/work/crypto-site/public
📏 答案块词数抽查 (POL): 156 词 (目标 134-167)
[main 19c70f74] refresh 2026-09-26-17:07
 107 files changed, 1418 insertions(+), 1408 deletions(-)
To https://github.com/lumingze-56/cryptodata-site.git
   7d6b10eb..19c70f74  main -> main
indexnow HTTP 200
[2026-09-26 17:07 UTC] refresh done
📡 拉取 Binance 24h 行情…
✅ 获取 50 个币种数据
✅ 生成 50 个币页 + 2 个对比页 + index/sitemap/llms/robots/IndexNow → /root/deepseek/work/crypto-site/public
📏 答案块词数抽查 (2Z): 156 词 (目标 134-167)
[main df1511b0] refresh 2026-09-26-18:07
 107 files changed, 1406 insertions(+), 1396 deletions(-)
To https://github.com/lumingze-56/cryptodata-site.git
   19c70f74..df1511b0  main -> main
indexnow HTTP 200
[2026-09-26 18:07 UTC] refresh done
📡 拉取 Binance 24h 行情…
✅ 获取 50 个币种数据
✅ 生成 50 个币页 + 2 个对比页 + index/sitemap/llms/robots/IndexNow → /root/deepseek/work/crypto-site/public
📏 答案块词数抽查 (TAO): 156 词 (目标 134-167)
[main 1d7778fc] refresh 2026-09-26-19:07
 107 files changed, 1396 insertions(+), 1386 deletions(-)
To https://github.com/lumingze-56/cryptodata-site.git
   df1511b0..1d7778fc  main -> main
indexnow HTTP 200
[2026-09-26 19:07 UTC] refresh done
📡 拉取 Binance 24h 行情…
✅ 获取 50 个币种数据
✅ 生成 50 个币页 + 2 个对比页 + index/sitemap/llms/robots/IndexNow → /root/deepseek/work/crypto-site/public
📏 答案块词数抽查 (DOGE): 158 词 (目标 134-167)
[main 153f952b] refresh 2026-09-26-20:07
 107 files changed, 1462 insertions(+), 1348 deletions(-)
 create mode 100644 coin/amp.html
 create mode 100644 public/coin/amp.html
To https://github.com/lumingze-56/cryptodata-site.git
   1d7778fc..153f952b  main -> main
indexnow HTTP 200
[2026-09-26 20:07 UTC] refresh done
📡 拉取 Binance 24h 行情…
✅ 获取 50 个币种数据
✅ 生成 50 个币页 + 2 个对比页 + index/sitemap/llms/robots/IndexNow → /root/deepseek/work/crypto-site/public
📏 答案块词数抽查 (DOT): 156 词 (目标 134-167)
[main ef8272a7] refresh 2026-09-26-21:07
 107 files changed, 1404 insertions(+), 1392 deletions(-)
To https://github.com/lumingze-56/cryptodata-site.git
   153f952b..ef8272a7  main -> main
indexnow HTTP 200
[2026-09-26 21:07 UTC] refresh done
📡 拉取 Binance 24h 行情…
✅ 获取 50 个币种数据
✅ 生成 50 个币页 + 2 个对比页 + index/sitemap/llms/robots/IndexNow → /root/deepseek/work/crypto-site/public
📏 答案块词数抽查 (MARSCOIN): 156 词 (目标 134-167)
[main 38803109] refresh 2026-09-26-22:07
 107 files changed, 1402 insertions(+), 1392 deletions(-)
To https://github.com/lumingze-56/cryptodata-site.git
   ef8272a7..38803109  main -> main
indexnow HTTP 200
[2026-09-26 22:07 UTC] refresh done
📡 拉取 Binance 24h 行情…
✅ 获取 50 个币种数据
✅ 生成 50 个币页 + 2 个对比页 + index/sitemap/llms/robots/IndexNow → /root/deepseek/work/crypto-site/public
📏 答案块词数抽查 (BTC): 158 词 (目标 134-167)
[main 1937c676] refresh 2026-09-26-23:07
 107 files changed, 1392 insertions(+), 1382 deletions(-)
To https://github.com/lumingze-56/cryptodata-site.git
   38803109..1937c676  main -> main
indexnow HTTP 200
[2026-09-26 23:07 UTC] refresh done
📡 拉取 Binance 24h 行情…
✅ 获取 50 个币种数据
✅ 生成 50 个币页 + 2 个对比页 + index/sitemap/llms/robots/IndexNow → /root/deepseek/work/crypto-site/public
📏 答案块词数抽查 (ONDO): 158 词 (目标 134-167)
[main 833ed519] refresh 2026-09-27-00:07
 107 files changed, 1364 insertions(+), 1354 deletions(-)
To https://github.com/lumingze-56/cryptodata-site.git
   1937c676..833ed519  main -> main
indexnow HTTP 200
[2026-09-27 00:07 UTC] refresh done
📡 拉取 Binance 24h 行情…
✅ 获取 50 个币种数据
✅ 生成 50 个币页 + 2 个对比页 + index/sitemap/llms/robots/IndexNow → /root/deepseek/work/crypto-site/public
📏 答案块词数抽查 (AMP): 156 词 (目标 134-167)
[main 4ba5d1a3] refresh 2026-09-27-01:07
 107 files changed, 1404 insertions(+), 1394 deletions(-)
To https://github.com/lumingze-56/cryptodata-site.git
   833ed519..4ba5d1a3  main -> main
indexnow HTTP 200
[2026-09-27 01:07 UTC] refresh done
📡 拉取 Binance 24h 行情…
✅ 获取 50 个币种数据
✅ 生成 50 个币页 + 2 个对比页 + index/sitemap/llms/robots/IndexNow → /root/deepseek/work/crypto-site/public
📏 答案块词数抽查 (SAGA): 156 词 (目标 134-167)
[main 64b3e271] refresh 2026-09-27-02:07
 107 files changed, 1404 insertions(+), 1394 deletions(-)
To https://github.com/lumingze-56/cryptodata-site.git
   4ba5d1a3..64b3e271  main -> main
indexnow HTTP 200
[2026-09-27 02:07 UTC] refresh done
📡 拉取 Binance 24h 行情…
✅ 获取 50 个币种数据
✅ 生成 50 个币页 + 2 个对比页 + index/sitemap/llms/robots/IndexNow → /root/deepseek/work/crypto-site/public
📏 答案块词数抽查 (DASH): 156 词 (目标 134-167)
[main 2dbe79b3] refresh 2026-09-27-03:07
 107 files changed, 1408 insertions(+), 1398 deletions(-)
To https://github.com/lumingze-56/cryptodata-site.git
   64b3e271..2dbe79b3  main -> main
indexnow HTTP 200
[2026-09-27 03:07 UTC] refresh done
📡 拉取 Binance 24h 行情…
✅ 获取 50 个币种数据
✅ 生成 50 个币页 + 2 个对比页 + index/sitemap/llms/robots/IndexNow → /root/deepseek/work/crypto-site/public
📏 答案块词数抽查 (TRX): 158 词 (目标 134-167)
[main 2410098b] refresh 2026-09-27-04:07
 107 files changed, 1376 insertions(+), 1366 deletions(-)
To https://github.com/lumingze-56/cryptodata-site.git
   2dbe79b3..2410098b  main -> main
indexnow HTTP 200
[2026-09-27 04:07 UTC] refresh done
📡 拉取 Binance 24h 行情…
✅ 获取 50 个币种数据
✅ 生成 50 个币页 + 2 个对比页 + index/sitemap/llms/robots/IndexNow → /root/deepseek/work/crypto-site/public
📏 答案块词数抽查 (SAGA): 156 词 (目标 134-167)
[main 16cb8649] refresh 2026-09-27-05:07
 107 files changed, 1374 insertions(+), 1364 deletions(-)
To https://github.com/lumingze-56/cryptodata-site.git
   2410098b..16cb8649  main -> main
indexnow HTTP 200
[2026-09-27 05:07 UTC] refresh done
📡 拉取 Binance 24h 行情…
Traceback (most recent call last):
  File "/root/deepseek/work/crypto-site/site_gen.py", line 523, in <module>
    raise SystemExit(main())
                     ^^^^^^
  File "/root/deepseek/work/crypto-site/site_gen.py", line 483, in main
    coins = collect(args.top)
            ^^^^^^^^^^^^^^^^^
  File "/root/deepseek/work/crypto-site/site_gen.py", line 96, in collect
    allt = fetch_json(TICKER_URL)
           ^^^^^^^^^^^^^^^^^^^^^^
  File "/root/deepseek/work/crypto-site/site_gen.py", line 77, in fetch_json
    return json.loads(urllib.request.urlopen(req, timeout=15).read())
                      ^^^^^^^^^^^^^^^^^^^^^^^^^^^^^^^^^^^^^^^^^^^^^^
  File "/usr/lib/python3.11/http/client.py", line 486, in read
    s = self._safe_read(self.length)
        ^^^^^^^^^^^^^^^^^^^^^^^^^^^^
  File "/usr/lib/python3.11/http/client.py", line 648, in _safe_read
    data.write(self.fp.read(delta))
               ^^^^^^^^^^^^^^^^^^^
  File "/usr/lib/python3.11/socket.py", line 706, in readinto
    return self._sock.recv_into(b)
           ^^^^^^^^^^^^^^^^^^^^^^^
  File "/usr/lib/python3.11/ssl.py", line 1311, in recv_into
    return self.read(nbytes, buffer)
           ^^^^^^^^^^^^^^^^^^^^^^^^^
  File "/usr/lib/python3.11/ssl.py", line 1167, in read
    return self._sslobj.read(len, buffer)
           ^^^^^^^^^^^^^^^^^^^^^^^^^^^^^^
TimeoutError: The read operation timed out
📡 拉取 Binance 24h 行情…
✅ 获取 50 个币种数据
✅ 生成 50 个币页 + 2 个对比页 + index/sitemap/llms/robots/IndexNow → /root/deepseek/work/crypto-site/public
📏 答案块词数抽查 (ACE): 158 词 (目标 134-167)
[main 09092dcd] refresh 2026-09-27-07:07
 107 files changed, 1450 insertions(+), 1410 deletions(-)
To https://github.com/lumingze-56/cryptodata-site.git
   16cb8649..09092dcd  main -> main
indexnow HTTP 200
[2026-09-27 07:07 UTC] refresh done
📡 拉取 Binance 24h 行情…
✅ 获取 50 个币种数据
✅ 生成 50 个币页 + 2 个对比页 + index/sitemap/llms/robots/IndexNow → /root/deepseek/work/crypto-site/public
📏 答案块词数抽查 (MUBARAK): 156 词 (目标 134-167)
[main 7efc7978] refresh 2026-09-27-08:07
 107 files changed, 1404 insertions(+), 1394 deletions(-)
To https://github.com/lumingze-56/cryptodata-site.git
   09092dcd..7efc7978  main -> main
indexnow HTTP 200
[2026-09-27 08:07 UTC] refresh done
📡 拉取 Binance 24h 行情…
✅ 获取 50 个币种数据
✅ 生成 50 个币页 + 2 个对比页 + index/sitemap/llms/robots/IndexNow → /root/deepseek/work/crypto-site/public
📏 答案块词数抽查 (ETH): 158 词 (目标 134-167)
[main 20efdd8f] refresh 2026-09-27-09:07
 107 files changed, 1400 insertions(+), 1390 deletions(-)
To https://github.com/lumingze-56/cryptodata-site.git
   7efc7978..20efdd8f  main -> main
indexnow HTTP 200
[2026-09-27 09:07 UTC] refresh done
📡 拉取 Binance 24h 行情…
✅ 获取 50 个币种数据
✅ 生成 50 个币页 + 2 个对比页 + index/sitemap/llms/robots/IndexNow → /root/deepseek/work/crypto-site/public
📏 答案块词数抽查 (SUI): 156 词 (目标 134-167)
[main 60ca2de2] refresh 2026-09-27-10:07
 107 files changed, 1404 insertions(+), 1394 deletions(-)
To https://github.com/lumingze-56/cryptodata-site.git
   20efdd8f..60ca2de2  main -> main
indexnow HTTP 200
[2026-09-27 10:07 UTC] refresh done
📡 拉取 Binance 24h 行情…
✅ 获取 50 个币种数据
✅ 生成 50 个币页 + 2 个对比页 + index/sitemap/llms/robots/IndexNow → /root/deepseek/work/crypto-site/public
📏 答案块词数抽查 (UNI): 156 词 (目标 134-167)
[main 93f66e7f] refresh 2026-09-27-11:07
 107 files changed, 1470 insertions(+), 1356 deletions(-)
 create mode 100644 coin/w.html
 create mode 100644 public/coin/w.html
To https://github.com/lumingze-56/cryptodata-site.git
   60ca2de2..93f66e7f  main -> main
indexnow HTTP 200
[2026-09-27 11:07 UTC] refresh done
📡 拉取 Binance 24h 行情…
✅ 获取 50 个币种数据
✅ 生成 50 个币页 + 2 个对比页 + index/sitemap/llms/robots/IndexNow → /root/deepseek/work/crypto-site/public
📏 答案块词数抽查 (PEPE): 158 词 (目标 134-167)
[main e250c1f6] refresh 2026-09-27-12:07
 107 files changed, 1390 insertions(+), 1378 deletions(-)
To https://github.com/lumingze-56/cryptodata-site.git
   93f66e7f..e250c1f6  main -> main
indexnow HTTP 200
[2026-09-27 12:07 UTC] refresh done
📡 拉取 Binance 24h 行情…
✅ 获取 50 个币种数据
✅ 生成 50 个币页 + 2 个对比页 + index/sitemap/llms/robots/IndexNow → /root/deepseek/work/crypto-site/public
📏 答案块词数抽查 (SUI): 156 词 (目标 134-167)
[main 108c235f] refresh 2026-09-27-13:07
 107 files changed, 1404 insertions(+), 1394 deletions(-)
To https://github.com/lumingze-56/cryptodata-site.git
   e250c1f6..108c235f  main -> main
indexnow HTTP 200
[2026-09-27 13:07 UTC] refresh done
📡 拉取 Binance 24h 行情…
✅ 获取 50 个币种数据
✅ 生成 50 个币页 + 2 个对比页 + index/sitemap/llms/robots/IndexNow → /root/deepseek/work/crypto-site/public
📏 答案块词数抽查 (XLM): 158 词 (目标 134-167)
[main 561a2977] refresh 2026-09-27-14:07
 107 files changed, 1396 insertions(+), 1386 deletions(-)
To https://github.com/lumingze-56/cryptodata-site.git
   108c235f..561a2977  main -> main
indexnow HTTP 200
[2026-09-27 14:07 UTC] refresh done
📡 拉取 Binance 24h 行情…
✅ 获取 50 个币种数据
✅ 生成 50 个币页 + 2 个对比页 + index/sitemap/llms/robots/IndexNow → /root/deepseek/work/crypto-site/public
📏 答案块词数抽查 (PENGU): 158 词 (目标 134-167)
[main 7850961e] refresh 2026-09-27-15:07
 107 files changed, 1412 insertions(+), 1402 deletions(-)
To https://github.com/lumingze-56/cryptodata-site.git
   561a2977..7850961e  main -> main
indexnow HTTP 200
[2026-09-27 15:07 UTC] refresh done
📡 拉取 Binance 24h 行情…
✅ 获取 50 个币种数据
✅ 生成 50 个币页 + 2 个对比页 + index/sitemap/llms/robots/IndexNow → /root/deepseek/work/crypto-site/public
📏 答案块词数抽查 (RARE): 156 词 (目标 134-167)
[main f9d2847b] refresh 2026-09-27-16:07
 107 files changed, 1392 insertions(+), 1382 deletions(-)
To https://github.com/lumingze-56/cryptodata-site.git
   7850961e..f9d2847b  main -> main
indexnow HTTP 200
[2026-09-27 16:07 UTC] refresh done
📡 拉取 Binance 24h 行情…
✅ 获取 50 个币种数据
✅ 生成 50 个币页 + 2 个对比页 + index/sitemap/llms/robots/IndexNow → /root/deepseek/work/crypto-site/public
📏 答案块词数抽查 (BTC): 158 词 (目标 134-167)
[main 1fa2aade] refresh 2026-09-27-17:07
 107 files changed, 1468 insertions(+), 1354 deletions(-)
 create mode 100644 coin/audio.html
 create mode 100644 public/coin/audio.html
To https://github.com/lumingze-56/cryptodata-site.git
   f9d2847b..1fa2aade  main -> main
indexnow HTTP 200
[2026-09-27 17:07 UTC] refresh done
📡 拉取 Binance 24h 行情…
✅ 获取 50 个币种数据
✅ 生成 50 个币页 + 2 个对比页 + index/sitemap/llms/robots/IndexNow → /root/deepseek/work/crypto-site/public
📏 答案块词数抽查 (XRP): 158 词 (目标 134-167)
[main f99536f8] refresh 2026-09-27-18:07
 107 files changed, 1454 insertions(+), 1338 deletions(-)
 create mode 100644 coin/glmr.html
 create mode 100644 public/coin/glmr.html
To https://github.com/lumingze-56/cryptodata-site.git
   1fa2aade..f99536f8  main -> main
indexnow HTTP 200
[2026-09-27 18:07 UTC] refresh done
📡 拉取 Binance 24h 行情…
✅ 获取 50 个币种数据
✅ 生成 50 个币页 + 2 个对比页 + index/sitemap/llms/robots/IndexNow → /root/deepseek/work/crypto-site/public
📏 答案块词数抽查 (BCH): 160 词 (目标 134-167)
[main 535561e4] refresh 2026-09-27-19:07
 107 files changed, 1376 insertions(+), 1364 deletions(-)
To https://github.com/lumingze-56/cryptodata-site.git
   f99536f8..535561e4  main -> main
indexnow HTTP 200
[2026-09-27 19:07 UTC] refresh done
📡 拉取 Binance 24h 行情…
✅ 获取 50 个币种数据
✅ 生成 50 个币页 + 2 个对比页 + index/sitemap/llms/robots/IndexNow → /root/deepseek/work/crypto-site/public
📏 答案块词数抽查 (TAO): 158 词 (目标 134-167)
[main af2c9574] refresh 2026-09-27-20:07
 107 files changed, 1366 insertions(+), 1356 deletions(-)
To https://github.com/lumingze-56/cryptodata-site.git
   535561e4..af2c9574  main -> main
indexnow HTTP 200
[2026-09-27 20:07 UTC] refresh done
📡 拉取 Binance 24h 行情…
✅ 获取 50 个币种数据
✅ 生成 50 个币页 + 2 个对比页 + index/sitemap/llms/robots/IndexNow → /root/deepseek/work/crypto-site/public
📏 答案块词数抽查 (DOGE): 158 词 (目标 134-167)
[main 49d12101] refresh 2026-09-27-21:07
 107 files changed, 1422 insertions(+), 1412 deletions(-)
To https://github.com/lumingze-56/cryptodata-site.git
   af2c9574..49d12101  main -> main
indexnow HTTP 200
[2026-09-27 21:07 UTC] refresh done
📡 拉取 Binance 24h 行情…
✅ 获取 50 个币种数据
✅ 生成 50 个币页 + 2 个对比页 + index/sitemap/llms/robots/IndexNow → /root/deepseek/work/crypto-site/public
📏 答案块词数抽查 (RUNE): 158 词 (目标 134-167)
[main 8b53cc82] refresh 2026-09-27-22:07
 107 files changed, 1390 insertions(+), 1380 deletions(-)
To https://github.com/lumingze-56/cryptodata-site.git
   49d12101..8b53cc82  main -> main
indexnow HTTP 200
[2026-09-27 22:07 UTC] refresh done
📡 拉取 Binance 24h 行情…
✅ 获取 50 个币种数据
✅ 生成 50 个币页 + 2 个对比页 + index/sitemap/llms/robots/IndexNow → /root/deepseek/work/crypto-site/public
📏 答案块词数抽查 (PENGU): 158 词 (目标 134-167)
[main 690b06b2] refresh 2026-09-27-23:07
 107 files changed, 1398 insertions(+), 1388 deletions(-)
To https://github.com/lumingze-56/cryptodata-site.git
   8b53cc82..690b06b2  main -> main
indexnow HTTP 200
[2026-09-27 23:07 UTC] refresh done
📡 拉取 Binance 24h 行情…
✅ 获取 50 个币种数据
✅ 生成 50 个币页 + 2 个对比页 + index/sitemap/llms/robots/IndexNow → /root/deepseek/work/crypto-site/public
📏 答案块词数抽查 (PEPE): 158 词 (目标 134-167)
[main 5b2a05fd] refresh 2026-09-28-00:07
 107 files changed, 1370 insertions(+), 1360 deletions(-)
To https://github.com/lumingze-56/cryptodata-site.git
   690b06b2..5b2a05fd  main -> main
indexnow HTTP 200
[2026-09-28 00:07 UTC] refresh done
📡 拉取 Binance 24h 行情…
✅ 获取 50 个币种数据
✅ 生成 50 个币页 + 2 个对比页 + index/sitemap/llms/robots/IndexNow → /root/deepseek/work/crypto-site/public
📏 答案块词数抽查 (MARSCOIN): 156 词 (目标 134-167)
[main 363fbec2] refresh 2026-09-28-01:07
 107 files changed, 1414 insertions(+), 1404 deletions(-)
To https://github.com/lumingze-56/cryptodata-site.git
   5b2a05fd..363fbec2  main -> main
indexnow HTTP 200
[2026-09-28 01:07 UTC] refresh done
📡 拉取 Binance 24h 行情…
✅ 获取 50 个币种数据
✅ 生成 50 个币页 + 2 个对比页 + index/sitemap/llms/robots/IndexNow → /root/deepseek/work/crypto-site/public
📏 答案块词数抽查 (TRUMP): 158 词 (目标 134-167)
[main cf7d34c0] refresh 2026-09-28-02:07
 107 files changed, 1422 insertions(+), 1412 deletions(-)
To https://github.com/lumingze-56/cryptodata-site.git
   363fbec2..cf7d34c0  main -> main
indexnow HTTP 200
[2026-09-28 02:07 UTC] refresh done
📡 拉取 Binance 24h 行情…
✅ 获取 50 个币种数据
✅ 生成 50 个币页 + 2 个对比页 + index/sitemap/llms/robots/IndexNow → /root/deepseek/work/crypto-site/public
📏 答案块词数抽查 (W): 156 词 (目标 134-167)
[main 11ca948a] refresh 2026-09-28-03:07
 107 files changed, 1408 insertions(+), 1398 deletions(-)
To https://github.com/lumingze-56/cryptodata-site.git
   cf7d34c0..11ca948a  main -> main
indexnow HTTP 200
[2026-09-28 03:07 UTC] refresh done
📡 拉取 Binance 24h 行情…
✅ 获取 50 个币种数据
✅ 生成 50 个币页 + 2 个对比页 + index/sitemap/llms/robots/IndexNow → /root/deepseek/work/crypto-site/public
📏 答案块词数抽查 (HYPE): 156 词 (目标 134-167)
[main 46679729] refresh 2026-09-28-04:07
 107 files changed, 1506 insertions(+), 1392 deletions(-)
 create mode 100644 coin/grt.html
 create mode 100644 public/coin/grt.html
To https://github.com/lumingze-56/cryptodata-site.git
   11ca948a..46679729  main -> main
indexnow HTTP 200
[2026-09-28 04:07 UTC] refresh done
📡 拉取 Binance 24h 行情…
✅ 获取 50 个币种数据
✅ 生成 50 个币页 + 2 个对比页 + index/sitemap/llms/robots/IndexNow → /root/deepseek/work/crypto-site/public
📏 答案块词数抽查 (XLM): 158 词 (目标 134-167)
[main cb13e918] refresh 2026-09-28-05:07
 107 files changed, 1390 insertions(+), 1378 deletions(-)
To https://github.com/lumingze-56/cryptodata-site.git
   46679729..cb13e918  main -> main
indexnow HTTP 200
[2026-09-28 05:07 UTC] refresh done
📡 拉取 Binance 24h 行情…
✅ 获取 50 个币种数据
✅ 生成 50 个币页 + 2 个对比页 + index/sitemap/llms/robots/IndexNow → /root/deepseek/work/crypto-site/public
📏 答案块词数抽查 (ARB): 156 词 (目标 134-167)
[main 9d4d47b2] refresh 2026-09-28-06:07
 107 files changed, 1460 insertions(+), 1450 deletions(-)
To https://github.com/lumingze-56/cryptodata-site.git
   cb13e918..9d4d47b2  main -> main
indexnow HTTP 200
[2026-09-28 06:07 UTC] refresh done
📡 拉取 Binance 24h 行情…
✅ 获取 50 个币种数据
✅ 生成 50 个币页 + 2 个对比页 + index/sitemap/llms/robots/IndexNow → /root/deepseek/work/crypto-site/public
📏 答案块词数抽查 (ADA): 156 词 (目标 134-167)
[main 7ee6d011] refresh 2026-09-28-07:07
 107 files changed, 1394 insertions(+), 1384 deletions(-)
To https://github.com/lumingze-56/cryptodata-site.git
   9d4d47b2..7ee6d011  main -> main
indexnow HTTP 200
[2026-09-28 07:07 UTC] refresh done
📡 拉取 Binance 24h 行情…
✅ 获取 50 个币种数据
✅ 生成 50 个币页 + 2 个对比页 + index/sitemap/llms/robots/IndexNow → /root/deepseek/work/crypto-site/public
📏 答案块词数抽查 (ADA): 156 词 (目标 134-167)
[main 80e59d00] refresh 2026-09-28-08:07
 107 files changed, 1444 insertions(+), 1434 deletions(-)
To https://github.com/lumingze-56/cryptodata-site.git
   7ee6d011..80e59d00  main -> main
indexnow HTTP 200
[2026-09-28 08:07 UTC] refresh done
📡 拉取 Binance 24h 行情…
✅ 获取 50 个币种数据
✅ 生成 50 个币页 + 2 个对比页 + index/sitemap/llms/robots/IndexNow → /root/deepseek/work/crypto-site/public
📏 答案块词数抽查 (PUMP): 156 词 (目标 134-167)
[main 0b2ee430] refresh 2026-09-28-09:07
 107 files changed, 1424 insertions(+), 1414 deletions(-)
To https://github.com/lumingze-56/cryptodata-site.git
   80e59d00..0b2ee430  main -> main
indexnow HTTP 200
[2026-09-28 09:07 UTC] refresh done
📡 拉取 Binance 24h 行情…
✅ 获取 50 个币种数据
✅ 生成 50 个币页 + 2 个对比页 + index/sitemap/llms/robots/IndexNow → /root/deepseek/work/crypto-site/public
📏 答案块词数抽查 (XRP): 156 词 (目标 134-167)
[main 7bdb4d72] refresh 2026-09-28-10:07
 107 files changed, 1408 insertions(+), 1398 deletions(-)
To https://github.com/lumingze-56/cryptodata-site.git
   0b2ee430..7bdb4d72  main -> main
indexnow HTTP 200
[2026-09-28 10:07 UTC] refresh done
📡 拉取 Binance 24h 行情…
✅ 获取 50 个币种数据
✅ 生成 50 个币页 + 2 个对比页 + index/sitemap/llms/robots/IndexNow → /root/deepseek/work/crypto-site/public
📏 答案块词数抽查 (DOGE): 156 词 (目标 134-167)
[main 37c5dbc4] refresh 2026-09-28-11:07
 107 files changed, 1384 insertions(+), 1374 deletions(-)
To https://github.com/lumingze-56/cryptodata-site.git
   7bdb4d72..37c5dbc4  main -> main
indexnow HTTP 200
[2026-09-28 11:07 UTC] refresh done
📡 拉取 Binance 24h 行情…
✅ 获取 50 个币种数据
✅ 生成 50 个币页 + 2 个对比页 + index/sitemap/llms/robots/IndexNow → /root/deepseek/work/crypto-site/public
📏 答案块词数抽查 (FET): 156 词 (目标 134-167)
Auto packing the repository in background for optimum performance.
See "git help gc" for manual housekeeping.
[main 20791229] refresh 2026-09-28-12:07
 107 files changed, 1448 insertions(+), 1332 deletions(-)
 create mode 100644 coin/algo.html
 create mode 100644 public/coin/algo.html
To https://github.com/lumingze-56/cryptodata-site.git
   37c5dbc4..20791229  main -> main
indexnow HTTP 200
[2026-09-28 12:07 UTC] refresh done
📡 拉取 Binance 24h 行情…
✅ 获取 50 个币种数据
✅ 生成 50 个币页 + 2 个对比页 + index/sitemap/llms/robots/IndexNow → /root/deepseek/work/crypto-site/public
📏 答案块词数抽查 (NEAR): 160 词 (目标 134-167)
[main 4f700d52] refresh 2026-09-28-13:07
 107 files changed, 1430 insertions(+), 1416 deletions(-)
To https://github.com/lumingze-56/cryptodata-site.git
   20791229..4f700d52  main -> main
indexnow HTTP 200
[2026-09-28 13:07 UTC] refresh done
📡 拉取 Binance 24h 行情…
✅ 获取 50 个币种数据
✅ 生成 50 个币页 + 2 个对比页 + index/sitemap/llms/robots/IndexNow → /root/deepseek/work/crypto-site/public
📏 答案块词数抽查 (XPL): 156 词 (目标 134-167)
[main 6495fd8d] refresh 2026-09-28-14:07
 107 files changed, 1406 insertions(+), 1396 deletions(-)
To https://github.com/lumingze-56/cryptodata-site.git
   4f700d52..6495fd8d  main -> main
indexnow HTTP 200
[2026-09-28 14:07 UTC] refresh done
📡 拉取 Binance 24h 行情…
✅ 获取 50 个币种数据
✅ 生成 50 个币页 + 2 个对比页 + index/sitemap/llms/robots/IndexNow → /root/deepseek/work/crypto-site/public
📏 答案块词数抽查 (SOL): 158 词 (目标 134-167)
[main 63163ddb] refresh 2026-09-28-15:07
 107 files changed, 1438 insertions(+), 1428 deletions(-)
To https://github.com/lumingze-56/cryptodata-site.git
   6495fd8d..63163ddb  main -> main
indexnow HTTP 200
[2026-09-28 15:07 UTC] refresh done
📡 拉取 Binance 24h 行情…
✅ 获取 50 个币种数据
✅ 生成 50 个币页 + 2 个对比页 + index/sitemap/llms/robots/IndexNow → /root/deepseek/work/crypto-site/public
📏 答案块词数抽查 (POL): 156 词 (目标 134-167)
[main 2238fa0d] refresh 2026-09-28-16:07
 107 files changed, 1396 insertions(+), 1386 deletions(-)
To https://github.com/lumingze-56/cryptodata-site.git
   63163ddb..2238fa0d  main -> main
indexnow HTTP 200
[2026-09-28 16:07 UTC] refresh done
📡 拉取 Binance 24h 行情…
✅ 获取 50 个币种数据
✅ 生成 50 个币页 + 2 个对比页 + index/sitemap/llms/robots/IndexNow → /root/deepseek/work/crypto-site/public
📏 答案块词数抽查 (SUI): 156 词 (目标 134-167)
[main f6020ef5] refresh 2026-09-28-17:07
 107 files changed, 1360 insertions(+), 1350 deletions(-)
To https://github.com/lumingze-56/cryptodata-site.git
   2238fa0d..f6020ef5  main -> main
indexnow HTTP 200
[2026-09-28 17:07 UTC] refresh done
📡 拉取 Binance 24h 行情…
✅ 获取 50 个币种数据
✅ 生成 50 个币页 + 2 个对比页 + index/sitemap/llms/robots/IndexNow → /root/deepseek/work/crypto-site/public
📏 答案块词数抽查 (UNI): 156 词 (目标 134-167)
[main 134a4cd6] refresh 2026-09-28-18:07
 107 files changed, 1370 insertions(+), 1360 deletions(-)
To https://github.com/lumingze-56/cryptodata-site.git
   f6020ef5..134a4cd6  main -> main
indexnow HTTP 200
[2026-09-28 18:07 UTC] refresh done
📡 拉取 Binance 24h 行情…
✅ 获取 50 个币种数据
✅ 生成 50 个币页 + 2 个对比页 + index/sitemap/llms/robots/IndexNow → /root/deepseek/work/crypto-site/public
📏 答案块词数抽查 (XPL): 156 词 (目标 134-167)
[main 4899cd93] refresh 2026-09-28-19:07
 107 files changed, 1380 insertions(+), 1370 deletions(-)
To https://github.com/lumingze-56/cryptodata-site.git
   134a4cd6..4899cd93  main -> main
indexnow HTTP 200
[2026-09-28 19:07 UTC] refresh done
📡 拉取 Binance 24h 行情…
✅ 获取 50 个币种数据
✅ 生成 50 个币页 + 2 个对比页 + index/sitemap/llms/robots/IndexNow → /root/deepseek/work/crypto-site/public
📏 答案块词数抽查 (PENGU): 156 词 (目标 134-167)
[main 556b72a4] refresh 2026-09-28-20:07
 107 files changed, 1392 insertions(+), 1382 deletions(-)
To https://github.com/lumingze-56/cryptodata-site.git
   4899cd93..556b72a4  main -> main
indexnow HTTP 200
[2026-09-28 20:07 UTC] refresh done
📡 拉取 Binance 24h 行情…
✅ 获取 50 个币种数据
✅ 生成 50 个币页 + 2 个对比页 + index/sitemap/llms/robots/IndexNow → /root/deepseek/work/crypto-site/public
📏 答案块词数抽查 (XLM): 156 词 (目标 134-167)
[main 040453b6] refresh 2026-09-28-21:07
 107 files changed, 1366 insertions(+), 1356 deletions(-)
To https://github.com/lumingze-56/cryptodata-site.git
   556b72a4..040453b6  main -> main
indexnow HTTP 200
[2026-09-28 21:07 UTC] refresh done
📡 拉取 Binance 24h 行情…
✅ 获取 50 个币种数据
✅ 生成 50 个币页 + 2 个对比页 + index/sitemap/llms/robots/IndexNow → /root/deepseek/work/crypto-site/public
📏 答案块词数抽查 (WLD): 156 词 (目标 134-167)
[main 060dd272] refresh 2026-09-28-22:07
 107 files changed, 1388 insertions(+), 1378 deletions(-)
To https://github.com/lumingze-56/cryptodata-site.git
   040453b6..060dd272  main -> main
indexnow HTTP 200
[2026-09-28 22:07 UTC] refresh done
📡 拉取 Binance 24h 行情…
✅ 获取 50 个币种数据
✅ 生成 50 个币页 + 2 个对比页 + index/sitemap/llms/robots/IndexNow → /root/deepseek/work/crypto-site/public
📏 答案块词数抽查 (PENGU): 156 词 (目标 134-167)
[main 98fb7b27] refresh 2026-09-28-23:07
 107 files changed, 1372 insertions(+), 1362 deletions(-)
To https://github.com/lumingze-56/cryptodata-site.git
   060dd272..98fb7b27  main -> main
indexnow HTTP 200
[2026-09-28 23:07 UTC] refresh done
📡 拉取 Binance 24h 行情…
✅ 获取 50 个币种数据
✅ 生成 50 个币页 + 2 个对比页 + index/sitemap/llms/robots/IndexNow → /root/deepseek/work/crypto-site/public
📏 答案块词数抽查 (FET): 156 词 (目标 134-167)
[main 1141ab0b] refresh 2026-09-29-00:07
 107 files changed, 1420 insertions(+), 1306 deletions(-)
 create mode 100644 coin/nmr.html
 create mode 100644 public/coin/nmr.html
To https://github.com/lumingze-56/cryptodata-site.git
   98fb7b27..1141ab0b  main -> main
indexnow HTTP 200
[2026-09-29 00:07 UTC] refresh done
📡 拉取 Binance 24h 行情…
✅ 获取 50 个币种数据
✅ 生成 50 个币页 + 2 个对比页 + index/sitemap/llms/robots/IndexNow → /root/deepseek/work/crypto-site/public
📏 答案块词数抽查 (AAVE): 156 词 (目标 134-167)
[main 53eae595] refresh 2026-09-29-01:07
 107 files changed, 1422 insertions(+), 1410 deletions(-)
To https://github.com/lumingze-56/cryptodata-site.git
   1141ab0b..53eae595  main -> main
indexnow HTTP 200
[2026-09-29 01:07 UTC] refresh done
📡 拉取 Binance 24h 行情…
✅ 获取 50 个币种数据
✅ 生成 50 个币页 + 2 个对比页 + index/sitemap/llms/robots/IndexNow → /root/deepseek/work/crypto-site/public
📏 答案块词数抽查 (AAVE): 156 词 (目标 134-167)
[main 8e35092a] refresh 2026-09-29-02:07
 107 files changed, 1462 insertions(+), 1452 deletions(-)
To https://github.com/lumingze-56/cryptodata-site.git
   53eae595..8e35092a  main -> main
indexnow HTTP 200
[2026-09-29 02:07 UTC] refresh done
📡 拉取 Binance 24h 行情…
✅ 获取 50 个币种数据
✅ 生成 50 个币页 + 2 个对比页 + index/sitemap/llms/robots/IndexNow → /root/deepseek/work/crypto-site/public
📏 答案块词数抽查 (BTC): 158 词 (目标 134-167)
[main ac9f68ec] refresh 2026-09-29-03:07
 107 files changed, 1456 insertions(+), 1446 deletions(-)
To https://github.com/lumingze-56/cryptodata-site.git
   8e35092a..ac9f68ec  main -> main
indexnow HTTP 200
[2026-09-29 03:07 UTC] refresh done
📡 拉取 Binance 24h 行情…
✅ 获取 50 个币种数据
✅ 生成 50 个币页 + 2 个对比页 + index/sitemap/llms/robots/IndexNow → /root/deepseek/work/crypto-site/public
📏 答案块词数抽查 (AAVE): 158 词 (目标 134-167)
[main e19c5dbf] refresh 2026-09-29-04:07
 107 files changed, 1398 insertions(+), 1388 deletions(-)
To https://github.com/lumingze-56/cryptodata-site.git
   ac9f68ec..e19c5dbf  main -> main
indexnow HTTP 200
[2026-09-29 04:07 UTC] refresh done
📡 拉取 Binance 24h 行情…
✅ 获取 50 个币种数据
✅ 生成 50 个币页 + 2 个对比页 + index/sitemap/llms/robots/IndexNow → /root/deepseek/work/crypto-site/public
📏 答案块词数抽查 (BABY): 158 词 (目标 134-167)
[main a64d3521] refresh 2026-09-29-05:07
 107 files changed, 1366 insertions(+), 1356 deletions(-)
To https://github.com/lumingze-56/cryptodata-site.git
   e19c5dbf..a64d3521  main -> main
indexnow HTTP 200
[2026-09-29 05:07 UTC] refresh done
📡 拉取 Binance 24h 行情…
✅ 获取 50 个币种数据
✅ 生成 50 个币页 + 2 个对比页 + index/sitemap/llms/robots/IndexNow → /root/deepseek/work/crypto-site/public
📏 答案块词数抽查 (ICP): 158 词 (目标 134-167)
[main 99a34d66] refresh 2026-09-29-06:07
 107 files changed, 1390 insertions(+), 1380 deletions(-)
To https://github.com/lumingze-56/cryptodata-site.git
   a64d3521..99a34d66  main -> main
indexnow HTTP 200
[2026-09-29 06:07 UTC] refresh done
📡 拉取 Binance 24h 行情…
✅ 获取 50 个币种数据
✅ 生成 50 个币页 + 2 个对比页 + index/sitemap/llms/robots/IndexNow → /root/deepseek/work/crypto-site/public
📏 答案块词数抽查 (SPCXB): 158 词 (目标 134-167)
[main ca3f4164] refresh 2026-09-29-07:07
 107 files changed, 1474 insertions(+), 1360 deletions(-)
 create mode 100644 coin/0g.html
 create mode 100644 public/coin/0g.html
To https://github.com/lumingze-56/cryptodata-site.git
   99a34d66..ca3f4164  main -> main
indexnow HTTP 200
[2026-09-29 07:07 UTC] refresh done
📡 拉取 Binance 24h 行情…
✅ 获取 50 个币种数据
✅ 生成 50 个币页 + 2 个对比页 + index/sitemap/llms/robots/IndexNow → /root/deepseek/work/crypto-site/public
📏 答案块词数抽查 (PUMP): 158 词 (目标 134-167)
[main 9148ceff] refresh 2026-09-29-08:07
 107 files changed, 1402 insertions(+), 1390 deletions(-)
To https://github.com/lumingze-56/cryptodata-site.git
   ca3f4164..9148ceff  main -> main
indexnow HTTP 200
[2026-09-29 08:07 UTC] refresh done
📡 拉取 Binance 24h 行情…
✅ 获取 50 个币种数据
✅ 生成 50 个币页 + 2 个对比页 + index/sitemap/llms/robots/IndexNow → /root/deepseek/work/crypto-site/public
📏 答案块词数抽查 (NMR): 156 词 (目标 134-167)
[main f794a423] refresh 2026-09-29-09:07
 107 files changed, 1388 insertions(+), 1378 deletions(-)
To https://github.com/lumingze-56/cryptodata-site.git
   9148ceff..f794a423  main -> main
indexnow HTTP 200
[2026-09-29 09:07 UTC] refresh done
📡 拉取 Binance 24h 行情…
✅ 获取 50 个币种数据
✅ 生成 50 个币页 + 2 个对比页 + index/sitemap/llms/robots/IndexNow → /root/deepseek/work/crypto-site/public
📏 答案块词数抽查 (PUMP): 156 词 (目标 134-167)
[main acd9a204] refresh 2026-09-29-10:07
 107 files changed, 1408 insertions(+), 1398 deletions(-)
To https://github.com/lumingze-56/cryptodata-site.git
   f794a423..acd9a204  main -> main
indexnow HTTP 200
[2026-09-29 10:07 UTC] refresh done
📡 拉取 Binance 24h 行情…
✅ 获取 50 个币种数据
✅ 生成 50 个币页 + 2 个对比页 + index/sitemap/llms/robots/IndexNow → /root/deepseek/work/crypto-site/public
📏 答案块词数抽查 (ONDO): 158 词 (目标 134-167)
[main 292e9b3b] refresh 2026-09-29-11:07
 107 files changed, 1388 insertions(+), 1378 deletions(-)
To https://github.com/lumingze-56/cryptodata-site.git
   acd9a204..292e9b3b  main -> main
indexnow HTTP 200
[2026-09-29 11:07 UTC] refresh done
📡 拉取 Binance 24h 行情…
✅ 获取 50 个币种数据
✅ 生成 50 个币页 + 2 个对比页 + index/sitemap/llms/robots/IndexNow → /root/deepseek/work/crypto-site/public
📏 答案块词数抽查 (DOT): 158 词 (目标 134-167)
[main d0033043] refresh 2026-09-29-12:07
 107 files changed, 1396 insertions(+), 1386 deletions(-)
To https://github.com/lumingze-56/cryptodata-site.git
   292e9b3b..d0033043  main -> main
indexnow HTTP 200
[2026-09-29 12:07 UTC] refresh done
📡 拉取 Binance 24h 行情…
✅ 获取 50 个币种数据
✅ 生成 50 个币页 + 2 个对比页 + index/sitemap/llms/robots/IndexNow → /root/deepseek/work/crypto-site/public
📏 答案块词数抽查 (PENGU): 158 词 (目标 134-167)
[main 9f5b31c4] refresh 2026-09-29-13:07
 107 files changed, 1412 insertions(+), 1402 deletions(-)
To https://github.com/lumingze-56/cryptodata-site.git
   d0033043..9f5b31c4  main -> main
indexnow HTTP 200
[2026-09-29 13:07 UTC] refresh done
📡 拉取 Binance 24h 行情…
✅ 获取 50 个币种数据
✅ 生成 50 个币页 + 2 个对比页 + index/sitemap/llms/robots/IndexNow → /root/deepseek/work/crypto-site/public
📏 答案块词数抽查 (DASH): 156 词 (目标 134-167)
[main ab7fb206] refresh 2026-09-29-14:07
 107 files changed, 1416 insertions(+), 1406 deletions(-)
To https://github.com/lumingze-56/cryptodata-site.git
   9f5b31c4..ab7fb206  main -> main
indexnow HTTP 200
[2026-09-29 14:07 UTC] refresh done
📡 拉取 Binance 24h 行情…
✅ 获取 50 个币种数据
✅ 生成 50 个币页 + 2 个对比页 + index/sitemap/llms/robots/IndexNow → /root/deepseek/work/crypto-site/public
📏 答案块词数抽查 (ALGO): 158 词 (目标 134-167)
[main 74f2169e] refresh 2026-09-29-15:07
 107 files changed, 1428 insertions(+), 1418 deletions(-)
To https://github.com/lumingze-56/cryptodata-site.git
   ab7fb206..74f2169e  main -> main
indexnow HTTP 200
[2026-09-29 15:07 UTC] refresh done
📡 拉取 Binance 24h 行情…
✅ 获取 50 个币种数据
✅ 生成 50 个币页 + 2 个对比页 + index/sitemap/llms/robots/IndexNow → /root/deepseek/work/crypto-site/public
📏 答案块词数抽查 (BNB): 158 词 (目标 134-167)
[main 3fb5ec92] refresh 2026-09-29-16:07
 107 files changed, 1398 insertions(+), 1388 deletions(-)
To https://github.com/lumingze-56/cryptodata-site.git
   74f2169e..3fb5ec92  main -> main
indexnow HTTP 200
[2026-09-29 16:07 UTC] refresh done
📡 拉取 Binance 24h 行情…
✅ 获取 50 个币种数据
✅ 生成 50 个币页 + 2 个对比页 + index/sitemap/llms/robots/IndexNow → /root/deepseek/work/crypto-site/public
📏 答案块词数抽查 (HYPE): 158 词 (目标 134-167)
[main 0427018c] refresh 2026-09-29-17:07
 107 files changed, 1386 insertions(+), 1376 deletions(-)
To https://github.com/lumingze-56/cryptodata-site.git
   3fb5ec92..0427018c  main -> main
indexnow HTTP 200
[2026-09-29 17:07 UTC] refresh done
📡 拉取 Binance 24h 行情…
✅ 获取 50 个币种数据
✅ 生成 50 个币页 + 2 个对比页 + index/sitemap/llms/robots/IndexNow → /root/deepseek/work/crypto-site/public
📏 答案块词数抽查 (MARSCOIN): 156 词 (目标 134-167)
[main b95de4fa] refresh 2026-09-29-18:07
 107 files changed, 1398 insertions(+), 1388 deletions(-)
To https://github.com/lumingze-56/cryptodata-site.git
   0427018c..b95de4fa  main -> main
indexnow HTTP 200
[2026-09-29 18:07 UTC] refresh done
📡 拉取 Binance 24h 行情…
✅ 获取 50 个币种数据
✅ 生成 50 个币页 + 2 个对比页 + index/sitemap/llms/robots/IndexNow → /root/deepseek/work/crypto-site/public
📏 答案块词数抽查 (PEPE): 158 词 (目标 134-167)
[main 325d8459] refresh 2026-09-29-19:07
 107 files changed, 1380 insertions(+), 1370 deletions(-)
To https://github.com/lumingze-56/cryptodata-site.git
   b95de4fa..325d8459  main -> main
indexnow HTTP 200
[2026-09-29 19:07 UTC] refresh done
📡 拉取 Binance 24h 行情…
✅ 获取 50 个币种数据
✅ 生成 50 个币页 + 2 个对比页 + index/sitemap/llms/robots/IndexNow → /root/deepseek/work/crypto-site/public
📏 答案块词数抽查 (MARSCOIN): 156 词 (目标 134-167)
[main 9c8c01fe] refresh 2026-09-29-20:07
 107 files changed, 1376 insertions(+), 1366 deletions(-)
To https://github.com/lumingze-56/cryptodata-site.git
   325d8459..9c8c01fe  main -> main
indexnow HTTP 200
[2026-09-29 20:07 UTC] refresh done
📡 拉取 Binance 24h 行情…
✅ 获取 50 个币种数据
✅ 生成 50 个币页 + 2 个对比页 + index/sitemap/llms/robots/IndexNow → /root/deepseek/work/crypto-site/public
📏 答案块词数抽查 (CRV): 156 词 (目标 134-167)
[main 4957241f] refresh 2026-09-29-21:07
 107 files changed, 1330 insertions(+), 1320 deletions(-)
To https://github.com/lumingze-56/cryptodata-site.git
   9c8c01fe..4957241f  main -> main
indexnow HTTP 200
[2026-09-29 21:07 UTC] refresh done
📡 拉取 Binance 24h 行情…
✅ 获取 50 个币种数据
✅ 生成 50 个币页 + 2 个对比页 + index/sitemap/llms/robots/IndexNow → /root/deepseek/work/crypto-site/public
📏 答案块词数抽查 (ONDO): 158 词 (目标 134-167)
[main b34b3297] refresh 2026-09-29-22:07
 107 files changed, 1350 insertions(+), 1340 deletions(-)
To https://github.com/lumingze-56/cryptodata-site.git
   4957241f..b34b3297  main -> main
indexnow HTTP 200
[2026-09-29 22:07 UTC] refresh done
📡 拉取 Binance 24h 行情…
✅ 获取 50 个币种数据
✅ 生成 50 个币页 + 2 个对比页 + index/sitemap/llms/robots/IndexNow → /root/deepseek/work/crypto-site/public
📏 答案块词数抽查 (AVAX): 156 词 (目标 134-167)
[main 59078b25] refresh 2026-09-29-23:07
 107 files changed, 1352 insertions(+), 1342 deletions(-)
To https://github.com/lumingze-56/cryptodata-site.git
   b34b3297..59078b25  main -> main
indexnow HTTP 200
[2026-09-29 23:07 UTC] refresh done
📡 拉取 Binance 24h 行情…
✅ 获取 50 个币种数据
✅ 生成 50 个币页 + 2 个对比页 + index/sitemap/llms/robots/IndexNow → /root/deepseek/work/crypto-site/public
📏 答案块词数抽查 (XPL): 158 词 (目标 134-167)
[main 3e965b16] refresh 2026-09-30-00:07
 107 files changed, 1366 insertions(+), 1356 deletions(-)
To https://github.com/lumingze-56/cryptodata-site.git
   59078b25..3e965b16  main -> main
indexnow HTTP 200
[2026-09-30 00:07 UTC] refresh done
📡 拉取 Binance 24h 行情…
✅ 获取 50 个币种数据
✅ 生成 50 个币页 + 2 个对比页 + index/sitemap/llms/robots/IndexNow → /root/deepseek/work/crypto-site/public
📏 答案块词数抽查 (HYPE): 158 词 (目标 134-167)
[main 460eed5a] refresh 2026-09-30-01:07
 107 files changed, 1378 insertions(+), 1368 deletions(-)
To https://github.com/lumingze-56/cryptodata-site.git
   3e965b16..460eed5a  main -> main
indexnow HTTP 200
[2026-09-30 01:07 UTC] refresh done
📡 拉取 Binance 24h 行情…
✅ 获取 50 个币种数据
✅ 生成 50 个币页 + 2 个对比页 + index/sitemap/llms/robots/IndexNow → /root/deepseek/work/crypto-site/public
📏 答案块词数抽查 (XPL): 158 词 (目标 134-167)
[main 089331a8] refresh 2026-09-30-02:07
 107 files changed, 1388 insertions(+), 1378 deletions(-)
To https://github.com/lumingze-56/cryptodata-site.git
   460eed5a..089331a8  main -> main
indexnow HTTP 200
[2026-09-30 02:07 UTC] refresh done
📡 拉取 Binance 24h 行情…
✅ 获取 50 个币种数据
✅ 生成 50 个币页 + 2 个对比页 + index/sitemap/llms/robots/IndexNow → /root/deepseek/work/crypto-site/public
📏 答案块词数抽查 (ZRO): 156 词 (目标 134-167)
[main cbc0f9e3] refresh 2026-09-30-03:07
 107 files changed, 1426 insertions(+), 1416 deletions(-)
To https://github.com/lumingze-56/cryptodata-site.git
   089331a8..cbc0f9e3  main -> main
indexnow HTTP 200
[2026-09-30 03:07 UTC] refresh done
📡 拉取 Binance 24h 行情…
✅ 获取 50 个币种数据
✅ 生成 50 个币页 + 2 个对比页 + index/sitemap/llms/robots/IndexNow → /root/deepseek/work/crypto-site/public
📏 答案块词数抽查 (TRUMP): 156 词 (目标 134-167)
[main 85042702] refresh 2026-09-30-04:07
 107 files changed, 1416 insertions(+), 1406 deletions(-)
To https://github.com/lumingze-56/cryptodata-site.git
   cbc0f9e3..85042702  main -> main
indexnow HTTP 200
[2026-09-30 04:07 UTC] refresh done
📡 拉取 Binance 24h 行情…
✅ 获取 50 个币种数据
✅ 生成 50 个币页 + 2 个对比页 + index/sitemap/llms/robots/IndexNow → /root/deepseek/work/crypto-site/public
📏 答案块词数抽查 (BNB): 158 词 (目标 134-167)
[main 150aa9d6] refresh 2026-09-30-05:07
 107 files changed, 1394 insertions(+), 1384 deletions(-)
To https://github.com/lumingze-56/cryptodata-site.git
   85042702..150aa9d6  main -> main
indexnow HTTP 200
[2026-09-30 05:07 UTC] refresh done
📡 拉取 Binance 24h 行情…
✅ 获取 50 个币种数据
✅ 生成 50 个币页 + 2 个对比页 + index/sitemap/llms/robots/IndexNow → /root/deepseek/work/crypto-site/public
📏 答案块词数抽查 (DOGE): 158 词 (目标 134-167)
[main 8e4664ba] refresh 2026-09-30-06:07
 107 files changed, 1410 insertions(+), 1400 deletions(-)
To https://github.com/lumingze-56/cryptodata-site.git
   150aa9d6..8e4664ba  main -> main
indexnow HTTP 200
[2026-09-30 06:07 UTC] refresh done
📡 拉取 Binance 24h 行情…
✅ 获取 50 个币种数据
✅ 生成 50 个币页 + 2 个对比页 + index/sitemap/llms/robots/IndexNow → /root/deepseek/work/crypto-site/public
📏 答案块词数抽查 (BABY): 156 词 (目标 134-167)
[main 439b75f5] refresh 2026-09-30-07:07
 107 files changed, 1478 insertions(+), 1364 deletions(-)
 create mode 100644 coin/movr.html
 create mode 100644 public/coin/movr.html
To https://github.com/lumingze-56/cryptodata-site.git
   8e4664ba..439b75f5  main -> main
indexnow HTTP 200
[2026-09-30 07:07 UTC] refresh done
📡 拉取 Binance 24h 行情…
✅ 获取 50 个币种数据
✅ 生成 50 个币页 + 2 个对比页 + index/sitemap/llms/robots/IndexNow → /root/deepseek/work/crypto-site/public
📏 答案块词数抽查 (FET): 156 词 (目标 134-167)
[main 2f347f16] refresh 2026-09-30-08:07
 107 files changed, 1396 insertions(+), 1384 deletions(-)
To https://github.com/lumingze-56/cryptodata-site.git
   439b75f5..2f347f16  main -> main
indexnow HTTP 200
[2026-09-30 08:07 UTC] refresh done
📡 拉取 Binance 24h 行情…
✅ 获取 50 个币种数据
✅ 生成 50 个币页 + 2 个对比页 + index/sitemap/llms/robots/IndexNow → /root/deepseek/work/crypto-site/public
📏 答案块词数抽查 (ADA): 158 词 (目标 134-167)
[main 8f071a63] refresh 2026-09-30-09:07
 107 files changed, 1378 insertions(+), 1368 deletions(-)
To https://github.com/lumingze-56/cryptodata-site.git
   2f347f16..8f071a63  main -> main
indexnow HTTP 200
[2026-09-30 09:07 UTC] refresh done
📡 拉取 Binance 24h 行情…
✅ 获取 50 个币种数据
✅ 生成 50 个币页 + 2 个对比页 + index/sitemap/llms/robots/IndexNow → /root/deepseek/work/crypto-site/public
📏 答案块词数抽查 (TAO): 156 词 (目标 134-167)
[main 4a0c8e12] refresh 2026-09-30-10:07
 107 files changed, 1372 insertions(+), 1362 deletions(-)
To https://github.com/lumingze-56/cryptodata-site.git
   8f071a63..4a0c8e12  main -> main
indexnow HTTP 200
[2026-09-30 10:07 UTC] refresh done
📡 拉取 Binance 24h 行情…
✅ 获取 50 个币种数据
✅ 生成 50 个币页 + 2 个对比页 + index/sitemap/llms/robots/IndexNow → /root/deepseek/work/crypto-site/public
📏 答案块词数抽查 (ZRO): 156 词 (目标 134-167)
[main cc499d35] refresh 2026-09-30-11:07
 107 files changed, 1382 insertions(+), 1372 deletions(-)
To https://github.com/lumingze-56/cryptodata-site.git
   4a0c8e12..cc499d35  main -> main
indexnow HTTP 200
[2026-09-30 11:07 UTC] refresh done
📡 拉取 Binance 24h 行情…
✅ 获取 50 个币种数据
✅ 生成 50 个币页 + 2 个对比页 + index/sitemap/llms/robots/IndexNow → /root/deepseek/work/crypto-site/public
📏 答案块词数抽查 (XLM): 158 词 (目标 134-167)
[main b8923783] refresh 2026-09-30-12:07
 107 files changed, 1416 insertions(+), 1406 deletions(-)
To https://github.com/lumingze-56/cryptodata-site.git
   cc499d35..b8923783  main -> main
indexnow HTTP 200
[2026-09-30 12:07 UTC] refresh done
📡 拉取 Binance 24h 行情…
✅ 获取 50 个币种数据
✅ 生成 50 个币页 + 2 个对比页 + index/sitemap/llms/robots/IndexNow → /root/deepseek/work/crypto-site/public
📏 答案块词数抽查 (ETH): 158 词 (目标 134-167)
[main 8bc13444] refresh 2026-09-30-13:07
 107 files changed, 1516 insertions(+), 1402 deletions(-)
 create mode 100644 coin/night.html
 create mode 100644 public/coin/night.html
To https://github.com/lumingze-56/cryptodata-site.git
   b8923783..8bc13444  main -> main
indexnow HTTP 200
[2026-09-30 13:07 UTC] refresh done
📡 拉取 Binance 24h 行情…
✅ 获取 50 个币种数据
✅ 生成 50 个币页 + 2 个对比页 + index/sitemap/llms/robots/IndexNow → /root/deepseek/work/crypto-site/public
📏 答案块词数抽查 (TRX): 158 词 (目标 134-167)
[main 8ae1d070] refresh 2026-09-30-14:07
 107 files changed, 1432 insertions(+), 1420 deletions(-)
To https://github.com/lumingze-56/cryptodata-site.git
   8bc13444..8ae1d070  main -> main
indexnow HTTP 200
[2026-09-30 14:07 UTC] refresh done
📡 拉取 Binance 24h 行情…
✅ 获取 50 个币种数据
✅ 生成 50 个币页 + 2 个对比页 + index/sitemap/llms/robots/IndexNow → /root/deepseek/work/crypto-site/public
📏 答案块词数抽查 (TAO): 156 词 (目标 134-167)
[main 6b82d934] refresh 2026-09-30-15:07
 107 files changed, 1432 insertions(+), 1422 deletions(-)
To https://github.com/lumingze-56/cryptodata-site.git
   8ae1d070..6b82d934  main -> main
indexnow HTTP 200
[2026-09-30 15:07 UTC] refresh done
📡 拉取 Binance 24h 行情…
✅ 获取 50 个币种数据
✅ 生成 50 个币页 + 2 个对比页 + index/sitemap/llms/robots/IndexNow → /root/deepseek/work/crypto-site/public
📏 答案块词数抽查 (FIL): 158 词 (目标 134-167)
[main c01c993f] refresh 2026-09-30-16:07
 107 files changed, 1408 insertions(+), 1398 deletions(-)
To https://github.com/lumingze-56/cryptodata-site.git
   6b82d934..c01c993f  main -> main
indexnow HTTP 200
[2026-09-30 16:07 UTC] refresh done
📡 拉取 Binance 24h 行情…
✅ 获取 50 个币种数据
✅ 生成 50 个币页 + 2 个对比页 + index/sitemap/llms/robots/IndexNow → /root/deepseek/work/crypto-site/public
📏 答案块词数抽查 (HBAR): 158 词 (目标 134-167)
[main 0b2c924b] refresh 2026-09-30-17:07
 107 files changed, 1368 insertions(+), 1358 deletions(-)
To https://github.com/lumingze-56/cryptodata-site.git
   c01c993f..0b2c924b  main -> main
indexnow HTTP 200
[2026-09-30 17:07 UTC] refresh done
📡 拉取 Binance 24h 行情…
✅ 获取 50 个币种数据
✅ 生成 50 个币页 + 2 个对比页 + index/sitemap/llms/robots/IndexNow → /root/deepseek/work/crypto-site/public
📏 答案块词数抽查 (SOL): 158 词 (目标 134-167)
[main c62807f7] refresh 2026-09-30-18:07
 107 files changed, 1484 insertions(+), 1370 deletions(-)
 create mode 100644 coin/bera.html
 create mode 100644 public/coin/bera.html
To https://github.com/lumingze-56/cryptodata-site.git
   0b2c924b..c62807f7  main -> main
indexnow HTTP 200
[2026-09-30 18:07 UTC] refresh done
📡 拉取 Binance 24h 行情…
✅ 获取 50 个币种数据
✅ 生成 50 个币页 + 2 个对比页 + index/sitemap/llms/robots/IndexNow → /root/deepseek/work/crypto-site/public
📏 答案块词数抽查 (MSTRB): 158 词 (目标 134-167)
[main 69ca21f6] refresh 2026-09-30-19:07
 107 files changed, 1388 insertions(+), 1376 deletions(-)
To https://github.com/lumingze-56/cryptodata-site.git
   c62807f7..69ca21f6  main -> main
indexnow HTTP 200
[2026-09-30 19:07 UTC] refresh done
📡 拉取 Binance 24h 行情…
✅ 获取 50 个币种数据
✅ 生成 50 个币页 + 2 个对比页 + index/sitemap/llms/robots/IndexNow → /root/deepseek/work/crypto-site/public
📏 答案块词数抽查 (SUI): 158 词 (目标 134-167)
[main f382ba2b] refresh 2026-09-30-20:07
 107 files changed, 1372 insertions(+), 1362 deletions(-)
To https://github.com/lumingze-56/cryptodata-site.git
   69ca21f6..f382ba2b  main -> main
indexnow HTTP 200
[2026-09-30 20:07 UTC] refresh done
📡 拉取 Binance 24h 行情…
✅ 获取 50 个币种数据
✅ 生成 50 个币页 + 2 个对比页 + index/sitemap/llms/robots/IndexNow → /root/deepseek/work/crypto-site/public
📏 答案块词数抽查 (CRCLB): 158 词 (目标 134-167)
[main 50bbbbfd] refresh 2026-09-30-21:07
 107 files changed, 1366 insertions(+), 1356 deletions(-)
To https://github.com/lumingze-56/cryptodata-site.git
   f382ba2b..50bbbbfd  main -> main
indexnow HTTP 200
[2026-09-30 21:07 UTC] refresh done
📡 拉取 Binance 24h 行情…
✅ 获取 50 个币种数据
✅ 生成 50 个币页 + 2 个对比页 + index/sitemap/llms/robots/IndexNow → /root/deepseek/work/crypto-site/public
📏 答案块词数抽查 (POL): 156 词 (目标 134-167)
[main 2edfd104] refresh 2026-09-30-22:07
 107 files changed, 1372 insertions(+), 1362 deletions(-)
To https://github.com/lumingze-56/cryptodata-site.git
   50bbbbfd..2edfd104  main -> main
indexnow HTTP 200
[2026-09-30 22:07 UTC] refresh done
📡 拉取 Binance 24h 行情…
✅ 获取 50 个币种数据
✅ 生成 50 个币页 + 2 个对比页 + index/sitemap/llms/robots/IndexNow → /root/deepseek/work/crypto-site/public
📏 答案块词数抽查 (ENA): 156 词 (目标 134-167)
[main 831a5082] refresh 2026-09-30-23:07
 107 files changed, 1356 insertions(+), 1346 deletions(-)
To https://github.com/lumingze-56/cryptodata-site.git
   2edfd104..831a5082  main -> main
indexnow HTTP 200
[2026-09-30 23:07 UTC] refresh done
📡 拉取 Binance 24h 行情…
✅ 获取 50 个币种数据
✅ 生成 50 个币页 + 2 个对比页 + index/sitemap/llms/robots/IndexNow → /root/deepseek/work/crypto-site/public
📏 答案块词数抽查 (XRP): 158 词 (目标 134-167)
[main 8c2fe297] refresh 2026-10-01-00:07
 107 files changed, 1360 insertions(+), 1350 deletions(-)
To https://github.com/lumingze-56/cryptodata-site.git
   831a5082..8c2fe297  main -> main
indexnow HTTP 200
[2026-10-01 00:07 UTC] refresh done
📡 拉取 Binance 24h 行情…
✅ 获取 50 个币种数据
✅ 生成 50 个币页 + 2 个对比页 + index/sitemap/llms/robots/IndexNow → /root/deepseek/work/crypto-site/public
📏 答案块词数抽查 (ZRO): 158 词 (目标 134-167)
[main 16373e9b] refresh 2026-10-01-01:07
 107 files changed, 1378 insertions(+), 1368 deletions(-)
To https://github.com/lumingze-56/cryptodata-site.git
   8c2fe297..16373e9b  main -> main
indexnow HTTP 200
[2026-10-01 01:07 UTC] refresh done
📡 拉取 Binance 24h 行情…
✅ 获取 50 个币种数据
✅ 生成 50 个币页 + 2 个对比页 + index/sitemap/llms/robots/IndexNow → /root/deepseek/work/crypto-site/public
📏 答案块词数抽查 (ETH): 158 词 (目标 134-167)
[main d978a76d] refresh 2026-10-01-02:07
 107 files changed, 1350 insertions(+), 1340 deletions(-)
To https://github.com/lumingze-56/cryptodata-site.git
   16373e9b..d978a76d  main -> main
indexnow HTTP 200
[2026-10-01 02:07 UTC] refresh done
📡 拉取 Binance 24h 行情…
✅ 获取 50 个币种数据
✅ 生成 50 个币页 + 2 个对比页 + index/sitemap/llms/robots/IndexNow → /root/deepseek/work/crypto-site/public
📏 答案块词数抽查 (FET): 156 词 (目标 134-167)
[main edf83e16] refresh 2026-10-01-03:07
 107 files changed, 1360 insertions(+), 1350 deletions(-)
To https://github.com/lumingze-56/cryptodata-site.git
   d978a76d..edf83e16  main -> main
indexnow HTTP 200
[2026-10-01 03:07 UTC] refresh done
📡 拉取 Binance 24h 行情…
✅ 获取 50 个币种数据
✅ 生成 50 个币页 + 2 个对比页 + index/sitemap/llms/robots/IndexNow → /root/deepseek/work/crypto-site/public
📏 答案块词数抽查 (SUI): 158 词 (目标 134-167)
[main f86621a1] refresh 2026-10-01-04:07
 107 files changed, 1374 insertions(+), 1364 deletions(-)
To https://github.com/lumingze-56/cryptodata-site.git
   edf83e16..f86621a1  main -> main
indexnow HTTP 200
[2026-10-01 04:07 UTC] refresh done
📡 拉取 Binance 24h 行情…
✅ 获取 50 个币种数据
✅ 生成 50 个币页 + 2 个对比页 + index/sitemap/llms/robots/IndexNow → /root/deepseek/work/crypto-site/public
📏 答案块词数抽查 (BCH): 160 词 (目标 134-167)
[main 003b7a66] refresh 2026-10-01-05:07
 107 files changed, 1360 insertions(+), 1350 deletions(-)
To https://github.com/lumingze-56/cryptodata-site.git
   f86621a1..003b7a66  main -> main
indexnow HTTP 200
[2026-10-01 05:07 UTC] refresh done
📡 拉取 Binance 24h 行情…
✅ 获取 50 个币种数据
✅ 生成 50 个币页 + 2 个对比页 + index/sitemap/llms/robots/IndexNow → /root/deepseek/work/crypto-site/public
📏 答案块词数抽查 (DOT): 158 词 (目标 134-167)
[main 848ccef7] refresh 2026-10-01-06:07
 107 files changed, 1370 insertions(+), 1360 deletions(-)
To https://github.com/lumingze-56/cryptodata-site.git
   003b7a66..848ccef7  main -> main
indexnow HTTP 200
[2026-10-01 06:07 UTC] refresh done
📡 拉取 Binance 24h 行情…
✅ 获取 50 个币种数据
✅ 生成 50 个币页 + 2 个对比页 + index/sitemap/llms/robots/IndexNow → /root/deepseek/work/crypto-site/public
📏 答案块词数抽查 (ICP): 160 词 (目标 134-167)
[main 5d21b694] refresh 2026-10-01-07:07
 107 files changed, 1388 insertions(+), 1378 deletions(-)
To https://github.com/lumingze-56/cryptodata-site.git
   848ccef7..5d21b694  main -> main
indexnow HTTP 200
[2026-10-01 07:07 UTC] refresh done
📡 拉取 Binance 24h 行情…
✅ 获取 50 个币种数据
✅ 生成 50 个币页 + 2 个对比页 + index/sitemap/llms/robots/IndexNow → /root/deepseek/work/crypto-site/public
📏 答案块词数抽查 (CRCLB): 158 词 (目标 134-167)
[main 8fe595c2] refresh 2026-10-01-08:07
 107 files changed, 1408 insertions(+), 1398 deletions(-)
To https://github.com/lumingze-56/cryptodata-site.git
   5d21b694..8fe595c2  main -> main
indexnow HTTP 200
[2026-10-01 08:07 UTC] refresh done
📡 拉取 Binance 24h 行情…
✅ 获取 50 个币种数据
✅ 生成 50 个币页 + 2 个对比页 + index/sitemap/llms/robots/IndexNow → /root/deepseek/work/crypto-site/public
📏 答案块词数抽查 (LTC): 158 词 (目标 134-167)
[main 657c41d4] refresh 2026-10-01-09:07
 107 files changed, 1380 insertions(+), 1370 deletions(-)
To https://github.com/lumingze-56/cryptodata-site.git
   8fe595c2..657c41d4  main -> main
indexnow HTTP 200
[2026-10-01 09:07 UTC] refresh done
📡 拉取 Binance 24h 行情…
✅ 获取 50 个币种数据
✅ 生成 50 个币页 + 2 个对比页 + index/sitemap/llms/robots/IndexNow → /root/deepseek/work/crypto-site/public
📏 答案块词数抽查 (FIL): 156 词 (目标 134-167)
[main 328a072c] refresh 2026-10-01-10:07
 107 files changed, 1472 insertions(+), 1358 deletions(-)
 create mode 100644 coin/stx.html
 create mode 100644 public/coin/stx.html
To https://github.com/lumingze-56/cryptodata-site.git
   657c41d4..328a072c  main -> main
indexnow HTTP 200
[2026-10-01 10:07 UTC] refresh done
📡 拉取 Binance 24h 行情…
✅ 获取 50 个币种数据
✅ 生成 50 个币页 + 2 个对比页 + index/sitemap/llms/robots/IndexNow → /root/deepseek/work/crypto-site/public
📏 答案块词数抽查 (ADA): 158 词 (目标 134-167)
[main c9087982] refresh 2026-10-01-11:07
 107 files changed, 1376 insertions(+), 1364 deletions(-)
To https://github.com/lumingze-56/cryptodata-site.git
   328a072c..c9087982  main -> main
indexnow HTTP 200
[2026-10-01 11:07 UTC] refresh done
📡 拉取 Binance 24h 行情…
✅ 获取 50 个币种数据
✅ 生成 50 个币页 + 2 个对比页 + index/sitemap/llms/robots/IndexNow → /root/deepseek/work/crypto-site/public
📏 答案块词数抽查 (ZRO): 156 词 (目标 134-167)
[main b7f92939] refresh 2026-10-01-12:07
 107 files changed, 1368 insertions(+), 1358 deletions(-)
To https://github.com/lumingze-56/cryptodata-site.git
   c9087982..b7f92939  main -> main
indexnow HTTP 200
[2026-10-01 12:07 UTC] refresh done
📡 拉取 Binance 24h 行情…
✅ 获取 50 个币种数据
✅ 生成 50 个币页 + 2 个对比页 + index/sitemap/llms/robots/IndexNow → /root/deepseek/work/crypto-site/public
📏 答案块词数抽查 (MOVR): 156 词 (目标 134-167)
[main 6edeaa2c] refresh 2026-10-01-13:07
 107 files changed, 1400 insertions(+), 1390 deletions(-)
To https://github.com/lumingze-56/cryptodata-site.git
   b7f92939..6edeaa2c  main -> main
indexnow HTTP 200
[2026-10-01 13:07 UTC] refresh done
📡 拉取 Binance 24h 行情…
✅ 获取 50 个币种数据
✅ 生成 50 个币页 + 2 个对比页 + index/sitemap/llms/robots/IndexNow → /root/deepseek/work/crypto-site/public
📏 答案块词数抽查 (PENGU): 156 词 (目标 134-167)
[main a7d03f56] refresh 2026-10-01-14:07
 107 files changed, 1464 insertions(+), 1454 deletions(-)
To https://github.com/lumingze-56/cryptodata-site.git
   6edeaa2c..a7d03f56  main -> main
indexnow HTTP 200
[2026-10-01 14:07 UTC] refresh done
📡 拉取 Binance 24h 行情…
✅ 获取 50 个币种数据
✅ 生成 50 个币页 + 2 个对比页 + index/sitemap/llms/robots/IndexNow → /root/deepseek/work/crypto-site/public
📏 答案块词数抽查 (CRCLB): 158 词 (目标 134-167)
[main b7f3b679] refresh 2026-10-01-15:07
 107 files changed, 1518 insertions(+), 1404 deletions(-)
 create mode 100644 coin/plume.html
 create mode 100644 public/coin/plume.html
To https://github.com/lumingze-56/cryptodata-site.git
   a7d03f56..b7f3b679  main -> main
indexnow HTTP 200
[2026-10-01 15:13 UTC] refresh done
📡 拉取 Binance 24h 行情…
✅ 获取 50 个币种数据
✅ 生成 50 个币页 + 2 个对比页 + index/sitemap/llms/robots/IndexNow → /root/deepseek/work/crypto-site/public
📏 答案块词数抽查 (PEPE): 158 词 (目标 134-167)
[main 19b91f9c] refresh 2026-10-01-16:07
 107 files changed, 1396 insertions(+), 1384 deletions(-)
To https://github.com/lumingze-56/cryptodata-site.git
   b7f3b679..19b91f9c  main -> main
indexnow HTTP 200
[2026-10-01 16:07 UTC] refresh done
📡 拉取 Binance 24h 行情…
✅ 获取 50 个币种数据
✅ 生成 50 个币页 + 2 个对比页 + index/sitemap/llms/robots/IndexNow → /root/deepseek/work/crypto-site/public
📏 答案块词数抽查 (VTHO): 158 词 (目标 134-167)
[main 97dff22d] refresh 2026-10-01-17:07
 107 files changed, 1390 insertions(+), 1380 deletions(-)
To https://github.com/lumingze-56/cryptodata-site.git
   19b91f9c..97dff22d  main -> main
indexnow HTTP 200
[2026-10-01 17:07 UTC] refresh done
📡 拉取 Binance 24h 行情…
✅ 获取 50 个币种数据
✅ 生成 50 个币页 + 2 个对比页 + index/sitemap/llms/robots/IndexNow → /root/deepseek/work/crypto-site/public
📏 答案块词数抽查 (UNI): 158 词 (目标 134-167)
[main 376a87ec] refresh 2026-10-01-18:07
 107 files changed, 1472 insertions(+), 1358 deletions(-)
 create mode 100644 coin/mega.html
 create mode 100644 public/coin/mega.html
To https://github.com/lumingze-56/cryptodata-site.git
   97dff22d..376a87ec  main -> main
indexnow HTTP 200
[2026-10-01 18:07 UTC] refresh done
📡 拉取 Binance 24h 行情…
✅ 获取 50 个币种数据
✅ 生成 50 个币页 + 2 个对比页 + index/sitemap/llms/robots/IndexNow → /root/deepseek/work/crypto-site/public
📏 答案块词数抽查 (XRP): 158 词 (目标 134-167)
[main 97bfda08] refresh 2026-10-01-19:07
 107 files changed, 1474 insertions(+), 1358 deletions(-)
 create mode 100644 coin/alice.html
 create mode 100644 public/coin/alice.html
To https://github.com/lumingze-56/cryptodata-site.git
   376a87ec..97bfda08  main -> main
indexnow HTTP 200
[2026-10-01 19:07 UTC] refresh done
📡 拉取 Binance 24h 行情…
✅ 获取 50 个币种数据
✅ 生成 50 个币页 + 2 个对比页 + index/sitemap/llms/robots/IndexNow → /root/deepseek/work/crypto-site/public
📏 答案块词数抽查 (PUMP): 158 词 (目标 134-167)
[main 658b3a99] refresh 2026-10-01-20:07
 107 files changed, 1382 insertions(+), 1370 deletions(-)
To https://github.com/lumingze-56/cryptodata-site.git
   97bfda08..658b3a99  main -> main
indexnow HTTP 200
[2026-10-01 20:08 UTC] refresh done
📡 拉取 Binance 24h 行情…
✅ 获取 50 个币种数据
✅ 生成 50 个币页 + 2 个对比页 + index/sitemap/llms/robots/IndexNow → /root/deepseek/work/crypto-site/public
📏 答案块词数抽查 (DOT): 156 词 (目标 134-167)
[main 8dd21e6a] refresh 2026-10-01-21:07
 107 files changed, 1378 insertions(+), 1368 deletions(-)
To https://github.com/lumingze-56/cryptodata-site.git
   658b3a99..8dd21e6a  main -> main
indexnow HTTP 200
[2026-10-01 21:07 UTC] refresh done
📡 拉取 Binance 24h 行情…
✅ 获取 50 个币种数据
✅ 生成 50 个币页 + 2 个对比页 + index/sitemap/llms/robots/IndexNow → /root/deepseek/work/crypto-site/public
📏 答案块词数抽查 (AAVE): 156 词 (目标 134-167)
[main a0d7a6e5] refresh 2026-10-01-22:07
 107 files changed, 1376 insertions(+), 1366 deletions(-)
To https://github.com/lumingze-56/cryptodata-site.git
   8dd21e6a..a0d7a6e5  main -> main
indexnow HTTP 200
[2026-10-01 22:07 UTC] refresh done
📡 拉取 Binance 24h 行情…
✅ 获取 50 个币种数据
✅ 生成 50 个币页 + 2 个对比页 + index/sitemap/llms/robots/IndexNow → /root/deepseek/work/crypto-site/public
📏 答案块词数抽查 (LINK): 158 词 (目标 134-167)
[main c9742f47] refresh 2026-10-01-23:07
 107 files changed, 1356 insertions(+), 1346 deletions(-)
To https://github.com/lumingze-56/cryptodata-site.git
   a0d7a6e5..c9742f47  main -> main
indexnow HTTP 200
[2026-10-01 23:07 UTC] refresh done
📡 拉取 Binance 24h 行情…
✅ 获取 50 个币种数据
✅ 生成 50 个币页 + 2 个对比页 + index/sitemap/llms/robots/IndexNow → /root/deepseek/work/crypto-site/public
📏 答案块词数抽查 (FIL): 158 词 (目标 134-167)
[main ab2d6b91] refresh 2026-10-02-00:07
 107 files changed, 1352 insertions(+), 1342 deletions(-)
To https://github.com/lumingze-56/cryptodata-site.git
   c9742f47..ab2d6b91  main -> main
indexnow HTTP 200
[2026-10-02 00:07 UTC] refresh done
📡 拉取 Binance 24h 行情…
✅ 获取 50 个币种数据
✅ 生成 50 个币页 + 2 个对比页 + index/sitemap/llms/robots/IndexNow → /root/deepseek/work/crypto-site/public
📏 答案块词数抽查 (QNT): 156 词 (目标 134-167)
[main 4c153d3e] refresh 2026-10-02-01:07
 107 files changed, 1366 insertions(+), 1356 deletions(-)
To https://github.com/lumingze-56/cryptodata-site.git
   ab2d6b91..4c153d3e  main -> main
indexnow HTTP 200
[2026-10-02 01:07 UTC] refresh done
📡 拉取 Binance 24h 行情…
✅ 获取 50 个币种数据
✅ 生成 50 个币页 + 2 个对比页 + index/sitemap/llms/robots/IndexNow → /root/deepseek/work/crypto-site/public
📏 答案块词数抽查 (MEGA): 156 词 (目标 134-167)
[main 55a17ab7] refresh 2026-10-02-02:07
 107 files changed, 1440 insertions(+), 1326 deletions(-)
 create mode 100644 coin/gtc.html
 create mode 100644 public/coin/gtc.html
To https://github.com/lumingze-56/cryptodata-site.git
   4c153d3e..55a17ab7  main -> main
indexnow HTTP 200
[2026-10-02 02:07 UTC] refresh done
📡 拉取 Binance 24h 行情…
✅ 获取 50 个币种数据
✅ 生成 50 个币页 + 2 个对比页 + index/sitemap/llms/robots/IndexNow → /root/deepseek/work/crypto-site/public
📏 答案块词数抽查 (LTC): 158 词 (目标 134-167)
[main 2ff447e3] refresh 2026-10-02-03:07
 107 files changed, 1362 insertions(+), 1350 deletions(-)
To https://github.com/lumingze-56/cryptodata-site.git
   55a17ab7..2ff447e3  main -> main
indexnow HTTP 200
[2026-10-02 03:07 UTC] refresh done
📡 拉取 Binance 24h 行情…
✅ 获取 50 个币种数据
✅ 生成 50 个币页 + 2 个对比页 + index/sitemap/llms/robots/IndexNow → /root/deepseek/work/crypto-site/public
📏 答案块词数抽查 (BNB): 158 词 (目标 134-167)
[main 0c8b1615] refresh 2026-10-02-04:07
 107 files changed, 1370 insertions(+), 1360 deletions(-)
To https://github.com/lumingze-56/cryptodata-site.git
   2ff447e3..0c8b1615  main -> main
indexnow HTTP 200
[2026-10-02 04:07 UTC] refresh done
📡 拉取 Binance 24h 行情…
✅ 获取 50 个币种数据
✅ 生成 50 个币页 + 2 个对比页 + index/sitemap/llms/robots/IndexNow → /root/deepseek/work/crypto-site/public
📏 答案块词数抽查 (牛来): 158 词 (目标 134-167)
[main 1880d8fc] refresh 2026-10-02-05:07
 107 files changed, 1422 insertions(+), 1412 deletions(-)
To https://github.com/lumingze-56/cryptodata-site.git
   0c8b1615..1880d8fc  main -> main
indexnow HTTP 200
[2026-10-02 05:07 UTC] refresh done
📡 拉取 Binance 24h 行情…
✅ 获取 50 个币种数据
✅ 生成 50 个币页 + 2 个对比页 + index/sitemap/llms/robots/IndexNow → /root/deepseek/work/crypto-site/public
📏 答案块词数抽查 (GTC): 156 词 (目标 134-167)
[main 6e5ba122] refresh 2026-10-02-06:07
 107 files changed, 1364 insertions(+), 1354 deletions(-)
To https://github.com/lumingze-56/cryptodata-site.git
   1880d8fc..6e5ba122  main -> main
indexnow HTTP 200
[2026-10-02 06:07 UTC] refresh done
📡 拉取 Binance 24h 行情…
✅ 获取 50 个币种数据
✅ 生成 50 个币页 + 2 个对比页 + index/sitemap/llms/robots/IndexNow → /root/deepseek/work/crypto-site/public
📏 答案块词数抽查 (AVAX): 158 词 (目标 134-167)
[main f652799f] refresh 2026-10-02-07:07
 107 files changed, 1388 insertions(+), 1378 deletions(-)
To https://github.com/lumingze-56/cryptodata-site.git
   6e5ba122..f652799f  main -> main
indexnow HTTP 200
[2026-10-02 07:07 UTC] refresh done
📡 拉取 Binance 24h 行情…
✅ 获取 50 个币种数据
✅ 生成 50 个币页 + 2 个对比页 + index/sitemap/llms/robots/IndexNow → /root/deepseek/work/crypto-site/public
📏 答案块词数抽查 (XRP): 156 词 (目标 134-167)
[main 4ec08dda] refresh 2026-10-02-08:07
 107 files changed, 1472 insertions(+), 1358 deletions(-)
 create mode 100644 coin/sand.html
 create mode 100644 public/coin/sand.html
To https://github.com/lumingze-56/cryptodata-site.git
   f652799f..4ec08dda  main -> main
indexnow HTTP 200
[2026-10-02 08:07 UTC] refresh done
📡 拉取 Binance 24h 行情…
✅ 获取 50 个币种数据
✅ 生成 50 个币页 + 2 个对比页 + index/sitemap/llms/robots/IndexNow → /root/deepseek/work/crypto-site/public
📏 答案块词数抽查 (FET): 158 词 (目标 134-167)
[main d2a83e8e] refresh 2026-10-02-09:07
 107 files changed, 1490 insertions(+), 1374 deletions(-)
 create mode 100644 coin/scr.html
 create mode 100644 public/coin/scr.html
To https://github.com/lumingze-56/cryptodata-site.git
   4ec08dda..d2a83e8e  main -> main
indexnow HTTP 200
[2026-10-02 09:07 UTC] refresh done
📡 拉取 Binance 24h 行情…
✅ 获取 50 个币种数据
✅ 生成 50 个币页 + 2 个对比页 + index/sitemap/llms/robots/IndexNow → /root/deepseek/work/crypto-site/public
📏 答案块词数抽查 (PENGU): 156 词 (目标 134-167)
[main ca0f4946] refresh 2026-10-02-10:07
 107 files changed, 1404 insertions(+), 1392 deletions(-)
To https://github.com/lumingze-56/cryptodata-site.git
   d2a83e8e..ca0f4946  main -> main
indexnow HTTP 200
[2026-10-02 10:07 UTC] refresh done
📡 拉取 Binance 24h 行情…
✅ 获取 50 个币种数据
✅ 生成 50 个币页 + 2 个对比页 + index/sitemap/llms/robots/IndexNow → /root/deepseek/work/crypto-site/public
📏 答案块词数抽查 (MARSCOIN): 156 词 (目标 134-167)
[main 94132a40] refresh 2026-10-02-11:07
 107 files changed, 1378 insertions(+), 1368 deletions(-)
To https://github.com/lumingze-56/cryptodata-site.git
   ca0f4946..94132a40  main -> main
indexnow HTTP 200
[2026-10-02 11:07 UTC] refresh done
📡 拉取 Binance 24h 行情…
✅ 获取 50 个币种数据
✅ 生成 50 个币页 + 2 个对比页 + index/sitemap/llms/robots/IndexNow → /root/deepseek/work/crypto-site/public
📏 答案块词数抽查 (MUB): 156 词 (目标 134-167)
[main ae881afb] refresh 2026-10-02-12:07
 107 files changed, 1386 insertions(+), 1376 deletions(-)
To https://github.com/lumingze-56/cryptodata-site.git
   94132a40..ae881afb  main -> main
indexnow HTTP 200
[2026-10-02 12:07 UTC] refresh done
📡 拉取 Binance 24h 行情…
✅ 获取 50 个币种数据
✅ 生成 50 个币页 + 2 个对比页 + index/sitemap/llms/robots/IndexNow → /root/deepseek/work/crypto-site/public
📏 答案块词数抽查 (SNDKB): 158 词 (目标 134-167)
[main b486a748] refresh 2026-10-02-13:07
 107 files changed, 1402 insertions(+), 1392 deletions(-)
To https://github.com/lumingze-56/cryptodata-site.git
   ae881afb..b486a748  main -> main
indexnow HTTP 200
[2026-10-02 13:07 UTC] refresh done
📡 拉取 Binance 24h 行情…
✅ 获取 50 个币种数据
✅ 生成 50 个币页 + 2 个对比页 + index/sitemap/llms/robots/IndexNow → /root/deepseek/work/crypto-site/public
📏 答案块词数抽查 (UNI): 158 词 (目标 134-167)
[main 7f1c79e9] refresh 2026-10-02-14:07
 107 files changed, 1496 insertions(+), 1382 deletions(-)
 create mode 100644 coin/enj.html
 create mode 100644 public/coin/enj.html
To https://github.com/lumingze-56/cryptodata-site.git
   b486a748..7f1c79e9  main -> main
indexnow HTTP 200
[2026-10-02 14:07 UTC] refresh done
📡 拉取 Binance 24h 行情…
✅ 获取 50 个币种数据
✅ 生成 50 个币页 + 2 个对比页 + index/sitemap/llms/robots/IndexNow → /root/deepseek/work/crypto-site/public
📏 答案块词数抽查 (ETH): 158 词 (目标 134-167)
[main 5031b888] refresh 2026-10-02-15:07
 107 files changed, 1484 insertions(+), 1368 deletions(-)
 create mode 100644 coin/mana.html
 create mode 100644 public/coin/mana.html
To https://github.com/lumingze-56/cryptodata-site.git
   7f1c79e9..5031b888  main -> main
indexnow HTTP 200
[2026-10-02 15:07 UTC] refresh done
📡 拉取 Binance 24h 行情…
✅ 获取 50 个币种数据
✅ 生成 50 个币页 + 2 个对比页 + index/sitemap/llms/robots/IndexNow → /root/deepseek/work/crypto-site/public
📏 答案块词数抽查 (PUMP): 156 词 (目标 134-167)
[main 85206c4d] refresh 2026-10-02-16:07
 107 files changed, 1424 insertions(+), 1412 deletions(-)
To https://github.com/lumingze-56/cryptodata-site.git
   5031b888..85206c4d  main -> main
indexnow HTTP 200
[2026-10-02 16:07 UTC] refresh done
📡 拉取 Binance 24h 行情…
✅ 获取 50 个币种数据
✅ 生成 50 个币页 + 2 个对比页 + index/sitemap/llms/robots/IndexNow → /root/deepseek/work/crypto-site/public
📏 答案块词数抽查 (TRUMP): 156 词 (目标 134-167)
[main 91279681] refresh 2026-10-02-17:07
 107 files changed, 1510 insertions(+), 1396 deletions(-)
 create mode 100644 coin/gala.html
 create mode 100644 public/coin/gala.html
To https://github.com/lumingze-56/cryptodata-site.git
   85206c4d..91279681  main -> main
indexnow HTTP 200
[2026-10-02 17:07 UTC] refresh done
📡 拉取 Binance 24h 行情…
✅ 获取 50 个币种数据
✅ 生成 50 个币页 + 2 个对比页 + index/sitemap/llms/robots/IndexNow → /root/deepseek/work/crypto-site/public
📏 答案块词数抽查 (SOL): 158 词 (目标 134-167)
[main fae57008] refresh 2026-10-02-18:07
 107 files changed, 1412 insertions(+), 1400 deletions(-)
To https://github.com/lumingze-56/cryptodata-site.git
   91279681..fae57008  main -> main
indexnow HTTP 200
[2026-10-02 18:07 UTC] refresh done
📡 拉取 Binance 24h 行情…
✅ 获取 50 个币种数据
✅ 生成 50 个币页 + 2 个对比页 + index/sitemap/llms/robots/IndexNow → /root/deepseek/work/crypto-site/public
📏 答案块词数抽查 (BNB): 158 词 (目标 134-167)
[main 13104611] refresh 2026-10-02-19:07
 107 files changed, 1448 insertions(+), 1438 deletions(-)
To https://github.com/lumingze-56/cryptodata-site.git
   fae57008..13104611  main -> main
indexnow HTTP 200
[2026-10-02 19:07 UTC] refresh done
📡 拉取 Binance 24h 行情…
✅ 获取 50 个币种数据
✅ 生成 50 个币页 + 2 个对比页 + index/sitemap/llms/robots/IndexNow → /root/deepseek/work/crypto-site/public
📏 答案块词数抽查 (LINK): 156 词 (目标 134-167)
[main 2c85c6ab] refresh 2026-10-02-20:07
 107 files changed, 1460 insertions(+), 1346 deletions(-)
 create mode 100644 coin/sky.html
 create mode 100644 public/coin/sky.html
To https://github.com/lumingze-56/cryptodata-site.git
   13104611..2c85c6ab  main -> main
indexnow HTTP 200
[2026-10-02 20:07 UTC] refresh done
📡 拉取 Binance 24h 行情…
✅ 获取 50 个币种数据
✅ 生成 50 个币页 + 2 个对比页 + index/sitemap/llms/robots/IndexNow → /root/deepseek/work/crypto-site/public
📏 答案块词数抽查 (SUI): 156 词 (目标 134-167)
[main fa2d7bcf] refresh 2026-10-02-21:07
 107 files changed, 1354 insertions(+), 1342 deletions(-)
To https://github.com/lumingze-56/cryptodata-site.git
   2c85c6ab..fa2d7bcf  main -> main
indexnow HTTP 200
[2026-10-02 21:07 UTC] refresh done
📡 拉取 Binance 24h 行情…
✅ 获取 50 个币种数据
✅ 生成 50 个币页 + 2 个对比页 + index/sitemap/llms/robots/IndexNow → /root/deepseek/work/crypto-site/public
📏 答案块词数抽查 (XPL): 156 词 (目标 134-167)
[main 375d54a8] refresh 2026-10-02-22:07
 107 files changed, 1352 insertions(+), 1342 deletions(-)
To https://github.com/lumingze-56/cryptodata-site.git
   fa2d7bcf..375d54a8  main -> main
indexnow HTTP 200
[2026-10-02 22:07 UTC] refresh done
📡 拉取 Binance 24h 行情…
✅ 获取 50 个币种数据
✅ 生成 50 个币页 + 2 个对比页 + index/sitemap/llms/robots/IndexNow → /root/deepseek/work/crypto-site/public
📏 答案块词数抽查 (PUMP): 156 词 (目标 134-167)
[main 6187f574] refresh 2026-10-02-23:07
 107 files changed, 1348 insertions(+), 1338 deletions(-)
To https://github.com/lumingze-56/cryptodata-site.git
   375d54a8..6187f574  main -> main
indexnow HTTP 200
[2026-10-02 23:07 UTC] refresh done
📡 拉取 Binance 24h 行情…
✅ 获取 50 个币种数据
✅ 生成 50 个币页 + 2 个对比页 + index/sitemap/llms/robots/IndexNow → /root/deepseek/work/crypto-site/public
📏 答案块词数抽查 (SKY): 158 词 (目标 134-167)
[main fcd469b2] refresh 2026-10-03-00:07
 107 files changed, 1356 insertions(+), 1346 deletions(-)
To https://github.com/lumingze-56/cryptodata-site.git
   6187f574..fcd469b2  main -> main
indexnow HTTP 200
[2026-10-03 00:07 UTC] refresh done
📡 拉取 Binance 24h 行情…
✅ 获取 50 个币种数据
✅ 生成 50 个币页 + 2 个对比页 + index/sitemap/llms/robots/IndexNow → /root/deepseek/work/crypto-site/public
📏 答案块词数抽查 (ARB): 158 词 (目标 134-167)
Auto packing the repository in background for optimum performance.
See "git help gc" for manual housekeeping.
[main 6b138c7b] refresh 2026-10-03-01:07
 107 files changed, 1364 insertions(+), 1352 deletions(-)
To https://github.com/lumingze-56/cryptodata-site.git
   fcd469b2..6b138c7b  main -> main
indexnow HTTP 200
[2026-10-03 01:07 UTC] refresh done
📡 拉取 Binance 24h 行情…
✅ 获取 50 个币种数据
✅ 生成 50 个币页 + 2 个对比页 + index/sitemap/llms/robots/IndexNow → /root/deepseek/work/crypto-site/public
📏 答案块词数抽查 (HYPE): 158 词 (目标 134-167)
[main 79be9ddc] refresh 2026-10-03-02:07
 107 files changed, 1366 insertions(+), 1354 deletions(-)
To https://github.com/lumingze-56/cryptodata-site.git
   6b138c7b..79be9ddc  main -> main
indexnow HTTP 200
[2026-10-03 02:07 UTC] refresh done
📡 拉取 Binance 24h 行情…
✅ 获取 50 个币种数据
✅ 生成 50 个币页 + 2 个对比页 + index/sitemap/llms/robots/IndexNow → /root/deepseek/work/crypto-site/public
📏 答案块词数抽查 (GTC): 156 词 (目标 134-167)
[main 1732d3e4] refresh 2026-10-03-03:07
 107 files changed, 1366 insertions(+), 1356 deletions(-)
To https://github.com/lumingze-56/cryptodata-site.git
   79be9ddc..1732d3e4  main -> main
indexnow HTTP 200
[2026-10-03 03:07 UTC] refresh done
📡 拉取 Binance 24h 行情…
✅ 获取 50 个币种数据
✅ 生成 50 个币页 + 2 个对比页 + index/sitemap/llms/robots/IndexNow → /root/deepseek/work/crypto-site/public
📏 答案块词数抽查 (MANA): 156 词 (目标 134-167)
[main 296083ab] refresh 2026-10-03-04:07
 107 files changed, 1450 insertions(+), 1336 deletions(-)
 create mode 100644 coin/axs.html
 create mode 100644 public/coin/axs.html
To https://github.com/lumingze-56/cryptodata-site.git
   1732d3e4..296083ab  main -> main
indexnow HTTP 200
[2026-10-03 04:07 UTC] refresh done
📡 拉取 Binance 24h 行情…
✅ 获取 50 个币种数据
✅ 生成 50 个币页 + 2 个对比页 + index/sitemap/llms/robots/IndexNow → /root/deepseek/work/crypto-site/public
📏 答案块词数抽查 (GTC): 156 词 (目标 134-167)
[main 1095f779] refresh 2026-10-03-05:07
 107 files changed, 1406 insertions(+), 1394 deletions(-)
To https://github.com/lumingze-56/cryptodata-site.git
   296083ab..1095f779  main -> main
indexnow HTTP 200
[2026-10-03 05:07 UTC] refresh done
📡 拉取 Binance 24h 行情…
✅ 获取 50 个币种数据
✅ 生成 50 个币页 + 2 个对比页 + index/sitemap/llms/robots/IndexNow → /root/deepseek/work/crypto-site/public
📏 答案块词数抽查 (QNT): 156 词 (目标 134-167)
[main 14b37cd8] refresh 2026-10-03-06:07
 107 files changed, 1388 insertions(+), 1378 deletions(-)
To https://github.com/lumingze-56/cryptodata-site.git
   1095f779..14b37cd8  main -> main
indexnow HTTP 200
[2026-10-03 06:07 UTC] refresh done
📡 拉取 Binance 24h 行情…
✅ 获取 50 个币种数据
✅ 生成 50 个币页 + 2 个对比页 + index/sitemap/llms/robots/IndexNow → /root/deepseek/work/crypto-site/public
📏 答案块词数抽查 (ENA): 156 词 (目标 134-167)
[main 05aa952f] refresh 2026-10-03-07:07
 107 files changed, 1448 insertions(+), 1334 deletions(-)
 create mode 100644 coin/ape.html
 create mode 100644 public/coin/ape.html
To https://github.com/lumingze-56/cryptodata-site.git
   14b37cd8..05aa952f  main -> main
indexnow HTTP 200
[2026-10-03 07:07 UTC] refresh done
📡 拉取 Binance 24h 行情…
✅ 获取 50 个币种数据
✅ 生成 50 个币页 + 2 个对比页 + index/sitemap/llms/robots/IndexNow → /root/deepseek/work/crypto-site/public
📏 答案块词数抽查 (TAO): 156 词 (目标 134-167)
[main b11c98c9] refresh 2026-10-03-08:07
 107 files changed, 1378 insertions(+), 1366 deletions(-)
To https://github.com/lumingze-56/cryptodata-site.git
   05aa952f..b11c98c9  main -> main
indexnow HTTP 200
[2026-10-03 08:07 UTC] refresh done
📡 拉取 Binance 24h 行情…
✅ 获取 50 个币种数据
✅ 生成 50 个币页 + 2 个对比页 + index/sitemap/llms/robots/IndexNow → /root/deepseek/work/crypto-site/public
📏 答案块词数抽查 (WLD): 156 词 (目标 134-167)
[main e28d0375] refresh 2026-10-03-09:07
 107 files changed, 1384 insertions(+), 1374 deletions(-)
To https://github.com/lumingze-56/cryptodata-site.git
   b11c98c9..e28d0375  main -> main
indexnow HTTP 200
[2026-10-03 09:07 UTC] refresh done
📡 拉取 Binance 24h 行情…
✅ 获取 50 个币种数据
✅ 生成 50 个币页 + 2 个对比页 + index/sitemap/llms/robots/IndexNow → /root/deepseek/work/crypto-site/public
📏 答案块词数抽查 (ENJ): 158 词 (目标 134-167)
[main 21928b9c] refresh 2026-10-03-10:07
 107 files changed, 1366 insertions(+), 1356 deletions(-)
To https://github.com/lumingze-56/cryptodata-site.git
   e28d0375..21928b9c  main -> main
indexnow HTTP 200
[2026-10-03 10:07 UTC] refresh done
📡 拉取 Binance 24h 行情…
✅ 获取 50 个币种数据
✅ 生成 50 个币页 + 2 个对比页 + index/sitemap/llms/robots/IndexNow → /root/deepseek/work/crypto-site/public
📏 答案块词数抽查 (NIGHT): 156 词 (目标 134-167)
[main bc2276b2] refresh 2026-10-03-11:07
 107 files changed, 1366 insertions(+), 1356 deletions(-)
To https://github.com/lumingze-56/cryptodata-site.git
   21928b9c..bc2276b2  main -> main
indexnow HTTP 200
[2026-10-03 11:07 UTC] refresh done
📡 拉取 Binance 24h 行情…
✅ 获取 50 个币种数据
✅ 生成 50 个币页 + 2 个对比页 + index/sitemap/llms/robots/IndexNow → /root/deepseek/work/crypto-site/public
📏 答案块词数抽查 (GALA): 158 词 (目标 134-167)
[main 0f933d55] refresh 2026-10-03-12:07
 107 files changed, 1372 insertions(+), 1362 deletions(-)
To https://github.com/lumingze-56/cryptodata-site.git
   bc2276b2..0f933d55  main -> main
indexnow HTTP 200
[2026-10-03 12:07 UTC] refresh done
📡 拉取 Binance 24h 行情…
✅ 获取 50 个币种数据
✅ 生成 50 个币页 + 2 个对比页 + index/sitemap/llms/robots/IndexNow → /root/deepseek/work/crypto-site/public
📏 答案块词数抽查 (HBAR): 156 词 (目标 134-167)
[main 6aec91a4] refresh 2026-10-03-13:07
 107 files changed, 1390 insertions(+), 1380 deletions(-)
To https://github.com/lumingze-56/cryptodata-site.git
   0f933d55..6aec91a4  main -> main
indexnow HTTP 200
[2026-10-03 13:07 UTC] refresh done
📡 拉取 Binance 24h 行情…
✅ 获取 50 个币种数据
✅ 生成 50 个币页 + 2 个对比页 + index/sitemap/llms/robots/IndexNow → /root/deepseek/work/crypto-site/public
📏 答案块词数抽查 (SNDKB): 158 词 (目标 134-167)
[main 905fc88e] refresh 2026-10-03-14:07
 107 files changed, 1428 insertions(+), 1418 deletions(-)
To https://github.com/lumingze-56/cryptodata-site.git
   6aec91a4..905fc88e  main -> main
indexnow HTTP 200
[2026-10-03 14:07 UTC] refresh done
📡 拉取 Binance 24h 行情…
✅ 获取 50 个币种数据
✅ 生成 50 个币页 + 2 个对比页 + index/sitemap/llms/robots/IndexNow → /root/deepseek/work/crypto-site/public
📏 答案块词数抽查 (MARSCOIN): 156 词 (目标 134-167)
[main 55f3ad68] refresh 2026-10-03-15:07
 107 files changed, 1488 insertions(+), 1374 deletions(-)
 create mode 100644 coin/super.html
 create mode 100644 public/coin/super.html
To https://github.com/lumingze-56/cryptodata-site.git
   905fc88e..55f3ad68  main -> main
indexnow HTTP 200
[2026-10-03 15:07 UTC] refresh done
📡 拉取 Binance 24h 行情…
✅ 获取 50 个币种数据
✅ 生成 50 个币页 + 2 个对比页 + index/sitemap/llms/robots/IndexNow → /root/deepseek/work/crypto-site/public
📏 答案块词数抽查 (DOGE): 158 词 (目标 134-167)
[main 66354e3f] refresh 2026-10-03-16:07
 107 files changed, 1398 insertions(+), 1386 deletions(-)
To https://github.com/lumingze-56/cryptodata-site.git
   55f3ad68..66354e3f  main -> main
indexnow HTTP 200
[2026-10-03 16:07 UTC] refresh done
📡 拉取 Binance 24h 行情…
✅ 获取 50 个币种数据
✅ 生成 50 个币页 + 2 个对比页 + index/sitemap/llms/robots/IndexNow → /root/deepseek/work/crypto-site/public
📏 答案块词数抽查 (ZRO): 156 词 (目标 134-167)
[main 8baa4c0b] refresh 2026-10-03-17:07
 107 files changed, 1430 insertions(+), 1420 deletions(-)
To https://github.com/lumingze-56/cryptodata-site.git
   66354e3f..8baa4c0b  main -> main
indexnow HTTP 200
[2026-10-03 17:07 UTC] refresh done
📡 拉取 Binance 24h 行情…
✅ 获取 50 个币种数据
✅ 生成 50 个币页 + 2 个对比页 + index/sitemap/llms/robots/IndexNow → /root/deepseek/work/crypto-site/public
📏 答案块词数抽查 (HBAR): 158 词 (目标 134-167)
[main 7ec94aef] refresh 2026-10-03-18:07
 107 files changed, 1410 insertions(+), 1400 deletions(-)
To https://github.com/lumingze-56/cryptodata-site.git
   8baa4c0b..7ec94aef  main -> main
indexnow HTTP 200
[2026-10-03 18:07 UTC] refresh done
📡 拉取 Binance 24h 行情…
✅ 获取 50 个币种数据
✅ 生成 50 个币页 + 2 个对比页 + index/sitemap/llms/robots/IndexNow → /root/deepseek/work/crypto-site/public
📏 答案块词数抽查 (牛来): 156 词 (目标 134-167)
[main d4e102e1] refresh 2026-10-03-19:07
 107 files changed, 1554 insertions(+), 1440 deletions(-)
 create mode 100644 coin/resolv.html
 create mode 100644 public/coin/resolv.html
To https://github.com/lumingze-56/cryptodata-site.git
   7ec94aef..d4e102e1  main -> main
indexnow HTTP 200
[2026-10-03 19:07 UTC] refresh done
📡 拉取 Binance 24h 行情…
✅ 获取 50 个币种数据
✅ 生成 50 个币页 + 2 个对比页 + index/sitemap/llms/robots/IndexNow → /root/deepseek/work/crypto-site/public
📏 答案块词数抽查 (INJ): 156 词 (目标 134-167)
[main cc2692df] refresh 2026-10-03-20:07
 107 files changed, 1428 insertions(+), 1416 deletions(-)
To https://github.com/lumingze-56/cryptodata-site.git
   d4e102e1..cc2692df  main -> main
indexnow HTTP 200
[2026-10-03 20:07 UTC] refresh done
📡 拉取 Binance 24h 行情…
✅ 获取 50 个币种数据
✅ 生成 50 个币页 + 2 个对比页 + index/sitemap/llms/robots/IndexNow → /root/deepseek/work/crypto-site/public
📏 答案块词数抽查 (HBAR): 158 词 (目标 134-167)
[main 3384efb1] refresh 2026-10-03-21:07
 107 files changed, 1394 insertions(+), 1384 deletions(-)
To https://github.com/lumingze-56/cryptodata-site.git
   cc2692df..3384efb1  main -> main
indexnow HTTP 200
[2026-10-03 21:07 UTC] refresh done
📡 拉取 Binance 24h 行情…
✅ 获取 50 个币种数据
✅ 生成 50 个币页 + 2 个对比页 + index/sitemap/llms/robots/IndexNow → /root/deepseek/work/crypto-site/public
📏 答案块词数抽查 (UNI): 158 词 (目标 134-167)
[main cc1b0138] refresh 2026-10-03-22:07
 107 files changed, 1504 insertions(+), 1390 deletions(-)
 create mode 100644 coin/at.html
 create mode 100644 public/coin/at.html
To https://github.com/lumingze-56/cryptodata-site.git
   3384efb1..cc1b0138  main -> main
indexnow HTTP 200
[2026-10-03 22:07 UTC] refresh done
📡 拉取 Binance 24h 行情…
✅ 获取 50 个币种数据
✅ 生成 50 个币页 + 2 个对比页 + index/sitemap/llms/robots/IndexNow → /root/deepseek/work/crypto-site/public
📏 答案块词数抽查 (ONE): 156 词 (目标 134-167)
[main 9590ad1a] refresh 2026-10-03-23:07
 107 files changed, 1412 insertions(+), 1400 deletions(-)
To https://github.com/lumingze-56/cryptodata-site.git
   cc1b0138..9590ad1a  main -> main
indexnow HTTP 200
[2026-10-03 23:07 UTC] refresh done
📡 拉取 Binance 24h 行情…
✅ 获取 50 个币种数据
✅ 生成 50 个币页 + 2 个对比页 + index/sitemap/llms/robots/IndexNow → /root/deepseek/work/crypto-site/public
📏 答案块词数抽查 (LTC): 158 词 (目标 134-167)
[main c1492597] refresh 2026-10-04-00:07
 107 files changed, 1408 insertions(+), 1398 deletions(-)
To https://github.com/lumingze-56/cryptodata-site.git
   9590ad1a..c1492597  main -> main
indexnow HTTP 200
[2026-10-04 00:07 UTC] refresh done
📡 拉取 Binance 24h 行情…
✅ 获取 50 个币种数据
✅ 生成 50 个币页 + 2 个对比页 + index/sitemap/llms/robots/IndexNow → /root/deepseek/work/crypto-site/public
📏 答案块词数抽查 (ETH): 158 词 (目标 134-167)
[main 7d38236e] refresh 2026-10-04-01:07
 107 files changed, 1398 insertions(+), 1388 deletions(-)
To https://github.com/lumingze-56/cryptodata-site.git
   c1492597..7d38236e  main -> main
indexnow HTTP 200
[2026-10-04 01:07 UTC] refresh done
📡 拉取 Binance 24h 行情…
✅ 获取 50 个币种数据
✅ 生成 50 个币页 + 2 个对比页 + index/sitemap/llms/robots/IndexNow → /root/deepseek/work/crypto-site/public
📏 答案块词数抽查 (ZEC): 158 词 (目标 134-167)
[main 51844766] refresh 2026-10-04-02:07
 107 files changed, 1374 insertions(+), 1364 deletions(-)
To https://github.com/lumingze-56/cryptodata-site.git
   7d38236e..51844766  main -> main
indexnow HTTP 200
[2026-10-04 02:07 UTC] refresh done
📡 拉取 Binance 24h 行情…
✅ 获取 50 个币种数据
✅ 生成 50 个币页 + 2 个对比页 + index/sitemap/llms/robots/IndexNow → /root/deepseek/work/crypto-site/public
📏 答案块词数抽查 (ONDO): 158 词 (目标 134-167)
[main 5899d7bb] refresh 2026-10-04-03:07
 107 files changed, 1354 insertions(+), 1344 deletions(-)
To https://github.com/lumingze-56/cryptodata-site.git
   51844766..5899d7bb  main -> main
indexnow HTTP 200
[2026-10-04 03:07 UTC] refresh done
📡 拉取 Binance 24h 行情…
✅ 获取 50 个币种数据
✅ 生成 50 个币页 + 2 个对比页 + index/sitemap/llms/robots/IndexNow → /root/deepseek/work/crypto-site/public
📏 答案块词数抽查 (ONE): 156 词 (目标 134-167)
[main e80e5109] refresh 2026-10-04-04:07
 107 files changed, 1334 insertions(+), 1324 deletions(-)
To https://github.com/lumingze-56/cryptodata-site.git
   5899d7bb..e80e5109  main -> main
indexnow HTTP 200
[2026-10-04 04:07 UTC] refresh done
📡 拉取 Binance 24h 行情…
✅ 获取 50 个币种数据
✅ 生成 50 个币页 + 2 个对比页 + index/sitemap/llms/robots/IndexNow → /root/deepseek/work/crypto-site/public
📏 答案块词数抽查 (LINK): 158 词 (目标 134-167)
[main c39bd921] refresh 2026-10-04-05:07
 107 files changed, 1384 insertions(+), 1374 deletions(-)
To https://github.com/lumingze-56/cryptodata-site.git
   e80e5109..c39bd921  main -> main
indexnow HTTP 200
[2026-10-04 05:07 UTC] refresh done
📡 拉取 Binance 24h 行情…
✅ 获取 50 个币种数据
✅ 生成 50 个币页 + 2 个对比页 + index/sitemap/llms/robots/IndexNow → /root/deepseek/work/crypto-site/public
📏 答案块词数抽查 (LINK): 158 词 (目标 134-167)
[main 3b33e1de] refresh 2026-10-04-06:07
 107 files changed, 1364 insertions(+), 1354 deletions(-)
To https://github.com/lumingze-56/cryptodata-site.git
   c39bd921..3b33e1de  main -> main
indexnow HTTP 200
[2026-10-04 06:07 UTC] refresh done
📡 拉取 Binance 24h 行情…
✅ 获取 50 个币种数据
✅ 生成 50 个币页 + 2 个对比页 + index/sitemap/llms/robots/IndexNow → /root/deepseek/work/crypto-site/public
📏 答案块词数抽查 (DOGE): 158 词 (目标 134-167)
[main 240d0630] refresh 2026-10-04-07:07
 107 files changed, 1364 insertions(+), 1354 deletions(-)
To https://github.com/lumingze-56/cryptodata-site.git
   3b33e1de..240d0630  main -> main
indexnow HTTP 200
[2026-10-04 07:07 UTC] refresh done
📡 拉取 Binance 24h 行情…
✅ 获取 50 个币种数据
✅ 生成 50 个币页 + 2 个对比页 + index/sitemap/llms/robots/IndexNow → /root/deepseek/work/crypto-site/public
📏 答案块词数抽查 (TAO): 156 词 (目标 134-167)
[main 5771fd67] refresh 2026-10-04-08:07
 107 files changed, 1402 insertions(+), 1392 deletions(-)
To https://github.com/lumingze-56/cryptodata-site.git
   240d0630..5771fd67  main -> main
indexnow HTTP 200
[2026-10-04 08:07 UTC] refresh done
📡 拉取 Binance 24h 行情…
✅ 获取 50 个币种数据
✅ 生成 50 个币页 + 2 个对比页 + index/sitemap/llms/robots/IndexNow → /root/deepseek/work/crypto-site/public
📏 答案块词数抽查 (BTC): 158 词 (目标 134-167)
[main f106ebea] refresh 2026-10-04-09:07
 107 files changed, 1574 insertions(+), 1356 deletions(-)
 create mode 100644 coin/beamx.html
 create mode 100644 coin/open.html
 create mode 100644 public/coin/beamx.html
 create mode 100644 public/coin/open.html
To https://github.com/lumingze-56/cryptodata-site.git
   5771fd67..f106ebea  main -> main
indexnow HTTP 200
[2026-10-04 09:07 UTC] refresh done
📡 拉取 Binance 24h 行情…
✅ 获取 50 个币种数据
✅ 生成 50 个币页 + 2 个对比页 + index/sitemap/llms/robots/IndexNow → /root/deepseek/work/crypto-site/public
📏 答案块词数抽查 (BNB): 158 词 (目标 134-167)
[main c73977b7] refresh 2026-10-04-10:07
 107 files changed, 1414 insertions(+), 1400 deletions(-)
To https://github.com/lumingze-56/cryptodata-site.git
   f106ebea..c73977b7  main -> main
indexnow HTTP 200
[2026-10-04 10:07 UTC] refresh done
📡 拉取 Binance 24h 行情…
✅ 获取 50 个币种数据
✅ 生成 50 个币页 + 2 个对比页 + index/sitemap/llms/robots/IndexNow → /root/deepseek/work/crypto-site/public
📏 答案块词数抽查 (HBAR): 158 词 (目标 134-167)
[main b5b7b846] refresh 2026-10-04-11:07
 107 files changed, 1388 insertions(+), 1378 deletions(-)
To https://github.com/lumingze-56/cryptodata-site.git
   c73977b7..b5b7b846  main -> main
indexnow HTTP 200
[2026-10-04 11:07 UTC] refresh done
📡 拉取 Binance 24h 行情…
✅ 获取 50 个币种数据
✅ 生成 50 个币页 + 2 个对比页 + index/sitemap/llms/robots/IndexNow → /root/deepseek/work/crypto-site/public
📏 答案块词数抽查 (AAVE): 158 词 (目标 134-167)
[main b69ebecc] refresh 2026-10-04-12:07
 107 files changed, 1364 insertions(+), 1354 deletions(-)
To https://github.com/lumingze-56/cryptodata-site.git
   b5b7b846..b69ebecc  main -> main
indexnow HTTP 200
[2026-10-04 12:07 UTC] refresh done
📡 拉取 Binance 24h 行情…
✅ 获取 50 个币种数据
✅ 生成 50 个币页 + 2 个对比页 + index/sitemap/llms/robots/IndexNow → /root/deepseek/work/crypto-site/public
📏 答案块词数抽查 (SOL): 158 词 (目标 134-167)
[main aaade722] refresh 2026-10-04-13:07
 107 files changed, 1376 insertions(+), 1366 deletions(-)
To https://github.com/lumingze-56/cryptodata-site.git
   b69ebecc..aaade722  main -> main
indexnow HTTP 200
[2026-10-04 13:07 UTC] refresh done
📡 拉取 Binance 24h 行情…
✅ 获取 50 个币种数据
✅ 生成 50 个币页 + 2 个对比页 + index/sitemap/llms/robots/IndexNow → /root/deepseek/work/crypto-site/public
📏 答案块词数抽查 (UNI): 158 词 (目标 134-167)
[main 533495b9] refresh 2026-10-04-14:07
 107 files changed, 1378 insertions(+), 1368 deletions(-)
To https://github.com/lumingze-56/cryptodata-site.git
   aaade722..533495b9  main -> main
indexnow HTTP 200
[2026-10-04 14:07 UTC] refresh done
📡 拉取 Binance 24h 行情…
✅ 获取 50 个币种数据
✅ 生成 50 个币页 + 2 个对比页 + index/sitemap/llms/robots/IndexNow → /root/deepseek/work/crypto-site/public
📏 答案块词数抽查 (BEAMX): 156 词 (目标 134-167)
[main 2dda7dbf] refresh 2026-10-04-15:07
 107 files changed, 1398 insertions(+), 1388 deletions(-)
To https://github.com/lumingze-56/cryptodata-site.git
   533495b9..2dda7dbf  main -> main
indexnow HTTP 200
[2026-10-04 15:07 UTC] refresh done
📡 拉取 Binance 24h 行情…
✅ 获取 50 个币种数据
✅ 生成 50 个币页 + 2 个对比页 + index/sitemap/llms/robots/IndexNow → /root/deepseek/work/crypto-site/public
📏 答案块词数抽查 (ZAMA): 158 词 (目标 134-167)
[main a9126a85] refresh 2026-10-04-16:07
 107 files changed, 1376 insertions(+), 1366 deletions(-)
To https://github.com/lumingze-56/cryptodata-site.git
   2dda7dbf..a9126a85  main -> main
indexnow HTTP 200
[2026-10-04 16:07 UTC] refresh done
📡 拉取 Binance 24h 行情…
✅ 获取 50 个币种数据
✅ 生成 50 个币页 + 2 个对比页 + index/sitemap/llms/robots/IndexNow → /root/deepseek/work/crypto-site/public
📏 答案块词数抽查 (GLMR): 156 词 (目标 134-167)
[main a956cc5b] refresh 2026-10-04-17:07
 107 files changed, 1396 insertions(+), 1386 deletions(-)
To https://github.com/lumingze-56/cryptodata-site.git
   a9126a85..a956cc5b  main -> main
indexnow HTTP 200
[2026-10-04 17:07 UTC] refresh done
📡 拉取 Binance 24h 行情…
✅ 获取 50 个币种数据
✅ 生成 50 个币页 + 2 个对比页 + index/sitemap/llms/robots/IndexNow → /root/deepseek/work/crypto-site/public
📏 答案块词数抽查 (MUBARAK): 156 词 (目标 134-167)
[main 5b4c7faa] refresh 2026-10-04-18:07
 107 files changed, 1388 insertions(+), 1378 deletions(-)
To https://github.com/lumingze-56/cryptodata-site.git
   a956cc5b..5b4c7faa  main -> main
indexnow HTTP 200
[2026-10-04 18:07 UTC] refresh done
📡 拉取 Binance 24h 行情…
✅ 获取 50 个币种数据
✅ 生成 50 个币页 + 2 个对比页 + index/sitemap/llms/robots/IndexNow → /root/deepseek/work/crypto-site/public
📏 答案块词数抽查 (ZAMA): 158 词 (目标 134-167)
[main bb4e2d9c] refresh 2026-10-04-19:07
 107 files changed, 1372 insertions(+), 1362 deletions(-)
To https://github.com/lumingze-56/cryptodata-site.git
   5b4c7faa..bb4e2d9c  main -> main
indexnow HTTP 200
[2026-10-04 19:07 UTC] refresh done
📡 拉取 Binance 24h 行情…
✅ 获取 50 个币种数据
✅ 生成 50 个币页 + 2 个对比页 + index/sitemap/llms/robots/IndexNow → /root/deepseek/work/crypto-site/public
📏 答案块词数抽查 (ACE): 158 词 (目标 134-167)
[main 479f6e92] refresh 2026-10-04-20:07
 107 files changed, 1390 insertions(+), 1380 deletions(-)
To https://github.com/lumingze-56/cryptodata-site.git
   bb4e2d9c..479f6e92  main -> main
indexnow HTTP 200
[2026-10-04 20:07 UTC] refresh done
📡 拉取 Binance 24h 行情…
✅ 获取 50 个币种数据
✅ 生成 50 个币页 + 2 个对比页 + index/sitemap/llms/robots/IndexNow → /root/deepseek/work/crypto-site/public
📏 答案块词数抽查 (BEAMX): 156 词 (目标 134-167)
[main 955d30b5] refresh 2026-10-04-21:07
 107 files changed, 1360 insertions(+), 1350 deletions(-)
To https://github.com/lumingze-56/cryptodata-site.git
   479f6e92..955d30b5  main -> main
indexnow HTTP 200
[2026-10-04 21:07 UTC] refresh done
📡 拉取 Binance 24h 行情…
✅ 获取 50 个币种数据
✅ 生成 50 个币页 + 2 个对比页 + index/sitemap/llms/robots/IndexNow → /root/deepseek/work/crypto-site/public
📏 答案块词数抽查 (BCH): 160 词 (目标 134-167)
[main 9a2fe90d] refresh 2026-10-04-22:07
 107 files changed, 1380 insertions(+), 1370 deletions(-)
To https://github.com/lumingze-56/cryptodata-site.git
   955d30b5..9a2fe90d  main -> main
indexnow HTTP 200
[2026-10-04 22:07 UTC] refresh done
📡 拉取 Binance 24h 行情…
✅ 获取 50 个币种数据
✅ 生成 50 个币页 + 2 个对比页 + index/sitemap/llms/robots/IndexNow → /root/deepseek/work/crypto-site/public
📏 答案块词数抽查 (TAO): 158 词 (目标 134-167)
[main 949c6dc3] refresh 2026-10-04-23:07
 107 files changed, 1388 insertions(+), 1378 deletions(-)
To https://github.com/lumingze-56/cryptodata-site.git
   9a2fe90d..949c6dc3  main -> main
indexnow HTTP 200
[2026-10-04 23:07 UTC] refresh done
📡 拉取 Binance 24h 行情…
✅ 获取 50 个币种数据
✅ 生成 50 个币页 + 2 个对比页 + index/sitemap/llms/robots/IndexNow → /root/deepseek/work/crypto-site/public
📏 答案块词数抽查 (PUMP): 156 词 (目标 134-167)
[main d8560931] refresh 2026-10-05-00:07
 107 files changed, 1378 insertions(+), 1368 deletions(-)
To https://github.com/lumingze-56/cryptodata-site.git
   949c6dc3..d8560931  main -> main
indexnow HTTP 200
[2026-10-05 00:07 UTC] refresh done
📡 拉取 Binance 24h 行情…
✅ 获取 50 个币种数据
✅ 生成 50 个币页 + 2 个对比页 + index/sitemap/llms/robots/IndexNow → /root/deepseek/work/crypto-site/public
📏 答案块词数抽查 (ADA): 156 词 (目标 134-167)
[main a81b4fdd] refresh 2026-10-05-01:07
 107 files changed, 1382 insertions(+), 1372 deletions(-)
To https://github.com/lumingze-56/cryptodata-site.git
   d8560931..a81b4fdd  main -> main
indexnow HTTP 200
[2026-10-05 01:07 UTC] refresh done
📡 拉取 Binance 24h 行情…
✅ 获取 50 个币种数据
✅ 生成 50 个币页 + 2 个对比页 + index/sitemap/llms/robots/IndexNow → /root/deepseek/work/crypto-site/public
📏 答案块词数抽查 (ZRO): 156 词 (目标 134-167)
[main d021439d] refresh 2026-10-05-02:07
 107 files changed, 1374 insertions(+), 1364 deletions(-)
To https://github.com/lumingze-56/cryptodata-site.git
   a81b4fdd..d021439d  main -> main
indexnow HTTP 200
[2026-10-05 02:07 UTC] refresh done
📡 拉取 Binance 24h 行情…
✅ 获取 50 个币种数据
✅ 生成 50 个币页 + 2 个对比页 + index/sitemap/llms/robots/IndexNow → /root/deepseek/work/crypto-site/public
📏 答案块词数抽查 (SOL): 158 词 (目标 134-167)
[main 719f9358] refresh 2026-10-05-03:07
 107 files changed, 1396 insertions(+), 1386 deletions(-)
To https://github.com/lumingze-56/cryptodata-site.git
   d021439d..719f9358  main -> main
indexnow HTTP 200
[2026-10-05 03:07 UTC] refresh done
📡 拉取 Binance 24h 行情…
✅ 获取 50 个币种数据
✅ 生成 50 个币页 + 2 个对比页 + index/sitemap/llms/robots/IndexNow → /root/deepseek/work/crypto-site/public
📏 答案块词数抽查 (LTC): 158 词 (目标 134-167)
[main c421b835] refresh 2026-10-05-04:07
 107 files changed, 1408 insertions(+), 1398 deletions(-)
To https://github.com/lumingze-56/cryptodata-site.git
   719f9358..c421b835  main -> main
indexnow HTTP 200
[2026-10-05 04:07 UTC] refresh done
📡 拉取 Binance 24h 行情…
✅ 获取 50 个币种数据
✅ 生成 50 个币页 + 2 个对比页 + index/sitemap/llms/robots/IndexNow → /root/deepseek/work/crypto-site/public
📏 答案块词数抽查 (ZRO): 156 词 (目标 134-167)
[main 87a26045] refresh 2026-10-05-05:07
 107 files changed, 1398 insertions(+), 1388 deletions(-)
To https://github.com/lumingze-56/cryptodata-site.git
   c421b835..87a26045  main -> main
indexnow HTTP 200
[2026-10-05 05:07 UTC] refresh done
📡 拉取 Binance 24h 行情…
✅ 获取 50 个币种数据
✅ 生成 50 个币页 + 2 个对比页 + index/sitemap/llms/robots/IndexNow → /root/deepseek/work/crypto-site/public
📏 答案块词数抽查 (NOM): 156 词 (目标 134-167)
[main 5687b9a5] refresh 2026-10-05-06:07
 107 files changed, 1390 insertions(+), 1380 deletions(-)
To https://github.com/lumingze-56/cryptodata-site.git
   87a26045..5687b9a5  main -> main
indexnow HTTP 200
[2026-10-05 06:07 UTC] refresh done
📡 拉取 Binance 24h 行情…
✅ 获取 50 个币种数据
✅ 生成 50 个币页 + 2 个对比页 + index/sitemap/llms/robots/IndexNow → /root/deepseek/work/crypto-site/public
📏 答案块词数抽查 (UNI): 158 词 (目标 134-167)
[main cc6f9441] refresh 2026-10-05-07:07
 107 files changed, 1384 insertions(+), 1374 deletions(-)
To https://github.com/lumingze-56/cryptodata-site.git
   5687b9a5..cc6f9441  main -> main
indexnow HTTP 200
[2026-10-05 07:07 UTC] refresh done
📡 拉取 Binance 24h 行情…
✅ 获取 50 个币种数据
✅ 生成 50 个币页 + 2 个对比页 + index/sitemap/llms/robots/IndexNow → /root/deepseek/work/crypto-site/public
📏 答案块词数抽查 (ZRO): 156 词 (目标 134-167)
[main 78e7a0b5] refresh 2026-10-05-08:07
 107 files changed, 1404 insertions(+), 1394 deletions(-)
To https://github.com/lumingze-56/cryptodata-site.git
   cc6f9441..78e7a0b5  main -> main
indexnow HTTP 200
[2026-10-05 08:07 UTC] refresh done
📡 拉取 Binance 24h 行情…
✅ 获取 50 个币种数据
✅ 生成 50 个币页 + 2 个对比页 + index/sitemap/llms/robots/IndexNow → /root/deepseek/work/crypto-site/public
📏 答案块词数抽查 (TRUMP): 158 词 (目标 134-167)
[main e70b5edb] refresh 2026-10-05-09:07
 107 files changed, 1392 insertions(+), 1382 deletions(-)
To https://github.com/lumingze-56/cryptodata-site.git
   78e7a0b5..e70b5edb  main -> main
indexnow HTTP 200
[2026-10-05 09:07 UTC] refresh done
📡 拉取 Binance 24h 行情…
✅ 获取 50 个币种数据
✅ 生成 50 个币页 + 2 个对比页 + index/sitemap/llms/robots/IndexNow → /root/deepseek/work/crypto-site/public
📏 答案块词数抽查 (TON): 158 词 (目标 134-167)
[main 788128ce] refresh 2026-10-05-10:07
 107 files changed, 1370 insertions(+), 1360 deletions(-)
To https://github.com/lumingze-56/cryptodata-site.git
   e70b5edb..788128ce  main -> main
indexnow HTTP 200
[2026-10-05 10:07 UTC] refresh done
📡 拉取 Binance 24h 行情…
✅ 获取 50 个币种数据
✅ 生成 50 个币页 + 2 个对比页 + index/sitemap/llms/robots/IndexNow → /root/deepseek/work/crypto-site/public
📏 答案块词数抽查 (ZRO): 158 词 (目标 134-167)
[main c06cf94b] refresh 2026-10-05-11:07
 107 files changed, 1370 insertions(+), 1360 deletions(-)
To https://github.com/lumingze-56/cryptodata-site.git
   788128ce..c06cf94b  main -> main
indexnow HTTP 200
[2026-10-05 11:07 UTC] refresh done
📡 拉取 Binance 24h 行情…
✅ 获取 50 个币种数据
✅ 生成 50 个币页 + 2 个对比页 + index/sitemap/llms/robots/IndexNow → /root/deepseek/work/crypto-site/public
📏 答案块词数抽查 (SCR): 156 词 (目标 134-167)
[main 858e91fa] refresh 2026-10-05-12:07
 107 files changed, 1348 insertions(+), 1338 deletions(-)
To https://github.com/lumingze-56/cryptodata-site.git
   c06cf94b..858e91fa  main -> main
indexnow HTTP 200
[2026-10-05 12:07 UTC] refresh done
📡 拉取 Binance 24h 行情…
✅ 获取 50 个币种数据
✅ 生成 50 个币页 + 2 个对比页 + index/sitemap/llms/robots/IndexNow → /root/deepseek/work/crypto-site/public
📏 答案块词数抽查 (ICP): 160 词 (目标 134-167)
[main e0374af8] refresh 2026-10-05-13:07
 107 files changed, 1466 insertions(+), 1352 deletions(-)
 create mode 100644 coin/rlc.html
 create mode 100644 public/coin/rlc.html
To https://github.com/lumingze-56/cryptodata-site.git
   858e91fa..e0374af8  main -> main
indexnow HTTP 200
[2026-10-05 13:07 UTC] refresh done
📡 拉取 Binance 24h 行情…
✅ 获取 50 个币种数据
✅ 生成 50 个币页 + 2 个对比页 + index/sitemap/llms/robots/IndexNow → /root/deepseek/work/crypto-site/public
📏 答案块词数抽查 (DOT): 158 词 (目标 134-167)
[main 1f15523e] refresh 2026-10-05-14:07
 107 files changed, 1396 insertions(+), 1384 deletions(-)
To https://github.com/lumingze-56/cryptodata-site.git
   e0374af8..1f15523e  main -> main
indexnow HTTP 200
[2026-10-05 14:07 UTC] refresh done
📡 拉取 Binance 24h 行情…
✅ 获取 50 个币种数据
✅ 生成 50 个币页 + 2 个对比页 + index/sitemap/llms/robots/IndexNow → /root/deepseek/work/crypto-site/public
📏 答案块词数抽查 (BEAMX): 156 词 (目标 134-167)
[main b184e980] refresh 2026-10-05-15:07
 107 files changed, 1430 insertions(+), 1420 deletions(-)
To https://github.com/lumingze-56/cryptodata-site.git
   1f15523e..b184e980  main -> main
indexnow HTTP 200
[2026-10-05 15:07 UTC] refresh done
📡 拉取 Binance 24h 行情…
✅ 获取 50 个币种数据
✅ 生成 50 个币页 + 2 个对比页 + index/sitemap/llms/robots/IndexNow → /root/deepseek/work/crypto-site/public
📏 答案块词数抽查 (HYPE): 156 词 (目标 134-167)
[main 0d454024] refresh 2026-10-05-16:07
 107 files changed, 1404 insertions(+), 1394 deletions(-)
To https://github.com/lumingze-56/cryptodata-site.git
   b184e980..0d454024  main -> main
indexnow HTTP 200
[2026-10-05 16:07 UTC] refresh done
📡 拉取 Binance 24h 行情…
✅ 获取 50 个币种数据
✅ 生成 50 个币页 + 2 个对比页 + index/sitemap/llms/robots/IndexNow → /root/deepseek/work/crypto-site/public
📏 答案块词数抽查 (ENA): 156 词 (目标 134-167)
[main 18c96fe8] refresh 2026-10-05-17:07
 107 files changed, 1412 insertions(+), 1402 deletions(-)
To https://github.com/lumingze-56/cryptodata-site.git
   0d454024..18c96fe8  main -> main
indexnow HTTP 200
[2026-10-05 17:07 UTC] refresh done
📡 拉取 Binance 24h 行情…
✅ 获取 50 个币种数据
✅ 生成 50 个币页 + 2 个对比页 + index/sitemap/llms/robots/IndexNow → /root/deepseek/work/crypto-site/public
📏 答案块词数抽查 (ARB): 158 词 (目标 134-167)
[main 4706a972] refresh 2026-10-05-18:07
 107 files changed, 1404 insertions(+), 1394 deletions(-)
To https://github.com/lumingze-56/cryptodata-site.git
   18c96fe8..4706a972  main -> main
indexnow HTTP 200
[2026-10-05 18:07 UTC] refresh done
📡 拉取 Binance 24h 行情…
✅ 获取 50 个币种数据
✅ 生成 50 个币页 + 2 个对比页 + index/sitemap/llms/robots/IndexNow → /root/deepseek/work/crypto-site/public
📏 答案块词数抽查 (MSTRB): 158 词 (目标 134-167)
[main e74b2481] refresh 2026-10-05-19:07
 107 files changed, 1374 insertions(+), 1364 deletions(-)
To https://github.com/lumingze-56/cryptodata-site.git
   4706a972..e74b2481  main -> main
indexnow HTTP 200
[2026-10-05 19:07 UTC] refresh done
📡 拉取 Binance 24h 行情…
✅ 获取 50 个币种数据
✅ 生成 50 个币页 + 2 个对比页 + index/sitemap/llms/robots/IndexNow → /root/deepseek/work/crypto-site/public
📏 答案块词数抽查 (PENGU): 156 词 (目标 134-167)
[main bf71ccaf] refresh 2026-10-05-20:07
 107 files changed, 1378 insertions(+), 1368 deletions(-)
To https://github.com/lumingze-56/cryptodata-site.git
   e74b2481..bf71ccaf  main -> main
indexnow HTTP 200
[2026-10-05 20:07 UTC] refresh done
📡 拉取 Binance 24h 行情…
✅ 获取 50 个币种数据
✅ 生成 50 个币页 + 2 个对比页 + index/sitemap/llms/robots/IndexNow → /root/deepseek/work/crypto-site/public
📏 答案块词数抽查 (TRX): 158 词 (目标 134-167)
[main b7b6ca67] refresh 2026-10-05-21:07
 107 files changed, 1370 insertions(+), 1360 deletions(-)
To https://github.com/lumingze-56/cryptodata-site.git
   bf71ccaf..b7b6ca67  main -> main
indexnow HTTP 200
[2026-10-05 21:07 UTC] refresh done
📡 拉取 Binance 24h 行情…
✅ 获取 50 个币种数据
✅ 生成 50 个币页 + 2 个对比页 + index/sitemap/llms/robots/IndexNow → /root/deepseek/work/crypto-site/public
📏 答案块词数抽查 (QNT): 158 词 (目标 134-167)
[main 5930a57d] refresh 2026-10-05-22:08
 107 files changed, 1374 insertions(+), 1364 deletions(-)
To https://github.com/lumingze-56/cryptodata-site.git
   b7b6ca67..5930a57d  main -> main
indexnow HTTP 200
[2026-10-05 22:08 UTC] refresh done
📡 拉取 Binance 24h 行情…
✅ 获取 50 个币种数据
✅ 生成 50 个币页 + 2 个对比页 + index/sitemap/llms/robots/IndexNow → /root/deepseek/work/crypto-site/public
📏 答案块词数抽查 (HBAR): 158 词 (目标 134-167)
[main be25584b] refresh 2026-10-05-23:07
 107 files changed, 1372 insertions(+), 1362 deletions(-)
To https://github.com/lumingze-56/cryptodata-site.git
   5930a57d..be25584b  main -> main
indexnow HTTP 200
[2026-10-05 23:07 UTC] refresh done
📡 拉取 Binance 24h 行情…
✅ 获取 50 个币种数据
✅ 生成 50 个币页 + 2 个对比页 + index/sitemap/llms/robots/IndexNow → /root/deepseek/work/crypto-site/public
📏 答案块词数抽查 (WLD): 158 词 (目标 134-167)
[main 8d2b9837] refresh 2026-10-06-00:07
 107 files changed, 1386 insertions(+), 1376 deletions(-)
To https://github.com/lumingze-56/cryptodata-site.git
   be25584b..8d2b9837  main -> main
indexnow HTTP 200
[2026-10-06 00:07 UTC] refresh done
📡 拉取 Binance 24h 行情…
✅ 获取 50 个币种数据
✅ 生成 50 个币页 + 2 个对比页 + index/sitemap/llms/robots/IndexNow → /root/deepseek/work/crypto-site/public
📏 答案块词数抽查 (UNI): 158 词 (目标 134-167)
[main 136cc52f] refresh 2026-10-06-01:07
 107 files changed, 1382 insertions(+), 1372 deletions(-)
To https://github.com/lumingze-56/cryptodata-site.git
   8d2b9837..136cc52f  main -> main
indexnow HTTP 200
[2026-10-06 01:07 UTC] refresh done
📡 拉取 Binance 24h 行情…
✅ 获取 50 个币种数据
✅ 生成 50 个币页 + 2 个对比页 + index/sitemap/llms/robots/IndexNow → /root/deepseek/work/crypto-site/public
📏 答案块词数抽查 (FIL): 156 词 (目标 134-167)
[main 313692bc] refresh 2026-10-06-02:07
 107 files changed, 1460 insertions(+), 1346 deletions(-)
 create mode 100644 coin/rad.html
 create mode 100644 public/coin/rad.html
To https://github.com/lumingze-56/cryptodata-site.git
   136cc52f..313692bc  main -> main
indexnow HTTP 200
[2026-10-06 02:07 UTC] refresh done
📡 拉取 Binance 24h 行情…
✅ 获取 50 个币种数据
✅ 生成 50 个币页 + 2 个对比页 + index/sitemap/llms/robots/IndexNow → /root/deepseek/work/crypto-site/public
📏 答案块词数抽查 (MOVR): 156 词 (目标 134-167)
[main 99587b36] refresh 2026-10-06-03:07
 107 files changed, 1388 insertions(+), 1376 deletions(-)
To https://github.com/lumingze-56/cryptodata-site.git
   313692bc..99587b36  main -> main
indexnow HTTP 200
[2026-10-06 03:07 UTC] refresh done
📡 拉取 Binance 24h 行情…
✅ 获取 50 个币种数据
✅ 生成 50 个币页 + 2 个对比页 + index/sitemap/llms/robots/IndexNow → /root/deepseek/work/crypto-site/public
📏 答案块词数抽查 (LTC): 158 词 (目标 134-167)
[main d9111776] refresh 2026-10-06-04:07
 107 files changed, 1382 insertions(+), 1372 deletions(-)
To https://github.com/lumingze-56/cryptodata-site.git
   99587b36..d9111776  main -> main
indexnow HTTP 200
[2026-10-06 04:07 UTC] refresh done
📡 拉取 Binance 24h 行情…
✅ 获取 50 个币种数据
✅ 生成 50 个币页 + 2 个对比页 + index/sitemap/llms/robots/IndexNow → /root/deepseek/work/crypto-site/public
📏 答案块词数抽查 (ICP): 158 词 (目标 134-167)
[main b7818884] refresh 2026-10-06-05:07
 107 files changed, 1374 insertions(+), 1364 deletions(-)
To https://github.com/lumingze-56/cryptodata-site.git
   d9111776..b7818884  main -> main
indexnow HTTP 200
[2026-10-06 05:07 UTC] refresh done
📡 拉取 Binance 24h 行情…
✅ 获取 50 个币种数据
✅ 生成 50 个币页 + 2 个对比页 + index/sitemap/llms/robots/IndexNow → /root/deepseek/work/crypto-site/public
📏 答案块词数抽查 (BTC): 158 词 (目标 134-167)
[main 756e38ef] refresh 2026-10-06-06:07
 107 files changed, 1394 insertions(+), 1384 deletions(-)
To https://github.com/lumingze-56/cryptodata-site.git
   b7818884..756e38ef  main -> main
indexnow HTTP 200
[2026-10-06 06:07 UTC] refresh done
📡 拉取 Binance 24h 行情…
✅ 获取 50 个币种数据
✅ 生成 50 个币页 + 2 个对比页 + index/sitemap/llms/robots/IndexNow → /root/deepseek/work/crypto-site/public
📏 答案块词数抽查 (PUMP): 158 词 (目标 134-167)
[main 791048a6] refresh 2026-10-06-07:07
 107 files changed, 1414 insertions(+), 1404 deletions(-)
To https://github.com/lumingze-56/cryptodata-site.git
   756e38ef..791048a6  main -> main
indexnow HTTP 200
[2026-10-06 07:07 UTC] refresh done
📡 拉取 Binance 24h 行情…
✅ 获取 50 个币种数据
✅ 生成 50 个币页 + 2 个对比页 + index/sitemap/llms/robots/IndexNow → /root/deepseek/work/crypto-site/public
📏 答案块词数抽查 (BTC): 158 词 (目标 134-167)
[main a9807d75] refresh 2026-10-06-08:07
 107 files changed, 1398 insertions(+), 1388 deletions(-)
To https://github.com/lumingze-56/cryptodata-site.git
   791048a6..a9807d75  main -> main
indexnow HTTP 200
[2026-10-06 08:07 UTC] refresh done
📡 拉取 Binance 24h 行情…
✅ 获取 50 个币种数据
✅ 生成 50 个币页 + 2 个对比页 + index/sitemap/llms/robots/IndexNow → /root/deepseek/work/crypto-site/public
📏 答案块词数抽查 (DASH): 156 词 (目标 134-167)
[main 6b5c4e06] refresh 2026-10-06-09:07
 107 files changed, 1408 insertions(+), 1398 deletions(-)
To https://github.com/lumingze-56/cryptodata-site.git
   a9807d75..6b5c4e06  main -> main
indexnow HTTP 200
[2026-10-06 09:07 UTC] refresh done
📡 拉取 Binance 24h 行情…
✅ 获取 50 个币种数据
✅ 生成 50 个币页 + 2 个对比页 + index/sitemap/llms/robots/IndexNow → /root/deepseek/work/crypto-site/public
📏 答案块词数抽查 (NEAR): 158 词 (目标 134-167)
[main 29b22fca] refresh 2026-10-06-10:07
 107 files changed, 1392 insertions(+), 1382 deletions(-)
To https://github.com/lumingze-56/cryptodata-site.git
   6b5c4e06..29b22fca  main -> main
indexnow HTTP 200
[2026-10-06 10:07 UTC] refresh done
📡 拉取 Binance 24h 行情…
✅ 获取 50 个币种数据
✅ 生成 50 个币页 + 2 个对比页 + index/sitemap/llms/robots/IndexNow → /root/deepseek/work/crypto-site/public
📏 答案块词数抽查 (AAVE): 158 词 (目标 134-167)
[main 01ca345b] refresh 2026-10-06-11:07
 107 files changed, 1470 insertions(+), 1356 deletions(-)
 create mode 100644 coin/ogn.html
 create mode 100644 public/coin/ogn.html
To https://github.com/lumingze-56/cryptodata-site.git
   29b22fca..01ca345b  main -> main
indexnow HTTP 200
[2026-10-06 11:07 UTC] refresh done
📡 拉取 Binance 24h 行情…
✅ 获取 50 个币种数据
✅ 生成 50 个币页 + 2 个对比页 + index/sitemap/llms/robots/IndexNow → /root/deepseek/work/crypto-site/public
📏 答案块词数抽查 (SPCXB): 156 词 (目标 134-167)
[main 1aff8cd7] refresh 2026-10-06-12:07
 107 files changed, 1416 insertions(+), 1404 deletions(-)
To https://github.com/lumingze-56/cryptodata-site.git
   01ca345b..1aff8cd7  main -> main
indexnow HTTP 200
[2026-10-06 12:07 UTC] refresh done
📡 拉取 Binance 24h 行情…
✅ 获取 50 个币种数据
✅ 生成 50 个币页 + 2 个对比页 + index/sitemap/llms/robots/IndexNow → /root/deepseek/work/crypto-site/public
📏 答案块词数抽查 (FET): 156 词 (目标 134-167)
[main bdab40ed] refresh 2026-10-06-13:07
 107 files changed, 1386 insertions(+), 1376 deletions(-)
To https://github.com/lumingze-56/cryptodata-site.git
   1aff8cd7..bdab40ed  main -> main
indexnow HTTP 200
[2026-10-06 13:07 UTC] refresh done
📡 拉取 Binance 24h 行情…
✅ 获取 50 个币种数据
✅ 生成 50 个币页 + 2 个对比页 + index/sitemap/llms/robots/IndexNow → /root/deepseek/work/crypto-site/public
📏 答案块词数抽查 (WLD): 158 词 (目标 134-167)
[main 5cf68900] refresh 2026-10-06-14:07
 107 files changed, 1380 insertions(+), 1370 deletions(-)
To https://github.com/lumingze-56/cryptodata-site.git
   bdab40ed..5cf68900  main -> main
indexnow HTTP 200
[2026-10-06 14:07 UTC] refresh done
📡 拉取 Binance 24h 行情…
✅ 获取 50 个币种数据
✅ 生成 50 个币页 + 2 个对比页 + index/sitemap/llms/robots/IndexNow → /root/deepseek/work/crypto-site/public
📏 答案块词数抽查 (HYPE): 158 词 (目标 134-167)
[main 1cd11740] refresh 2026-10-06-15:07
 107 files changed, 1430 insertions(+), 1420 deletions(-)
To https://github.com/lumingze-56/cryptodata-site.git
   5cf68900..1cd11740  main -> main
indexnow HTTP 200
[2026-10-06 15:07 UTC] refresh done
📡 拉取 Binance 24h 行情…
✅ 获取 50 个币种数据
✅ 生成 50 个币页 + 2 个对比页 + index/sitemap/llms/robots/IndexNow → /root/deepseek/work/crypto-site/public
📏 答案块词数抽查 (XRP): 158 词 (目标 134-167)
[main 58c6131c] refresh 2026-10-06-16:07
 107 files changed, 1412 insertions(+), 1402 deletions(-)
To https://github.com/lumingze-56/cryptodata-site.git
   1cd11740..58c6131c  main -> main
indexnow HTTP 200
[2026-10-06 16:07 UTC] refresh done
📡 拉取 Binance 24h 行情…
✅ 获取 50 个币种数据
✅ 生成 50 个币页 + 2 个对比页 + index/sitemap/llms/robots/IndexNow → /root/deepseek/work/crypto-site/public
📏 答案块词数抽查 (RAY): 156 词 (目标 134-167)
